customer_id,firstname,lastname,email,phone_number
1,Olivia,Smith,customer1@example.com,896233790
2,Lucas,Thomas,customer2@example.com,339670711
3,Ava,Davis,customer3@example.com,826600539
4,Nina,Brown,customer4@example.com,734036506
5,Anna,Johnson,customer5@example.com,131994523
6,Noah,Anderson,customer6@example.com,349817734
7,Daniel,Adams,customer7@example.com,128492780
8,Nina,Anderson,customer8@example.com,868820204
9,Nina,Lee,customer9@example.com,336696312
10,James,Scott,customer10@example.com,398704996
11,Emma,Taylor,customer11@example.com,849621470
12,Anna,Miller,customer12@example.com,398362082
13,Ava,Anderson,customer13@example.com,919795579
14,John,Davis,customer14@example.com,199585092
15,David,Davis,customer15@example.com,485451171
16,Sarah,Adams,customer16@example.com,384027113
17,Liam,Walker,customer17@example.com,675770529
18,Olivia,Lopez,customer18@example.com,184611066
19,Nina,Garcia,customer19@example.com,990566476
20,Amelia,Clark,customer20@example.com,719927151
21,Mason,Brown,customer21@example.com,149203558
22,Isabella,Garcia,customer22@example.com,185675980
23,Isabella,Davis,customer23@example.com,508157429
24,Lucas,Walker,customer24@example.com,782560971
25,Sarah,Taylor,customer25@example.com,497478786
26,Sarah,Anderson,customer26@example.com,819595113
27,Lucas,Brown,customer27@example.com,754049436
28,Sophia,King,customer28@example.com,882893941
29,Isabella,Taylor,customer29@example.com,596348124
30,David,Martin,customer30@example.com,787194506
31,Nina,Thomas,customer31@example.com,835098955
32,John,Johnson,customer32@example.com,345938494
33,Liam,Miller,customer33@example.com,530747414
34,Lucas,Brown,customer34@example.com,326541099
35,Oscar,Miller,customer35@example.com,328306011
36,Laura,Lopez,customer36@example.com,790256940
37,James,Wilson,customer37@example.com,384412919
38,Ava,Thomas,customer38@example.com,899925830
39,Nina,King,customer39@example.com,382116655
40,Oscar,Lee,customer40@example.com,726563708
41,David,Clark,customer41@example.com,335493870
42,Ava,Young,customer42@example.com,629908599
43,Noah,Johnson,customer43@example.com,217734861
44,Ava,Taylor,customer44@example.com,950488739
45,Anna,Adams,customer45@example.com,168212356
46,David,Lopez,customer46@example.com,739830322
47,James,Young,customer47@example.com,369953851
48,Nina,Smith,customer48@example.com,830448745
49,Olivia,King,customer49@example.com,906248900
50,Lucas,Miller,customer50@example.com,219778234
51,Mia,Lee,customer51@example.com,269820594
52,James,Smith,customer52@example.com,875340444
53,Lucas,Young,customer53@example.com,918150683
54,Sophia,Young,customer54@example.com,214257751
55,Mia,Young,customer55@example.com,753876785
56,Mason,Wilson,customer56@example.com,501486939
57,Sophia,King,customer57@example.com,936043811
58,Daniel,Smith,customer58@example.com,743111853
59,John,Hall,customer59@example.com,120912992
60,Olivia,Clark,customer60@example.com,992994062
61,Mia,Thomas,customer61@example.com,162196678
62,Isabella,Scott,customer62@example.com,184564737
63,Noah,Hall,customer63@example.com,976198296
64,Noah,King,customer64@example.com,922308461
65,Ava,Wilson,customer65@example.com,808402051
66,Laura,King,customer66@example.com,277303722
67,Lucas,Young,customer67@example.com,751325257
68,Anna,Anderson,customer68@example.com,679064766
69,Mason,Garcia,customer69@example.com,528414718
70,Sarah,Walker,customer70@example.com,655742829
71,James,Davis,customer71@example.com,366186631
72,Isabella,Brown,customer72@example.com,463016614
73,Emma,Scott,customer73@example.com,694768704
74,Isabella,Scott,customer74@example.com,336456621
75,Emma,Brown,customer75@example.com,860038427
76,Liam,Thomas,customer76@example.com,172370545
77,Liam,Miller,customer77@example.com,176082500
78,Daniel,Thomas,customer78@example.com,399012686
79,Laura,Anderson,customer79@example.com,678998028
80,Ava,Scott,customer80@example.com,718702544
81,Laura,Thomas,customer81@example.com,942478695
82,Laura,Lee,customer82@example.com,304451095
83,Olivia,Davis,customer83@example.com,807577342
84,Anna,Clark,customer84@example.com,554814084
85,Anna,Walker,customer85@example.com,882839238
86,Liam,Davis,customer86@example.com,165082363
87,David,Miller,customer87@example.com,959629660
88,Olivia,Thomas,customer88@example.com,305718272
89,Mason,King,customer89@example.com,581695135
90,Ava,Lee,customer90@example.com,297018781
91,Lucas,Walker,customer91@example.com,368227631
92,Noah,Walker,customer92@example.com,967607278
93,Nina,Davis,customer93@example.com,154318806
94,Nina,Smith,customer94@example.com,200140141
95,Isabella,Taylor,customer95@example.com,536383774
96,Laura,Hall,customer96@example.com,329509408
97,David,Johnson,customer97@example.com,276777762
98,David,Smith,customer98@example.com,519212169
99,Lucas,Walker,customer99@example.com,406284028
100,Anna,King,customer100@example.com,810678904
101,Laura,Wilson,customer101@example.com,303901283
102,Mia,Anderson,customer102@example.com,162795957
103,Oscar,King,customer103@example.com,165452690
104,John,Johnson,customer104@example.com,153839920
105,Oscar,Hall,customer105@example.com,639931481
106,Daniel,Taylor,customer106@example.com,161073976
107,Daniel,Brown,customer107@example.com,299528037
108,Noah,Adams,customer108@example.com,172972420
109,Isabella,Lopez,customer109@example.com,228727266
110,Oscar,Thomas,customer110@example.com,721609600
111,Amelia,Johnson,customer111@example.com,765055833
112,Noah,Lee,customer112@example.com,805849060
113,Oscar,Scott,customer113@example.com,661333669
114,John,Martin,customer114@example.com,319321646
115,John,Thomas,customer115@example.com,385201412
116,David,Wilson,customer116@example.com,821221887
117,Mia,Walker,customer117@example.com,439492674
118,Noah,Smith,customer118@example.com,592080329
119,Amelia,Scott,customer119@example.com,207354053
120,Noah,King,customer120@example.com,328872698
121,Daniel,Martin,customer121@example.com,242224154
122,Sarah,Brown,customer122@example.com,362298393
123,Sarah,Garcia,customer123@example.com,269379374
124,James,King,customer124@example.com,855420240
125,Mia,Adams,customer125@example.com,966616964
126,Daniel,Smith,customer126@example.com,817112652
127,Nina,Garcia,customer127@example.com,812308209
128,Olivia,Wilson,customer128@example.com,383968123
129,Olivia,Davis,customer129@example.com,897163846
130,Nina,Wilson,customer130@example.com,392431670
131,Mia,Adams,customer131@example.com,326161867
132,John,Anderson,customer132@example.com,838194420
133,Lucas,Young,customer133@example.com,624557080
134,Lucas,Johnson,customer134@example.com,199104722
135,Anna,Martin,customer135@example.com,147337803
136,Emma,Miller,customer136@example.com,927982963
137,Ava,Martin,customer137@example.com,273497327
138,James,King,customer138@example.com,857704655
139,Anna,King,customer139@example.com,110382761
140,Olivia,Brown,customer140@example.com,841976666
141,Ava,King,customer141@example.com,138684919
142,Sarah,Scott,customer142@example.com,693269304
143,Ava,Lee,customer143@example.com,236843584
144,Liam,Garcia,customer144@example.com,491541578
145,Liam,Clark,customer145@example.com,325567963
146,Isabella,Davis,customer146@example.com,479759538
147,Nina,Lee,customer147@example.com,766430218
148,Ava,Thomas,customer148@example.com,274484941
149,Sophia,Lee,customer149@example.com,126614158
150,Sophia,Miller,customer150@example.com,940081098
151,Anna,Thomas,customer151@example.com,386480450
152,Sophia,Davis,customer152@example.com,510751046
153,Liam,Hall,customer153@example.com,338836384
154,Mason,Walker,customer154@example.com,475442872
155,Mia,Thomas,customer155@example.com,339362341
156,Emma,Anderson,customer156@example.com,527849588
157,John,Martin,customer157@example.com,174539964
158,Lucas,Clark,customer158@example.com,788785773
159,Daniel,Lopez,customer159@example.com,829627019
160,Nina,Miller,customer160@example.com,129635852
161,Olivia,Martin,customer161@example.com,291735734
162,Oscar,Martin,customer162@example.com,141078352
163,Olivia,Adams,customer163@example.com,566609283
164,Sarah,Miller,customer164@example.com,568574364
165,Amelia,Young,customer165@example.com,224173718
166,David,Scott,customer166@example.com,304095531
167,Lucas,Johnson,customer167@example.com,861052404
168,Anna,Smith,customer168@example.com,658260221
169,Nina,Anderson,customer169@example.com,491079829
170,Anna,Brown,customer170@example.com,813219781
171,John,Adams,customer171@example.com,437064353
172,Olivia,Garcia,customer172@example.com,644518647
173,Mia,Lee,customer173@example.com,450236225
174,David,Garcia,customer174@example.com,695295870
175,Ava,Anderson,customer175@example.com,551450815
176,David,Taylor,customer176@example.com,760904107
177,Oscar,Garcia,customer177@example.com,536019893
178,Nina,Smith,customer178@example.com,426283245
179,Mia,Anderson,customer179@example.com,561588882
180,Oscar,Adams,customer180@example.com,802984810
181,John,Walker,customer181@example.com,574364121
182,James,Anderson,customer182@example.com,648868899
183,Laura,Taylor,customer183@example.com,807435606
184,Noah,Garcia,customer184@example.com,653462378
185,Amelia,Miller,customer185@example.com,200273738
186,Isabella,Garcia,customer186@example.com,341206079
187,Mason,Wilson,customer187@example.com,126226563
188,Liam,Thomas,customer188@example.com,610173760
189,Amelia,Brown,customer189@example.com,588999385
190,Anna,Scott,customer190@example.com,308773243
191,David,Hall,customer191@example.com,529123992
192,Isabella,Wilson,customer192@example.com,804436922
193,Emma,Davis,customer193@example.com,935822550
194,Anna,Thomas,customer194@example.com,288856883
195,Daniel,Walker,customer195@example.com,153921577
196,Nina,Thomas,customer196@example.com,230307805
197,James,Wilson,customer197@example.com,960514523
198,James,Young,customer198@example.com,700141462
199,Amelia,Miller,customer199@example.com,910943524
200,James,Adams,customer200@example.com,975106572
201,Daniel,Lee,customer201@example.com,991816852
202,Nina,Walker,customer202@example.com,270894498
203,Laura,Walker,customer203@example.com,378304807
204,Isabella,Martin,customer204@example.com,922286180
205,Daniel,Hall,customer205@example.com,772966010
206,Isabella,Martin,customer206@example.com,572309605
207,Noah,Garcia,customer207@example.com,351785565
208,Lucas,Miller,customer208@example.com,443285529
209,Nina,Brown,customer209@example.com,248578017
210,Ava,Thomas,customer210@example.com,511281012
211,Ava,Anderson,customer211@example.com,168965204
212,Anna,Lee,customer212@example.com,455281184
213,Nina,Walker,customer213@example.com,546434187
214,Liam,Anderson,customer214@example.com,994310083
215,Anna,Lopez,customer215@example.com,926561919
216,Oscar,Smith,customer216@example.com,922050912
217,Oscar,Lopez,customer217@example.com,612153089
218,Emma,Clark,customer218@example.com,420632895
219,David,Lee,customer219@example.com,677909930
220,Nina,Adams,customer220@example.com,336801619
221,Laura,Thomas,customer221@example.com,393062061
222,Anna,Hall,customer222@example.com,131165166
223,David,Miller,customer223@example.com,818197581
224,David,Taylor,customer224@example.com,601856351
225,Ava,Adams,customer225@example.com,673510887
226,Emma,Lopez,customer226@example.com,735540030
227,Oscar,Smith,customer227@example.com,190137896
228,Anna,Wilson,customer228@example.com,595744935
229,Sophia,Johnson,customer229@example.com,379340713
230,David,Miller,customer230@example.com,327268503
231,James,Miller,customer231@example.com,462388455
232,David,Martin,customer232@example.com,907464398
233,Anna,Martin,customer233@example.com,996478772
234,Noah,Hall,customer234@example.com,120812641
235,Nina,Johnson,customer235@example.com,475767056
236,Isabella,Brown,customer236@example.com,938842599
237,Liam,Smith,customer237@example.com,365518424
238,Mason,Smith,customer238@example.com,767154083
239,Ava,Thomas,customer239@example.com,235528741
240,Laura,Davis,customer240@example.com,705557720
241,Mason,Walker,customer241@example.com,851044796
242,Lucas,Clark,customer242@example.com,280162221
243,Amelia,Adams,customer243@example.com,903079055
244,Olivia,Taylor,customer244@example.com,433975497
245,Olivia,Scott,customer245@example.com,127571992
246,Mia,Scott,customer246@example.com,827296111
247,David,Lopez,customer247@example.com,867741192
248,Mason,Brown,customer248@example.com,735760237
249,Isabella,Davis,customer249@example.com,848605284
250,Mia,Adams,customer250@example.com,964929067
251,Olivia,Scott,customer251@example.com,940348305
252,Liam,Clark,customer252@example.com,672030854
253,Anna,Clark,customer253@example.com,174041730
254,Daniel,Miller,customer254@example.com,113585139
255,Anna,Hall,customer255@example.com,213321496
256,Anna,Clark,customer256@example.com,782454310
257,James,Wilson,customer257@example.com,567600762
258,Sophia,Young,customer258@example.com,798423334
259,Lucas,Adams,customer259@example.com,967797300
260,Nina,Hall,customer260@example.com,599154414
261,Anna,Scott,customer261@example.com,388187517
262,John,Thomas,customer262@example.com,991990632
263,Noah,Martin,customer263@example.com,584044963
264,Isabella,Walker,customer264@example.com,711871397
265,Amelia,Lopez,customer265@example.com,461203124
266,Emma,Hall,customer266@example.com,448981305
267,Sophia,Hall,customer267@example.com,327761953
268,Sarah,Martin,customer268@example.com,465436049
269,Lucas,Adams,customer269@example.com,852890318
270,Lucas,King,customer270@example.com,110899674
271,Daniel,Anderson,customer271@example.com,191926217
272,Isabella,Lee,customer272@example.com,624606470
273,Nina,Thomas,customer273@example.com,841536135
274,Laura,Hall,customer274@example.com,581223755
275,Emma,Brown,customer275@example.com,415933049
276,Isabella,Lopez,customer276@example.com,842800803
277,Isabella,Garcia,customer277@example.com,812921644
278,Oscar,Clark,customer278@example.com,608159580
279,Nina,Young,customer279@example.com,469106688
280,Anna,King,customer280@example.com,455184454
281,Sarah,Walker,customer281@example.com,390894296
282,Mia,Martin,customer282@example.com,347538338
283,Olivia,Anderson,customer283@example.com,438817025
284,Olivia,King,customer284@example.com,918394863
285,Sophia,Anderson,customer285@example.com,332341238
286,Laura,Martin,customer286@example.com,878017216
287,Oscar,Young,customer287@example.com,740799178
288,Mia,Davis,customer288@example.com,994027897
289,Mason,Garcia,customer289@example.com,344258191
290,Sarah,Taylor,customer290@example.com,424557359
291,Emma,King,customer291@example.com,235917419
292,Lucas,Johnson,customer292@example.com,158546865
293,Nina,Garcia,customer293@example.com,848846217
294,Ava,Hall,customer294@example.com,210152642
295,Emma,Scott,customer295@example.com,405307028
296,Laura,Hall,customer296@example.com,572949775
297,John,Taylor,customer297@example.com,155165334
298,Lucas,Hall,customer298@example.com,222500131
299,Noah,Lopez,customer299@example.com,628008852
300,Noah,Scott,customer300@example.com,775862179
301,Liam,Wilson,customer301@example.com,260199682
302,Oscar,Garcia,customer302@example.com,191462297
303,Isabella,Davis,customer303@example.com,699226355
304,Anna,Adams,customer304@example.com,740086326
305,Amelia,Thomas,customer305@example.com,932894596
306,Daniel,Lopez,customer306@example.com,583736219
307,James,Garcia,customer307@example.com,731924051
308,Anna,Garcia,customer308@example.com,710561240
309,Amelia,Johnson,customer309@example.com,754586204
310,Olivia,Anderson,customer310@example.com,771641650
311,Mason,Martin,customer311@example.com,809129316
312,Noah,Taylor,customer312@example.com,357553274
313,Sophia,King,customer313@example.com,180600295
314,Sophia,Smith,customer314@example.com,538642403
315,James,Adams,customer315@example.com,604564682
316,Mia,Johnson,customer316@example.com,348545713
317,Mia,Garcia,customer317@example.com,854827139
318,James,Brown,customer318@example.com,838073939
319,Isabella,Martin,customer319@example.com,945923902
320,Oscar,Anderson,customer320@example.com,556489494
321,Olivia,King,customer321@example.com,341387305
322,Ava,Martin,customer322@example.com,987588450
323,Ava,Brown,customer323@example.com,164035859
324,Sophia,Garcia,customer324@example.com,738923667
325,Oscar,Garcia,customer325@example.com,571537429
326,Olivia,Walker,customer326@example.com,839462365
327,Mia,Lopez,customer327@example.com,392322121
328,Daniel,King,customer328@example.com,630208579
329,James,Brown,customer329@example.com,742136977
330,Liam,Lee,customer330@example.com,888699799
331,John,Adams,customer331@example.com,368830491
332,Emma,Brown,customer332@example.com,345805719
333,Oscar,Scott,customer333@example.com,122275263
334,Lucas,Scott,customer334@example.com,143198431
335,Sophia,Hall,customer335@example.com,657233178
336,James,Martin,customer336@example.com,294872482
337,Oscar,Lee,customer337@example.com,781594897
338,Laura,Brown,customer338@example.com,604669821
339,Sarah,Lee,customer339@example.com,457887167
340,John,Davis,customer340@example.com,272684373
341,John,Lee,customer341@example.com,844826434
342,Laura,Garcia,customer342@example.com,811443654
343,David,King,customer343@example.com,139403247
344,James,Brown,customer344@example.com,437710224
345,Lucas,Miller,customer345@example.com,224469868
346,David,Young,customer346@example.com,985758835
347,Emma,King,customer347@example.com,596043327
348,Anna,Johnson,customer348@example.com,301415220
349,Daniel,Clark,customer349@example.com,768548027
350,Laura,Walker,customer350@example.com,916033628
351,Liam,Anderson,customer351@example.com,386749454
352,Nina,Wilson,customer352@example.com,409268943
353,James,Hall,customer353@example.com,230380269
354,Emma,Adams,customer354@example.com,958256589
355,Isabella,Taylor,customer355@example.com,433665422
356,Nina,Smith,customer356@example.com,692975437
357,Anna,Brown,customer357@example.com,341270488
358,Olivia,Walker,customer358@example.com,226128312
359,Ava,Hall,customer359@example.com,869446962
360,Mia,Young,customer360@example.com,857429971
361,Lucas,Lee,customer361@example.com,996278008
362,Laura,Hall,customer362@example.com,361704064
363,James,King,customer363@example.com,255308128
364,David,Anderson,customer364@example.com,743576792
365,Daniel,Wilson,customer365@example.com,174958005
366,Lucas,Lee,customer366@example.com,464938258
367,Daniel,Martin,customer367@example.com,981058292
368,Emma,Garcia,customer368@example.com,879591310
369,Mia,Scott,customer369@example.com,722687986
370,Laura,Wilson,customer370@example.com,579476614
371,Nina,Hall,customer371@example.com,470574014
372,John,King,customer372@example.com,919128302
373,Nina,Lopez,customer373@example.com,588922557
374,John,Anderson,customer374@example.com,848933239
375,Isabella,Scott,customer375@example.com,511211819
376,Isabella,Lee,customer376@example.com,146865930
377,John,Hall,customer377@example.com,857232668
378,David,Lopez,customer378@example.com,812630453
379,Ava,Hall,customer379@example.com,139749508
380,Ava,Young,customer380@example.com,733701411
381,John,Davis,customer381@example.com,572775194
382,Olivia,Young,customer382@example.com,590622789
383,Emma,Wilson,customer383@example.com,540211187
384,Ava,Brown,customer384@example.com,604111692
385,Lucas,Miller,customer385@example.com,769219685
386,David,Brown,customer386@example.com,452794611
387,Nina,Lopez,customer387@example.com,440012324
388,Laura,King,customer388@example.com,138546365
389,Amelia,Brown,customer389@example.com,352082631
390,Mia,Thomas,customer390@example.com,901834280
391,Noah,Lee,customer391@example.com,205702499
392,Olivia,Walker,customer392@example.com,278632824
393,Mia,Smith,customer393@example.com,149382425
394,John,Johnson,customer394@example.com,415001254
395,Sarah,Clark,customer395@example.com,562446417
396,Ava,Thomas,customer396@example.com,670335494
397,Anna,Scott,customer397@example.com,832077572
398,Sophia,Taylor,customer398@example.com,287979290
399,Noah,Adams,customer399@example.com,510753814
400,Amelia,Thomas,customer400@example.com,634366139
401,Oscar,Wilson,customer401@example.com,349310440
402,James,Martin,customer402@example.com,593460064
403,Lucas,Smith,customer403@example.com,963968184
404,James,Garcia,customer404@example.com,827579147
405,Nina,Taylor,customer405@example.com,179308612
406,James,Clark,customer406@example.com,730900313
407,Mia,Lee,customer407@example.com,841218491
408,Lucas,Walker,customer408@example.com,424400672
409,Mason,Lopez,customer409@example.com,618840705
410,Olivia,Thomas,customer410@example.com,509486794
411,Oscar,Clark,customer411@example.com,717199615
412,Mia,Garcia,customer412@example.com,123557463
413,David,Martin,customer413@example.com,108695125
414,Oscar,Johnson,customer414@example.com,751124015
415,Laura,Garcia,customer415@example.com,932945529
416,Isabella,Adams,customer416@example.com,961067882
417,Sarah,Thomas,customer417@example.com,783563240
418,Mason,Adams,customer418@example.com,369108475
419,Ava,Davis,customer419@example.com,773728014
420,Liam,Garcia,customer420@example.com,946764061
421,James,Johnson,customer421@example.com,722312633
422,Sarah,Wilson,customer422@example.com,196779973
423,Mia,Miller,customer423@example.com,902601465
424,Anna,Taylor,customer424@example.com,315601773
425,Ava,King,customer425@example.com,492836532
426,Daniel,Young,customer426@example.com,392624015
427,Sophia,Martin,customer427@example.com,985503942
428,Laura,Garcia,customer428@example.com,901611993
429,John,Davis,customer429@example.com,602866993
430,Noah,Wilson,customer430@example.com,909763993
431,Isabella,Lopez,customer431@example.com,963919401
432,Nina,Clark,customer432@example.com,196961971
433,David,Smith,customer433@example.com,383960237
434,Nina,Davis,customer434@example.com,588322781
435,Sarah,Martin,customer435@example.com,727666622
436,David,Clark,customer436@example.com,216335741
437,Isabella,Hall,customer437@example.com,126870011
438,Amelia,King,customer438@example.com,452194058
439,Amelia,Thomas,customer439@example.com,795411453
440,Noah,Walker,customer440@example.com,852775879
441,Mia,Lee,customer441@example.com,225279834
442,Ava,Johnson,customer442@example.com,139956218
443,Mia,Hall,customer443@example.com,224683417
444,Olivia,Thomas,customer444@example.com,677186272
445,Ava,Lopez,customer445@example.com,587096273
446,Sarah,King,customer446@example.com,550033924
447,Oscar,Wilson,customer447@example.com,545478870
448,Olivia,Hall,customer448@example.com,761051532
449,Anna,Martin,customer449@example.com,135128844
450,Sarah,Anderson,customer450@example.com,576078963
451,James,Thomas,customer451@example.com,489431174
452,Olivia,Clark,customer452@example.com,684615760
453,Sarah,Johnson,customer453@example.com,527499187
454,Lucas,Anderson,customer454@example.com,231167999
455,James,Brown,customer455@example.com,811642514
456,Mason,Adams,customer456@example.com,122932394
457,Liam,Miller,customer457@example.com,361530104
458,Ava,Scott,customer458@example.com,320337809
459,Noah,King,customer459@example.com,322433532
460,Oscar,Anderson,customer460@example.com,973008988
461,Isabella,Miller,customer461@example.com,931471931
462,Ava,Adams,customer462@example.com,103044648
463,Lucas,Wilson,customer463@example.com,239577989
464,Nina,Martin,customer464@example.com,957397689
465,Sophia,Davis,customer465@example.com,809805235
466,Emma,Wilson,customer466@example.com,115956152
467,Sarah,Thomas,customer467@example.com,732276010
468,John,Smith,customer468@example.com,287095435
469,Lucas,Johnson,customer469@example.com,236105947
470,Anna,Young,customer470@example.com,222030010
471,Noah,Hall,customer471@example.com,581331845
472,Sarah,Young,customer472@example.com,737444033
473,Olivia,Walker,customer473@example.com,640992677
474,Isabella,Adams,customer474@example.com,146562851
475,Daniel,Garcia,customer475@example.com,591819409
476,Emma,Johnson,customer476@example.com,614302907
477,David,Lee,customer477@example.com,836691577
478,Olivia,Hall,customer478@example.com,864935082
479,James,Brown,customer479@example.com,186748119
480,John,Adams,customer480@example.com,259272239
481,Noah,Wilson,customer481@example.com,395296179
482,Amelia,Scott,customer482@example.com,688793237
483,John,Lopez,customer483@example.com,741444618
484,Daniel,Garcia,customer484@example.com,587173220
485,Daniel,Adams,customer485@example.com,561923010
486,Olivia,Davis,customer486@example.com,802992685
487,Nina,Anderson,customer487@example.com,561784080
488,James,Thomas,customer488@example.com,544328940
489,John,Walker,customer489@example.com,528133274
490,Anna,Davis,customer490@example.com,435596237
491,Anna,Miller,customer491@example.com,814154134
492,Lucas,Clark,customer492@example.com,263894795
493,Laura,Brown,customer493@example.com,197951867
494,Noah,Brown,customer494@example.com,563723880
495,Olivia,Clark,customer495@example.com,971630639
496,Ava,King,customer496@example.com,164404084
497,Oscar,King,customer497@example.com,703102938
498,John,Davis,customer498@example.com,541102414
499,Sarah,Lee,customer499@example.com,874233009
500,Liam,Garcia,customer500@example.com,744685429
501,Mia,Clark,customer501@example.com,211240259
502,Oscar,Young,customer502@example.com,328426553
503,Ava,Hall,customer503@example.com,340781088
504,Olivia,Clark,customer504@example.com,697285504
505,Sarah,Davis,customer505@example.com,918841563
506,Lucas,Scott,customer506@example.com,342836476
507,Anna,King,customer507@example.com,924024405
508,Amelia,Adams,customer508@example.com,824750726
509,Nina,Smith,customer509@example.com,753903309
510,Lucas,Smith,customer510@example.com,293720285
511,Lucas,Garcia,customer511@example.com,464883950
512,Sarah,Smith,customer512@example.com,294782734
513,Ava,Scott,customer513@example.com,805818425
514,David,Brown,customer514@example.com,252336745
515,Emma,Brown,customer515@example.com,901131404
516,Daniel,Anderson,customer516@example.com,503935666
517,Anna,Walker,customer517@example.com,466034277
518,Sophia,Clark,customer518@example.com,434618074
519,John,Scott,customer519@example.com,740190407
520,Noah,Johnson,customer520@example.com,267052653
521,Sophia,Adams,customer521@example.com,153432064
522,Noah,Martin,customer522@example.com,575788930
523,Anna,Hall,customer523@example.com,751842899
524,James,Lee,customer524@example.com,393310667
525,Mason,Young,customer525@example.com,222210617
526,Sarah,Lee,customer526@example.com,219066986
527,Mia,Scott,customer527@example.com,622517939
528,Daniel,Garcia,customer528@example.com,148766522
529,Isabella,Lopez,customer529@example.com,743520276
530,Liam,Smith,customer530@example.com,319497661
531,Mia,Anderson,customer531@example.com,923935280
532,Ava,Martin,customer532@example.com,410791488
533,John,Davis,customer533@example.com,108299923
534,Laura,Lee,customer534@example.com,288650860
535,Ava,Lopez,customer535@example.com,671855941
536,Isabella,Young,customer536@example.com,699924859
537,Sarah,Brown,customer537@example.com,526351920
538,Liam,Lee,customer538@example.com,120123575
539,James,Brown,customer539@example.com,436146289
540,Oscar,Lee,customer540@example.com,715683222
541,David,Lee,customer541@example.com,410864588
542,Olivia,Lopez,customer542@example.com,122394554
543,John,Taylor,customer543@example.com,960413104
544,Amelia,Walker,customer544@example.com,993381017
545,Sarah,Brown,customer545@example.com,568915703
546,Olivia,Thomas,customer546@example.com,567804106
547,Oscar,Lopez,customer547@example.com,662600500
548,Noah,Lopez,customer548@example.com,433154770
549,John,Thomas,customer549@example.com,457629711
550,Sophia,Brown,customer550@example.com,648127255
551,Olivia,Young,customer551@example.com,647556857
552,Mason,Clark,customer552@example.com,476990466
553,Ava,Thomas,customer553@example.com,210385522
554,Ava,Martin,customer554@example.com,311818984
555,Sophia,Adams,customer555@example.com,264142683
556,Noah,Taylor,customer556@example.com,929839316
557,Laura,Walker,customer557@example.com,910080036
558,Oscar,Scott,customer558@example.com,582008349
559,Oscar,Adams,customer559@example.com,447042200
560,John,Wilson,customer560@example.com,572191734
561,Noah,Hall,customer561@example.com,574817290
562,Mia,Martin,customer562@example.com,735032128
563,Liam,Clark,customer563@example.com,644748834
564,Noah,Garcia,customer564@example.com,595792218
565,James,Johnson,customer565@example.com,161085229
566,Sarah,Garcia,customer566@example.com,182389284
567,Noah,Adams,customer567@example.com,737888347
568,Daniel,Lopez,customer568@example.com,596832859
569,Oscar,King,customer569@example.com,950207886
570,Liam,Walker,customer570@example.com,969533218
571,Oscar,Anderson,customer571@example.com,445236735
572,Amelia,Hall,customer572@example.com,638339044
573,Ava,Johnson,customer573@example.com,583745511
574,Olivia,Miller,customer574@example.com,866990485
575,Noah,Young,customer575@example.com,793773681
576,Sophia,Johnson,customer576@example.com,366012797
577,James,Walker,customer577@example.com,662714327
578,Daniel,Adams,customer578@example.com,270452446
579,Sarah,Clark,customer579@example.com,403754671
580,David,Lee,customer580@example.com,931575232
581,John,Adams,customer581@example.com,156227043
582,John,Brown,customer582@example.com,454002758
583,Olivia,King,customer583@example.com,828404274
584,David,Garcia,customer584@example.com,370578414
585,Amelia,Wilson,customer585@example.com,457944766
586,Noah,Scott,customer586@example.com,812548074
587,Ava,Clark,customer587@example.com,433108786
588,David,Wilson,customer588@example.com,738920648
589,Noah,Garcia,customer589@example.com,700138002
590,David,Miller,customer590@example.com,973150512
591,Ava,Young,customer591@example.com,200344359
592,Anna,Young,customer592@example.com,488509962
593,Emma,Clark,customer593@example.com,431642423
594,Sophia,Anderson,customer594@example.com,466932310
595,Laura,Anderson,customer595@example.com,343248743
596,Ava,Wilson,customer596@example.com,182855381
597,Mia,Davis,customer597@example.com,645127678
598,Nina,Young,customer598@example.com,140531056
599,John,Adams,customer599@example.com,240712839
600,Amelia,Lopez,customer600@example.com,265627642
601,Sophia,Taylor,customer601@example.com,992649957
602,Amelia,Taylor,customer602@example.com,874364348
603,James,Johnson,customer603@example.com,541156077
604,Sarah,Thomas,customer604@example.com,576954730
605,Amelia,Garcia,customer605@example.com,907873857
606,James,Thomas,customer606@example.com,673390109
607,Isabella,Garcia,customer607@example.com,968253265
608,Laura,Anderson,customer608@example.com,494966219
609,Oscar,Walker,customer609@example.com,595725097
610,Mia,Lopez,customer610@example.com,639991949
611,Daniel,Lee,customer611@example.com,274008639
612,Mason,Adams,customer612@example.com,248604290
613,Lucas,Johnson,customer613@example.com,788460744
614,Laura,Clark,customer614@example.com,695433590
615,Olivia,Young,customer615@example.com,233871736
616,Mia,Brown,customer616@example.com,919390458
617,Sophia,Martin,customer617@example.com,582452834
618,Daniel,Wilson,customer618@example.com,992329618
619,Anna,Brown,customer619@example.com,338411494
620,James,Clark,customer620@example.com,128636900
621,Anna,Johnson,customer621@example.com,525689202
622,Daniel,Clark,customer622@example.com,353164777
623,David,Brown,customer623@example.com,502559419
624,Isabella,Smith,customer624@example.com,442185272
625,Olivia,Miller,customer625@example.com,949738493
626,Ava,Wilson,customer626@example.com,141127742
627,Mia,Hall,customer627@example.com,847401602
628,Ava,Hall,customer628@example.com,581682167
629,Amelia,Smith,customer629@example.com,185068029
630,Emma,Martin,customer630@example.com,331557515
631,Ava,King,customer631@example.com,880862406
632,Amelia,Young,customer632@example.com,554466340
633,Olivia,Garcia,customer633@example.com,355164255
634,Mia,Davis,customer634@example.com,151270577
635,Isabella,Lee,customer635@example.com,786069196
636,Amelia,Walker,customer636@example.com,167438668
637,Olivia,Hall,customer637@example.com,740743666
638,Nina,Smith,customer638@example.com,778556450
639,Daniel,Scott,customer639@example.com,359779090
640,Ava,Garcia,customer640@example.com,560891752
641,Emma,Adams,customer641@example.com,478833337
642,Isabella,Scott,customer642@example.com,547286055
643,Sophia,Brown,customer643@example.com,662087258
644,Sarah,Brown,customer644@example.com,664852025
645,Nina,Young,customer645@example.com,944403809
646,Daniel,King,customer646@example.com,121833792
647,David,Hall,customer647@example.com,146744734
648,David,Clark,customer648@example.com,372354893
649,Emma,Clark,customer649@example.com,946666926
650,Noah,Clark,customer650@example.com,358906986
651,Olivia,Scott,customer651@example.com,889401015
652,John,Wilson,customer652@example.com,147605080
653,Sarah,King,customer653@example.com,463512350
654,Sophia,Walker,customer654@example.com,846668526
655,Laura,Taylor,customer655@example.com,971339002
656,Ava,Brown,customer656@example.com,868847524
657,James,Johnson,customer657@example.com,415081566
658,Mason,Johnson,customer658@example.com,949447049
659,Mason,Johnson,customer659@example.com,438868427
660,Mia,Young,customer660@example.com,527589822
661,Nina,Hall,customer661@example.com,371993587
662,Liam,Anderson,customer662@example.com,407209235
663,Sarah,Johnson,customer663@example.com,804086195
664,John,Martin,customer664@example.com,233654018
665,Sarah,Lee,customer665@example.com,529520110
666,James,Lopez,customer666@example.com,464037804
667,Sophia,Hall,customer667@example.com,843102880
668,Laura,Clark,customer668@example.com,956084565
669,Daniel,Martin,customer669@example.com,960226208
670,Noah,Lee,customer670@example.com,184747224
671,Anna,Adams,customer671@example.com,982982227
672,Sophia,King,customer672@example.com,415429295
673,John,Davis,customer673@example.com,185973340
674,John,Garcia,customer674@example.com,429097422
675,James,Adams,customer675@example.com,870584681
676,Anna,Taylor,customer676@example.com,840629322
677,James,Clark,customer677@example.com,580101819
678,Liam,Clark,customer678@example.com,760191749
679,Anna,Martin,customer679@example.com,786624943
680,Liam,Brown,customer680@example.com,820678212
681,David,Clark,customer681@example.com,650921917
682,Sophia,Smith,customer682@example.com,253308283
683,Amelia,Walker,customer683@example.com,137365109
684,Ava,Brown,customer684@example.com,353398109
685,Sarah,Clark,customer685@example.com,511086777
686,Oscar,Johnson,customer686@example.com,749715626
687,Ava,Walker,customer687@example.com,498320110
688,Sarah,Walker,customer688@example.com,919355714
689,Noah,Scott,customer689@example.com,247848992
690,Daniel,Clark,customer690@example.com,527385805
691,John,Martin,customer691@example.com,368018471
692,Olivia,Smith,customer692@example.com,889924866
693,Sophia,Hall,customer693@example.com,655924752
694,David,King,customer694@example.com,226444910
695,Lucas,Martin,customer695@example.com,855954847
696,James,Anderson,customer696@example.com,756998124
697,Mia,Hall,customer697@example.com,314939857
698,Olivia,Wilson,customer698@example.com,179512774
699,James,Taylor,customer699@example.com,865975088
700,James,Brown,customer700@example.com,970281936
701,John,Clark,customer701@example.com,861863296
702,Noah,King,customer702@example.com,682152066
703,Mia,Garcia,customer703@example.com,269119969
704,Sophia,Clark,customer704@example.com,646272321
705,Isabella,Davis,customer705@example.com,315801027
706,Ava,Thomas,customer706@example.com,948656610
707,Laura,Smith,customer707@example.com,487509692
708,Nina,Scott,customer708@example.com,496115351
709,James,King,customer709@example.com,239340792
710,Amelia,Brown,customer710@example.com,170596494
711,Mia,Lopez,customer711@example.com,869801588
712,Laura,Young,customer712@example.com,541087900
713,Anna,Scott,customer713@example.com,179189225
714,Ava,Miller,customer714@example.com,789705810
715,Noah,Walker,customer715@example.com,600184588
716,Daniel,Clark,customer716@example.com,237798236
717,Nina,Scott,customer717@example.com,295381429
718,Ava,Lee,customer718@example.com,639945876
719,Liam,Davis,customer719@example.com,656307931
720,Ava,Garcia,customer720@example.com,276799196
721,Sophia,Miller,customer721@example.com,861639583
722,Isabella,Clark,customer722@example.com,657162259
723,Mia,Brown,customer723@example.com,369085407
724,Mason,King,customer724@example.com,394689553
725,Ava,Garcia,customer725@example.com,759737342
726,Nina,Brown,customer726@example.com,639633807
727,Sophia,Scott,customer727@example.com,723464439
728,Ava,Taylor,customer728@example.com,807309035
729,Amelia,Adams,customer729@example.com,462516271
730,Oscar,Johnson,customer730@example.com,986090690
731,Emma,Brown,customer731@example.com,148814238
732,Oscar,Martin,customer732@example.com,799145494
733,Mason,Scott,customer733@example.com,547306651
734,Amelia,Smith,customer734@example.com,634764290
735,Nina,Garcia,customer735@example.com,789242701
736,Mia,Hall,customer736@example.com,362935648
737,David,Garcia,customer737@example.com,586989309
738,Noah,Johnson,customer738@example.com,269737590
739,James,Lee,customer739@example.com,619960692
740,James,Anderson,customer740@example.com,465278987
741,Amelia,Wilson,customer741@example.com,435632899
742,John,Clark,customer742@example.com,528118701
743,Ava,Clark,customer743@example.com,652955706
744,Nina,Davis,customer744@example.com,442648079
745,Isabella,Walker,customer745@example.com,231556899
746,Lucas,Walker,customer746@example.com,366200875
747,Ava,Davis,customer747@example.com,154337019
748,Mia,Lopez,customer748@example.com,760756497
749,Anna,Thomas,customer749@example.com,271476207
750,John,Scott,customer750@example.com,874305759
751,John,Anderson,customer751@example.com,919395339
752,Sophia,Hall,customer752@example.com,652681586
753,James,Hall,customer753@example.com,431292818
754,Laura,Smith,customer754@example.com,196689473
755,David,Young,customer755@example.com,590947659
756,Isabella,Anderson,customer756@example.com,726360971
757,Sarah,Johnson,customer757@example.com,154267347
758,Mia,Hall,customer758@example.com,741580895
759,Laura,Garcia,customer759@example.com,676267306
760,Emma,Davis,customer760@example.com,562705171
761,Ava,Martin,customer761@example.com,881155839
762,Sarah,Lopez,customer762@example.com,492922240
763,Liam,Lopez,customer763@example.com,154930149
764,Oscar,King,customer764@example.com,309009538
765,Sarah,King,customer765@example.com,409883716
766,Noah,Lopez,customer766@example.com,641440255
767,James,King,customer767@example.com,400347789
768,Amelia,Adams,customer768@example.com,227572362
769,Ava,Davis,customer769@example.com,522950895
770,Sarah,Miller,customer770@example.com,698967370
771,Sarah,Wilson,customer771@example.com,313736772
772,Amelia,Young,customer772@example.com,530986098
773,Daniel,Johnson,customer773@example.com,148644109
774,Liam,Wilson,customer774@example.com,866213410
775,John,Hall,customer775@example.com,657629251
776,James,Wilson,customer776@example.com,750967273
777,Daniel,Wilson,customer777@example.com,452150647
778,Amelia,Miller,customer778@example.com,274485243
779,David,Adams,customer779@example.com,893838119
780,Mia,Scott,customer780@example.com,461178244
781,Daniel,Young,customer781@example.com,671595541
782,Laura,Scott,customer782@example.com,421897671
783,Laura,Smith,customer783@example.com,495521185
784,John,Davis,customer784@example.com,547256709
785,Oscar,Garcia,customer785@example.com,955508961
786,Emma,Adams,customer786@example.com,609587361
787,Lucas,Scott,customer787@example.com,720230209
788,Isabella,Johnson,customer788@example.com,726553348
789,Laura,Taylor,customer789@example.com,662890182
790,Amelia,Lopez,customer790@example.com,258672959
791,Isabella,Johnson,customer791@example.com,714792641
792,Olivia,Anderson,customer792@example.com,120333847
793,James,Miller,customer793@example.com,549661921
794,Ava,Lee,customer794@example.com,841419015
795,Mason,Lee,customer795@example.com,638824588
796,Amelia,Hall,customer796@example.com,890099255
797,Liam,Wilson,customer797@example.com,656931857
798,Mason,King,customer798@example.com,449019278
799,Laura,Young,customer799@example.com,504612520
800,John,Taylor,customer800@example.com,593559955
801,Nina,Miller,customer801@example.com,686556403
802,Sarah,Martin,customer802@example.com,755064741
803,Laura,Anderson,customer803@example.com,364697908
804,Lucas,King,customer804@example.com,420511037
805,Isabella,Garcia,customer805@example.com,928042067
806,Mia,Anderson,customer806@example.com,841139461
807,Laura,Miller,customer807@example.com,615185000
808,Sarah,King,customer808@example.com,954059995
809,Lucas,Garcia,customer809@example.com,230861323
810,Oscar,King,customer810@example.com,507693523
811,David,Clark,customer811@example.com,930071496
812,Ava,Garcia,customer812@example.com,145168545
813,Mia,Brown,customer813@example.com,471904990
814,James,Martin,customer814@example.com,902448600
815,Laura,Anderson,customer815@example.com,316968866
816,Nina,Martin,customer816@example.com,703462253
817,Lucas,Wilson,customer817@example.com,217281149
818,Amelia,Scott,customer818@example.com,356927167
819,Isabella,Johnson,customer819@example.com,819228743
820,Daniel,Thomas,customer820@example.com,784987769
821,Isabella,Johnson,customer821@example.com,207586738
822,Anna,Miller,customer822@example.com,870257350
823,Laura,Davis,customer823@example.com,831424323
824,Ava,Smith,customer824@example.com,690936560
825,Sophia,Lee,customer825@example.com,801038300
826,Laura,Hall,customer826@example.com,798510601
827,Mason,Garcia,customer827@example.com,444851196
828,Mia,Johnson,customer828@example.com,925412179
829,Noah,Scott,customer829@example.com,349344539
830,Nina,Johnson,customer830@example.com,287974375
831,Anna,Taylor,customer831@example.com,139019611
832,David,Hall,customer832@example.com,300050585
833,Mia,Johnson,customer833@example.com,109950544
834,Mia,Scott,customer834@example.com,747233283
835,Olivia,Miller,customer835@example.com,405545745
836,James,King,customer836@example.com,662982736
837,Laura,Wilson,customer837@example.com,641394238
838,James,Martin,customer838@example.com,307029662
839,Olivia,Miller,customer839@example.com,274476883
840,James,Martin,customer840@example.com,871588919
841,Sophia,Smith,customer841@example.com,890937440
842,John,Garcia,customer842@example.com,709650444
843,Mason,Taylor,customer843@example.com,756007396
844,David,Lee,customer844@example.com,653278397
845,John,Brown,customer845@example.com,530391423
846,Olivia,Taylor,customer846@example.com,250980852
847,Laura,Miller,customer847@example.com,366338529
848,Emma,Martin,customer848@example.com,511859868
849,Isabella,Walker,customer849@example.com,909340042
850,Lucas,Miller,customer850@example.com,424211872
851,Oscar,Scott,customer851@example.com,112279027
852,Lucas,Clark,customer852@example.com,843854609
853,Isabella,Johnson,customer853@example.com,817029885
854,Olivia,Walker,customer854@example.com,429430802
855,Sophia,Lopez,customer855@example.com,836665942
856,Daniel,Garcia,customer856@example.com,841193655
857,Olivia,Garcia,customer857@example.com,494647257
858,Amelia,Thomas,customer858@example.com,335287540
859,Ava,Hall,customer859@example.com,264481748
860,James,Adams,customer860@example.com,501176618
861,Anna,King,customer861@example.com,605547798
862,Nina,Anderson,customer862@example.com,918040539
863,Isabella,Adams,customer863@example.com,945432844
864,Noah,Young,customer864@example.com,579691987
865,Daniel,Clark,customer865@example.com,183862154
866,Oscar,Davis,customer866@example.com,166312199
867,Nina,Young,customer867@example.com,317064188
868,Oscar,King,customer868@example.com,260902774
869,Sophia,Miller,customer869@example.com,658712474
870,James,Davis,customer870@example.com,830461452
871,Mason,Scott,customer871@example.com,624875038
872,Noah,Young,customer872@example.com,578333394
873,Liam,Walker,customer873@example.com,241674152
874,Daniel,Lee,customer874@example.com,590483627
875,Oscar,Johnson,customer875@example.com,700003920
876,James,Garcia,customer876@example.com,876616079
877,Emma,Lopez,customer877@example.com,373221357
878,Emma,Anderson,customer878@example.com,720956992
879,Noah,Johnson,customer879@example.com,554941605
880,Sarah,Brown,customer880@example.com,681069884
881,Liam,Brown,customer881@example.com,606882594
882,Liam,Garcia,customer882@example.com,539017530
883,Sophia,Wilson,customer883@example.com,922301213
884,Anna,Clark,customer884@example.com,510684364
885,James,Lopez,customer885@example.com,503346325
886,Noah,King,customer886@example.com,242796714
887,Sarah,Davis,customer887@example.com,291634595
888,Nina,Lopez,customer888@example.com,667840357
889,Ava,Thomas,customer889@example.com,996382881
890,Emma,Smith,customer890@example.com,420364823
891,James,King,customer891@example.com,555404004
892,Nina,Lopez,customer892@example.com,984076542
893,Isabella,Thomas,customer893@example.com,594592624
894,Sarah,Wilson,customer894@example.com,395976645
895,Mason,Davis,customer895@example.com,134593072
896,Anna,Adams,customer896@example.com,922543647
897,Emma,Thomas,customer897@example.com,321278458
898,Noah,Davis,customer898@example.com,737742679
899,Liam,Walker,customer899@example.com,741866641
900,Liam,Thomas,customer900@example.com,895149930
901,Liam,Lopez,customer901@example.com,571332733
902,Isabella,King,customer902@example.com,333291033
903,Liam,Wilson,customer903@example.com,641054044
904,Mia,Thomas,customer904@example.com,975943821
905,Oscar,Miller,customer905@example.com,720058859
906,Amelia,Miller,customer906@example.com,354373770
907,Mia,Wilson,customer907@example.com,808897689
908,Daniel,Thomas,customer908@example.com,544056890
909,Mia,Martin,customer909@example.com,165452764
910,Nina,Scott,customer910@example.com,889427990
911,Sophia,Lee,customer911@example.com,696840109
912,Laura,Johnson,customer912@example.com,469812603
913,David,Young,customer913@example.com,442238518
914,Anna,Lee,customer914@example.com,260221190
915,Mia,Lopez,customer915@example.com,297438548
916,Nina,Hall,customer916@example.com,358737619
917,Isabella,Garcia,customer917@example.com,859754807
918,Ava,Walker,customer918@example.com,161873231
919,Nina,Lee,customer919@example.com,547221915
920,Nina,Young,customer920@example.com,243980993
921,David,Thomas,customer921@example.com,373799489
922,Mason,Miller,customer922@example.com,794395127
923,Noah,Walker,customer923@example.com,498441427
924,Noah,King,customer924@example.com,878016905
925,Mason,Johnson,customer925@example.com,388258432
926,David,Adams,customer926@example.com,747382621
927,Liam,Brown,customer927@example.com,302038796
928,Oscar,King,customer928@example.com,333019716
929,Laura,Anderson,customer929@example.com,457517705
930,Mia,Smith,customer930@example.com,327426863
931,Mason,Davis,customer931@example.com,901955461
932,Laura,Thomas,customer932@example.com,846923032
933,Amelia,Anderson,customer933@example.com,525880424
934,Isabella,King,customer934@example.com,445331485
935,Mia,Lopez,customer935@example.com,600632621
936,Nina,Clark,customer936@example.com,431165907
937,Lucas,Clark,customer937@example.com,650632566
938,Laura,Walker,customer938@example.com,205879779
939,Laura,Miller,customer939@example.com,318106480
940,Sarah,Miller,customer940@example.com,544454140
941,Liam,Scott,customer941@example.com,337591250
942,Ava,Smith,customer942@example.com,380004069
943,Nina,Scott,customer943@example.com,721849977
944,Anna,Garcia,customer944@example.com,263650505
945,Mason,Miller,customer945@example.com,346980616
946,David,Scott,customer946@example.com,994816400
947,Isabella,Hall,customer947@example.com,691247918
948,John,Martin,customer948@example.com,919652226
949,Laura,Hall,customer949@example.com,594811370
950,Sophia,Clark,customer950@example.com,281747678
951,Ava,King,customer951@example.com,624325659
952,Sophia,King,customer952@example.com,789137659
953,Liam,Young,customer953@example.com,136317983
954,Noah,Johnson,customer954@example.com,920702588
955,Emma,Lee,customer955@example.com,247630403
956,Isabella,Brown,customer956@example.com,859317542
957,Ava,Smith,customer957@example.com,334848459
958,Daniel,Walker,customer958@example.com,500721199
959,Liam,Adams,customer959@example.com,784755860
960,Amelia,Hall,customer960@example.com,807901168
961,Laura,Smith,customer961@example.com,107099962
962,Nina,King,customer962@example.com,541671360
963,Emma,Smith,customer963@example.com,668457864
964,Lucas,King,customer964@example.com,407829477
965,Emma,Young,customer965@example.com,973120912
966,Anna,Taylor,customer966@example.com,214908010
967,Olivia,Young,customer967@example.com,259877461
968,Isabella,Anderson,customer968@example.com,765484610
969,Daniel,Martin,customer969@example.com,975329786
970,Sarah,Martin,customer970@example.com,953556386
971,David,Brown,customer971@example.com,500561082
972,David,Walker,customer972@example.com,706666479
973,Isabella,Thomas,customer973@example.com,422095317
974,Noah,Johnson,customer974@example.com,200395400
975,David,Lopez,customer975@example.com,504982743
976,Nina,Hall,customer976@example.com,160252954
977,Emma,Taylor,customer977@example.com,188783547
978,Laura,Lee,customer978@example.com,792463878
979,John,Scott,customer979@example.com,202393989
980,Daniel,Johnson,customer980@example.com,346709900
981,Mason,Scott,customer981@example.com,610564546
982,Lucas,Johnson,customer982@example.com,179830621
983,Lucas,King,customer983@example.com,705064109
984,Liam,Taylor,customer984@example.com,437675369
985,Emma,Anderson,customer985@example.com,730325223
986,Ava,Lopez,customer986@example.com,182611003
987,Mia,Taylor,customer987@example.com,705545509
988,Isabella,Scott,customer988@example.com,996199211
989,David,King,customer989@example.com,456192204
990,David,Wilson,customer990@example.com,948790854
991,Noah,Young,customer991@example.com,900427880
992,Sarah,Johnson,customer992@example.com,204889313
993,Anna,Thomas,customer993@example.com,181623972
994,John,Adams,customer994@example.com,925713533
995,Amelia,Adams,customer995@example.com,525956648
996,John,Smith,customer996@example.com,780884334
997,Lucas,Walker,customer997@example.com,626781451
998,Isabella,Clark,customer998@example.com,693819730
999,David,Lee,customer999@example.com,299434489
1000,Oscar,Lopez,customer1000@example.com,192013357
1001,Amelia,Garcia,customer1001@example.com,956905222
1002,Isabella,Brown,customer1002@example.com,188087644
1003,Lucas,Wilson,customer1003@example.com,508021882
1004,Ava,Lopez,customer1004@example.com,440030663
1005,Sarah,Davis,customer1005@example.com,198269319
1006,Emma,Garcia,customer1006@example.com,577531502
1007,Sarah,Martin,customer1007@example.com,209770151
1008,Ava,Brown,customer1008@example.com,301210399
1009,Anna,Walker,customer1009@example.com,698058121
1010,Nina,Young,customer1010@example.com,538134097
1011,Olivia,Smith,customer1011@example.com,196227496
1012,Sarah,King,customer1012@example.com,199926988
1013,Amelia,Adams,customer1013@example.com,942284665
1014,John,Lopez,customer1014@example.com,113250637
1015,Mia,Lee,customer1015@example.com,516396603
1016,Noah,King,customer1016@example.com,360642799
1017,Oscar,Young,customer1017@example.com,282088279
1018,David,Taylor,customer1018@example.com,249078381
1019,Lucas,Garcia,customer1019@example.com,388199600
1020,Laura,Wilson,customer1020@example.com,167932588
1021,Sophia,Lee,customer1021@example.com,396311802
1022,Anna,Garcia,customer1022@example.com,619939412
1023,Noah,Clark,customer1023@example.com,370260533
1024,Isabella,Hall,customer1024@example.com,737594763
1025,Amelia,Anderson,customer1025@example.com,591625191
1026,Olivia,Wilson,customer1026@example.com,427124037
1027,Emma,Lopez,customer1027@example.com,456715514
1028,Amelia,Lopez,customer1028@example.com,963370520
1029,John,Walker,customer1029@example.com,459420281
1030,Anna,Adams,customer1030@example.com,246162540
1031,Mia,Miller,customer1031@example.com,747693166
1032,Mason,Hall,customer1032@example.com,437351729
1033,Sophia,Lopez,customer1033@example.com,442671456
1034,Mia,Hall,customer1034@example.com,718345671
1035,Isabella,Miller,customer1035@example.com,503786306
1036,Lucas,Lopez,customer1036@example.com,491932454
1037,Olivia,Scott,customer1037@example.com,314533665
1038,Oscar,King,customer1038@example.com,293195372
1039,Nina,Smith,customer1039@example.com,880839406
1040,James,Anderson,customer1040@example.com,570787423
1041,Mia,Brown,customer1041@example.com,979357576
1042,Anna,Hall,customer1042@example.com,249442440
1043,Mia,Thomas,customer1043@example.com,371314895
1044,Ava,Lee,customer1044@example.com,947264726
1045,David,Brown,customer1045@example.com,582181718
1046,Amelia,Hall,customer1046@example.com,725179752
1047,David,King,customer1047@example.com,643971182
1048,Anna,King,customer1048@example.com,139476288
1049,Sarah,King,customer1049@example.com,737609304
1050,Noah,Davis,customer1050@example.com,925658123
1051,Isabella,Clark,customer1051@example.com,278604592
1052,Amelia,Johnson,customer1052@example.com,704753177
1053,David,Miller,customer1053@example.com,954946593
1054,Anna,Davis,customer1054@example.com,111325589
1055,Olivia,Martin,customer1055@example.com,338371847
1056,Daniel,Young,customer1056@example.com,699140867
1057,Oscar,Scott,customer1057@example.com,337331022
1058,James,Clark,customer1058@example.com,519977113
1059,James,Scott,customer1059@example.com,841351411
1060,Daniel,Wilson,customer1060@example.com,470405910
1061,Emma,Hall,customer1061@example.com,212259020
1062,Mia,Lee,customer1062@example.com,192185888
1063,Olivia,Wilson,customer1063@example.com,474015041
1064,Mia,Miller,customer1064@example.com,588909690
1065,Mason,Young,customer1065@example.com,618537844
1066,Sarah,Hall,customer1066@example.com,204821934
1067,James,Walker,customer1067@example.com,442426442
1068,Noah,Garcia,customer1068@example.com,147978060
1069,Olivia,Smith,customer1069@example.com,468377143
1070,Olivia,Taylor,customer1070@example.com,895094534
1071,Isabella,Young,customer1071@example.com,287317728
1072,Nina,Taylor,customer1072@example.com,455397438
1073,Nina,Lee,customer1073@example.com,596126873
1074,Isabella,Lopez,customer1074@example.com,776199993
1075,Sophia,Taylor,customer1075@example.com,787708952
1076,Anna,Lopez,customer1076@example.com,131344962
1077,Amelia,Anderson,customer1077@example.com,582727494
1078,Oscar,Lee,customer1078@example.com,517509245
1079,Emma,Anderson,customer1079@example.com,320959407
1080,Lucas,Brown,customer1080@example.com,719922596
1081,Olivia,King,customer1081@example.com,300746596
1082,Sarah,Miller,customer1082@example.com,311606895
1083,James,Davis,customer1083@example.com,381699808
1084,Laura,Young,customer1084@example.com,786237617
1085,John,Adams,customer1085@example.com,517298229
1086,Amelia,Lopez,customer1086@example.com,730291513
1087,Olivia,Clark,customer1087@example.com,477940931
1088,James,Adams,customer1088@example.com,285250002
1089,Mia,Adams,customer1089@example.com,733688460
1090,Noah,Wilson,customer1090@example.com,436280635
1091,Olivia,Thomas,customer1091@example.com,427899285
1092,Olivia,Taylor,customer1092@example.com,500834337
1093,Ava,Young,customer1093@example.com,517109257
1094,Anna,Adams,customer1094@example.com,248033880
1095,Oscar,Lopez,customer1095@example.com,554234434
1096,Sophia,Hall,customer1096@example.com,782364690
1097,Nina,Taylor,customer1097@example.com,695832844
1098,Sophia,Hall,customer1098@example.com,410133983
1099,Ava,Taylor,customer1099@example.com,437777716
1100,James,Adams,customer1100@example.com,157564650
1101,Sarah,Smith,customer1101@example.com,620344871
1102,Ava,Anderson,customer1102@example.com,975331448
1103,David,King,customer1103@example.com,642709938
1104,Laura,Lee,customer1104@example.com,835187452
1105,Laura,Lee,customer1105@example.com,862509565
1106,James,Hall,customer1106@example.com,279587066
1107,Noah,Scott,customer1107@example.com,133136428
1108,Isabella,Garcia,customer1108@example.com,135106082
1109,Lucas,Thomas,customer1109@example.com,677252858
1110,Mia,Taylor,customer1110@example.com,938313402
1111,James,Scott,customer1111@example.com,897272900
1112,Laura,King,customer1112@example.com,648473746
1113,Olivia,Scott,customer1113@example.com,222628457
1114,Lucas,King,customer1114@example.com,983993176
1115,Sarah,King,customer1115@example.com,983271755
1116,Liam,Walker,customer1116@example.com,686642360
1117,Mason,Lee,customer1117@example.com,209968815
1118,Isabella,Garcia,customer1118@example.com,134607126
1119,James,Martin,customer1119@example.com,474281674
1120,Noah,Walker,customer1120@example.com,226042285
1121,Isabella,Anderson,customer1121@example.com,970485411
1122,Oscar,Clark,customer1122@example.com,863166250
1123,Amelia,Lee,customer1123@example.com,278221407
1124,Amelia,Wilson,customer1124@example.com,942725534
1125,Mason,Anderson,customer1125@example.com,964835149
1126,Liam,Scott,customer1126@example.com,476685251
1127,Nina,Martin,customer1127@example.com,740871060
1128,Nina,Taylor,customer1128@example.com,447520416
1129,Mia,Garcia,customer1129@example.com,714970148
1130,Lucas,Young,customer1130@example.com,829392084
1131,Olivia,Wilson,customer1131@example.com,905407446
1132,Anna,Johnson,customer1132@example.com,397773877
1133,Ava,Wilson,customer1133@example.com,368088898
1134,Ava,Miller,customer1134@example.com,989575564
1135,Isabella,Lopez,customer1135@example.com,625552311
1136,Ava,Scott,customer1136@example.com,779036456
1137,Lucas,Lee,customer1137@example.com,502838221
1138,James,Brown,customer1138@example.com,780352629
1139,Noah,Lopez,customer1139@example.com,653635749
1140,Lucas,Clark,customer1140@example.com,588225728
1141,Laura,Miller,customer1141@example.com,724870012
1142,Emma,Brown,customer1142@example.com,884832186
1143,James,Clark,customer1143@example.com,168000803
1144,Nina,Lopez,customer1144@example.com,333893106
1145,Anna,Anderson,customer1145@example.com,631196129
1146,Lucas,Miller,customer1146@example.com,989427187
1147,Mia,Miller,customer1147@example.com,687670209
1148,Oscar,Wilson,customer1148@example.com,707890457
1149,Laura,Miller,customer1149@example.com,832884547
1150,Liam,Johnson,customer1150@example.com,206917560
1151,James,Smith,customer1151@example.com,233398648
1152,Sophia,Walker,customer1152@example.com,590182620
1153,Emma,Lee,customer1153@example.com,317237515
1154,Ava,Garcia,customer1154@example.com,270700744
1155,Lucas,Brown,customer1155@example.com,802858478
1156,Sarah,Martin,customer1156@example.com,188498371
1157,Sarah,Taylor,customer1157@example.com,155606161
1158,David,Garcia,customer1158@example.com,879524067
1159,Isabella,Lee,customer1159@example.com,803821904
1160,Noah,Davis,customer1160@example.com,101166414
1161,Mason,Hall,customer1161@example.com,183686071
1162,Ava,Scott,customer1162@example.com,342870588
1163,Daniel,Walker,customer1163@example.com,109971784
1164,Emma,Miller,customer1164@example.com,977364141
1165,Olivia,Lee,customer1165@example.com,845210115
1166,Ava,Hall,customer1166@example.com,176051319
1167,Isabella,Lopez,customer1167@example.com,195918514
1168,Olivia,Davis,customer1168@example.com,436458586
1169,Sarah,Garcia,customer1169@example.com,247241457
1170,David,Wilson,customer1170@example.com,788887139
1171,Ava,Brown,customer1171@example.com,669628927
1172,Oscar,Smith,customer1172@example.com,755325292
1173,Sophia,Walker,customer1173@example.com,477084942
1174,Mason,Wilson,customer1174@example.com,542070132
1175,Amelia,Walker,customer1175@example.com,333264702
1176,Noah,Davis,customer1176@example.com,250337960
1177,Olivia,Scott,customer1177@example.com,883841357
1178,David,Clark,customer1178@example.com,561052655
1179,John,Wilson,customer1179@example.com,366058599
1180,Lucas,Brown,customer1180@example.com,366467312
1181,Nina,Adams,customer1181@example.com,744253537
1182,Amelia,Garcia,customer1182@example.com,936412291
1183,Emma,Garcia,customer1183@example.com,320595661
1184,Daniel,Adams,customer1184@example.com,647095694
1185,Mason,Lopez,customer1185@example.com,417335858
1186,Liam,Thomas,customer1186@example.com,631381642
1187,David,Davis,customer1187@example.com,358859561
1188,Laura,Adams,customer1188@example.com,176248559
1189,Daniel,Smith,customer1189@example.com,487726245
1190,John,Wilson,customer1190@example.com,515364404
1191,Oscar,Lee,customer1191@example.com,492358645
1192,Nina,Taylor,customer1192@example.com,918970742
1193,Laura,Brown,customer1193@example.com,117920106
1194,Oscar,Brown,customer1194@example.com,114810579
1195,Lucas,Anderson,customer1195@example.com,142763764
1196,Liam,Lopez,customer1196@example.com,643968992
1197,Mia,Young,customer1197@example.com,923678093
1198,Anna,Lee,customer1198@example.com,853563434
1199,David,Brown,customer1199@example.com,787771674
1200,Nina,King,customer1200@example.com,761475488
1201,Ava,Martin,customer1201@example.com,189761677
1202,Mia,Brown,customer1202@example.com,649009234
1203,Mason,Wilson,customer1203@example.com,675944565
1204,John,Lopez,customer1204@example.com,729682105
1205,Noah,Garcia,customer1205@example.com,850197517
1206,Anna,Thomas,customer1206@example.com,162176039
1207,Isabella,Brown,customer1207@example.com,566523205
1208,Olivia,Walker,customer1208@example.com,757448675
1209,Amelia,Johnson,customer1209@example.com,432097676
1210,Sophia,Davis,customer1210@example.com,113598909
1211,Ava,Smith,customer1211@example.com,275913951
1212,Laura,Clark,customer1212@example.com,661572729
1213,Daniel,Martin,customer1213@example.com,279275105
1214,Sarah,Wilson,customer1214@example.com,905066256
1215,Lucas,Davis,customer1215@example.com,928316966
1216,Emma,Miller,customer1216@example.com,966625455
1217,Anna,Martin,customer1217@example.com,662484182
1218,Noah,Martin,customer1218@example.com,864851260
1219,Oscar,Brown,customer1219@example.com,632734398
1220,James,Young,customer1220@example.com,486680089
1221,Liam,Hall,customer1221@example.com,708689346
1222,Sophia,Clark,customer1222@example.com,268910304
1223,Lucas,Davis,customer1223@example.com,716233644
1224,Olivia,Thomas,customer1224@example.com,895406424
1225,Daniel,Smith,customer1225@example.com,147285340
1226,Emma,Thomas,customer1226@example.com,149372289
1227,Laura,Clark,customer1227@example.com,511221078
1228,Ava,Taylor,customer1228@example.com,137971349
1229,Nina,Lee,customer1229@example.com,341071485
1230,John,Thomas,customer1230@example.com,546952114
1231,John,Martin,customer1231@example.com,986907524
1232,Noah,Scott,customer1232@example.com,500299721
1233,Olivia,Young,customer1233@example.com,822977979
1234,Liam,Taylor,customer1234@example.com,339643129
1235,Daniel,Johnson,customer1235@example.com,530489781
1236,Noah,Walker,customer1236@example.com,403124688
1237,Mia,Miller,customer1237@example.com,192755745
1238,Nina,Walker,customer1238@example.com,108556837
1239,Sarah,Anderson,customer1239@example.com,413097844
1240,Oscar,Garcia,customer1240@example.com,894113665
1241,Amelia,Thomas,customer1241@example.com,598137488
1242,Sarah,Scott,customer1242@example.com,629741991
1243,Mason,King,customer1243@example.com,916561565
1244,Isabella,Wilson,customer1244@example.com,106848195
1245,Anna,Smith,customer1245@example.com,350179421
1246,Nina,Clark,customer1246@example.com,782837348
1247,Emma,Miller,customer1247@example.com,101569849
1248,David,Garcia,customer1248@example.com,211614410
1249,Mason,Young,customer1249@example.com,355730504
1250,Anna,Hall,customer1250@example.com,164311845
1251,Ava,Martin,customer1251@example.com,199886596
1252,Liam,Thomas,customer1252@example.com,658087211
1253,Anna,Clark,customer1253@example.com,592265554
1254,Noah,Scott,customer1254@example.com,202625025
1255,Daniel,Wilson,customer1255@example.com,784205125
1256,David,Brown,customer1256@example.com,735543236
1257,Oscar,Johnson,customer1257@example.com,567059305
1258,Ava,Thomas,customer1258@example.com,413184748
1259,Lucas,Miller,customer1259@example.com,959870518
1260,David,Miller,customer1260@example.com,441511874
1261,James,Martin,customer1261@example.com,350838144
1262,Noah,Anderson,customer1262@example.com,246148980
1263,Oscar,Davis,customer1263@example.com,266870811
1264,Olivia,Taylor,customer1264@example.com,582718617
1265,James,Miller,customer1265@example.com,536489528
1266,Olivia,King,customer1266@example.com,484708210
1267,Mason,Walker,customer1267@example.com,431042889
1268,James,Martin,customer1268@example.com,228756206
1269,Noah,Taylor,customer1269@example.com,967150570
1270,Mia,Adams,customer1270@example.com,143303806
1271,Mason,Miller,customer1271@example.com,259261469
1272,Noah,Thomas,customer1272@example.com,481975879
1273,David,Young,customer1273@example.com,152560325
1274,Mia,Martin,customer1274@example.com,980564513
1275,Sophia,Smith,customer1275@example.com,534212844
1276,James,King,customer1276@example.com,903243119
1277,Nina,Thomas,customer1277@example.com,201710492
1278,James,Davis,customer1278@example.com,963177562
1279,Ava,Davis,customer1279@example.com,112838650
1280,Liam,Thomas,customer1280@example.com,240354421
1281,Mason,Lopez,customer1281@example.com,499689381
1282,Noah,Scott,customer1282@example.com,729340221
1283,Lucas,Brown,customer1283@example.com,123407763
1284,Noah,Anderson,customer1284@example.com,793623149
1285,James,Wilson,customer1285@example.com,198761306
1286,John,Davis,customer1286@example.com,145844821
1287,James,Johnson,customer1287@example.com,280377032
1288,Oscar,Lee,customer1288@example.com,982277976
1289,David,Hall,customer1289@example.com,131656371
1290,David,Lee,customer1290@example.com,285550328
1291,Sarah,Anderson,customer1291@example.com,300951978
1292,Lucas,Martin,customer1292@example.com,578901124
1293,Ava,Johnson,customer1293@example.com,759391912
1294,Amelia,Adams,customer1294@example.com,363909394
1295,Mia,Hall,customer1295@example.com,542373256
1296,Nina,Hall,customer1296@example.com,165475776
1297,Noah,Martin,customer1297@example.com,511259527
1298,Ava,Lee,customer1298@example.com,314166184
1299,Daniel,Thomas,customer1299@example.com,777267364
1300,Nina,Smith,customer1300@example.com,510704185
1301,Sarah,Hall,customer1301@example.com,684671539
1302,Laura,Clark,customer1302@example.com,707363258
1303,Daniel,Miller,customer1303@example.com,517021222
1304,Lucas,Taylor,customer1304@example.com,127984900
1305,John,Adams,customer1305@example.com,335171142
1306,Emma,Martin,customer1306@example.com,162911855
1307,Laura,Young,customer1307@example.com,483790644
1308,Oscar,Thomas,customer1308@example.com,271395839
1309,Olivia,Thomas,customer1309@example.com,805302800
1310,Isabella,Martin,customer1310@example.com,673044801
1311,Liam,Thomas,customer1311@example.com,718144695
1312,David,Clark,customer1312@example.com,286521875
1313,Sophia,Thomas,customer1313@example.com,736212983
1314,John,Clark,customer1314@example.com,735185398
1315,Emma,Clark,customer1315@example.com,709511014
1316,Oscar,Wilson,customer1316@example.com,704633564
1317,Mason,Hall,customer1317@example.com,682101860
1318,Mia,Taylor,customer1318@example.com,626602103
1319,Liam,Brown,customer1319@example.com,160309911
1320,Isabella,Adams,customer1320@example.com,334944315
1321,Emma,Young,customer1321@example.com,613236768
1322,Emma,Miller,customer1322@example.com,759422189
1323,Mason,Wilson,customer1323@example.com,465887237
1324,Sophia,Miller,customer1324@example.com,163947730
1325,Emma,Wilson,customer1325@example.com,729866807
1326,Ava,Davis,customer1326@example.com,665104817
1327,Sarah,Brown,customer1327@example.com,501140044
1328,David,Scott,customer1328@example.com,208482467
1329,John,Garcia,customer1329@example.com,446392556
1330,Ava,Taylor,customer1330@example.com,886356993
1331,Anna,Hall,customer1331@example.com,797052007
1332,John,Taylor,customer1332@example.com,859331874
1333,Nina,Adams,customer1333@example.com,945026004
1334,Sarah,Thomas,customer1334@example.com,814609188
1335,Oscar,Taylor,customer1335@example.com,506286844
1336,Mia,Garcia,customer1336@example.com,236739271
1337,Sophia,Smith,customer1337@example.com,853775825
1338,Oscar,Lopez,customer1338@example.com,927672827
1339,Oscar,Johnson,customer1339@example.com,295508799
1340,Amelia,Miller,customer1340@example.com,968449816
1341,Amelia,Thomas,customer1341@example.com,786815488
1342,Oscar,Davis,customer1342@example.com,632774653
1343,Ava,Miller,customer1343@example.com,900306310
1344,Noah,Thomas,customer1344@example.com,472384530
1345,John,Taylor,customer1345@example.com,783100341
1346,Noah,Miller,customer1346@example.com,579565240
1347,Emma,Martin,customer1347@example.com,325146786
1348,Isabella,Brown,customer1348@example.com,476326283
1349,Lucas,Davis,customer1349@example.com,873538202
1350,Emma,Johnson,customer1350@example.com,514396801
1351,James,Lee,customer1351@example.com,278604541
1352,Anna,Hall,customer1352@example.com,506639535
1353,Sarah,King,customer1353@example.com,503026384
1354,Olivia,Hall,customer1354@example.com,946892378
1355,Oscar,Thomas,customer1355@example.com,274651099
1356,James,Brown,customer1356@example.com,958128631
1357,Liam,Garcia,customer1357@example.com,121558591
1358,John,Martin,customer1358@example.com,212447665
1359,Noah,Miller,customer1359@example.com,282649071
1360,David,Taylor,customer1360@example.com,885963005
1361,Noah,King,customer1361@example.com,199970392
1362,John,Adams,customer1362@example.com,758896006
1363,Laura,Smith,customer1363@example.com,563129902
1364,Sophia,Adams,customer1364@example.com,566219118
1365,Sophia,Johnson,customer1365@example.com,208724746
1366,John,Anderson,customer1366@example.com,303994042
1367,Anna,King,customer1367@example.com,875282507
1368,Nina,Martin,customer1368@example.com,809311588
1369,Mia,Garcia,customer1369@example.com,355065530
1370,Olivia,Johnson,customer1370@example.com,521875543
1371,Oscar,King,customer1371@example.com,627151698
1372,Ava,Johnson,customer1372@example.com,487437109
1373,Emma,Lee,customer1373@example.com,194090232
1374,Mia,Adams,customer1374@example.com,615748688
1375,Mason,Davis,customer1375@example.com,127633490
1376,Mason,Taylor,customer1376@example.com,785252000
1377,Mia,Brown,customer1377@example.com,608492614
1378,Olivia,Garcia,customer1378@example.com,942754807
1379,David,Hall,customer1379@example.com,625163699
1380,Lucas,Brown,customer1380@example.com,789198776
1381,Nina,Lopez,customer1381@example.com,298514700
1382,Sarah,Lopez,customer1382@example.com,496642020
1383,Sophia,Walker,customer1383@example.com,147907058
1384,Lucas,Walker,customer1384@example.com,599352182
1385,Lucas,Thomas,customer1385@example.com,998806471
1386,Lucas,Scott,customer1386@example.com,166184772
1387,Ava,Davis,customer1387@example.com,192027526
1388,Sarah,King,customer1388@example.com,544514776
1389,Oscar,Thomas,customer1389@example.com,694425527
1390,Liam,Lopez,customer1390@example.com,978755907
1391,Daniel,Lee,customer1391@example.com,675004218
1392,Laura,Scott,customer1392@example.com,353018691
1393,Laura,Garcia,customer1393@example.com,184777341
1394,David,Johnson,customer1394@example.com,639127345
1395,Oscar,Young,customer1395@example.com,959477004
1396,Oscar,Adams,customer1396@example.com,258320719
1397,Olivia,Walker,customer1397@example.com,285627380
1398,Sophia,Anderson,customer1398@example.com,968078090
1399,Mason,Wilson,customer1399@example.com,145822897
1400,Anna,Brown,customer1400@example.com,833500385
1401,Anna,Anderson,customer1401@example.com,983221403
1402,Ava,Adams,customer1402@example.com,376903372
1403,John,Brown,customer1403@example.com,193445007
1404,David,King,customer1404@example.com,526656677
1405,Nina,Miller,customer1405@example.com,396568375
1406,Daniel,Walker,customer1406@example.com,113275526
1407,Amelia,Scott,customer1407@example.com,661096687
1408,Anna,Davis,customer1408@example.com,545004139
1409,Ava,Wilson,customer1409@example.com,708375597
1410,Oscar,Scott,customer1410@example.com,914301516
1411,Olivia,Davis,customer1411@example.com,704177085
1412,Olivia,Garcia,customer1412@example.com,675132064
1413,Sarah,Lee,customer1413@example.com,383614547
1414,David,Hall,customer1414@example.com,714205272
1415,Amelia,Hall,customer1415@example.com,140228456
1416,Sophia,Martin,customer1416@example.com,532689999
1417,Ava,Adams,customer1417@example.com,753538609
1418,David,Johnson,customer1418@example.com,524979220
1419,John,Thomas,customer1419@example.com,152925780
1420,Laura,Martin,customer1420@example.com,499905152
1421,Emma,Miller,customer1421@example.com,977661452
1422,Mia,Garcia,customer1422@example.com,401019924
1423,Laura,Davis,customer1423@example.com,344767409
1424,Ava,Garcia,customer1424@example.com,898567178
1425,James,Miller,customer1425@example.com,389287503
1426,Anna,Adams,customer1426@example.com,793159203
1427,Noah,Anderson,customer1427@example.com,574289591
1428,Mason,Lee,customer1428@example.com,895583423
1429,Laura,Young,customer1429@example.com,501483027
1430,Liam,Young,customer1430@example.com,949856342
1431,Sophia,Brown,customer1431@example.com,434065879
1432,Daniel,Lopez,customer1432@example.com,245652883
1433,Daniel,Scott,customer1433@example.com,131082848
1434,Sophia,Anderson,customer1434@example.com,994351711
1435,Mason,Johnson,customer1435@example.com,367888133
1436,Liam,Walker,customer1436@example.com,154287614
1437,Sarah,Anderson,customer1437@example.com,394181098
1438,Sarah,Walker,customer1438@example.com,642375317
1439,David,Davis,customer1439@example.com,831405402
1440,Emma,Thomas,customer1440@example.com,499933139
1441,Laura,Adams,customer1441@example.com,578999915
1442,Sophia,Hall,customer1442@example.com,730157871
1443,Nina,Clark,customer1443@example.com,469634556
1444,Sophia,Martin,customer1444@example.com,904190892
1445,Noah,Garcia,customer1445@example.com,129474736
1446,David,Johnson,customer1446@example.com,274920492
1447,Oscar,Anderson,customer1447@example.com,337673911
1448,Isabella,Anderson,customer1448@example.com,388926290
1449,Anna,Young,customer1449@example.com,121531054
1450,Emma,Hall,customer1450@example.com,242071170
1451,Sophia,Adams,customer1451@example.com,959922040
1452,Emma,Thomas,customer1452@example.com,371002172
1453,Amelia,Garcia,customer1453@example.com,865299271
1454,Lucas,Lee,customer1454@example.com,504237434
1455,Sarah,Walker,customer1455@example.com,370581558
1456,Mason,Walker,customer1456@example.com,424425818
1457,Daniel,Adams,customer1457@example.com,526439295
1458,Oscar,Davis,customer1458@example.com,107889398
1459,Daniel,Clark,customer1459@example.com,702859986
1460,Amelia,Adams,customer1460@example.com,403521991
1461,Mia,Davis,customer1461@example.com,617262695
1462,Noah,Miller,customer1462@example.com,396871629
1463,John,Martin,customer1463@example.com,380404354
1464,Mia,Anderson,customer1464@example.com,260985353
1465,Daniel,Thomas,customer1465@example.com,160961339
1466,Amelia,Lopez,customer1466@example.com,809239039
1467,John,Wilson,customer1467@example.com,874471936
1468,Emma,Hall,customer1468@example.com,417403063
1469,Lucas,Lee,customer1469@example.com,534434754
1470,David,Johnson,customer1470@example.com,726016935
1471,Oscar,Anderson,customer1471@example.com,468472812
1472,Isabella,King,customer1472@example.com,785383997
1473,Laura,Clark,customer1473@example.com,644725181
1474,Mia,Taylor,customer1474@example.com,806108387
1475,Nina,Taylor,customer1475@example.com,415448230
1476,Olivia,Hall,customer1476@example.com,237378973
1477,Lucas,King,customer1477@example.com,919177195
1478,Sophia,Miller,customer1478@example.com,802693852
1479,Noah,Thomas,customer1479@example.com,481482646
1480,Isabella,Garcia,customer1480@example.com,551478978
1481,John,Clark,customer1481@example.com,379773344
1482,Oscar,Garcia,customer1482@example.com,597959181
1483,Olivia,Hall,customer1483@example.com,157635190
1484,Oscar,Scott,customer1484@example.com,766422911
1485,Noah,Hall,customer1485@example.com,308889819
1486,Daniel,Davis,customer1486@example.com,830893658
1487,David,Young,customer1487@example.com,420357050
1488,Anna,Johnson,customer1488@example.com,261897130
1489,Ava,Anderson,customer1489@example.com,467938988
1490,Anna,Scott,customer1490@example.com,591313587
1491,Ava,Miller,customer1491@example.com,868443155
1492,Sophia,Brown,customer1492@example.com,623535947
1493,John,Taylor,customer1493@example.com,436525794
1494,Liam,Smith,customer1494@example.com,585388459
1495,Lucas,Anderson,customer1495@example.com,917325063
1496,Sophia,Scott,customer1496@example.com,920858166
1497,Sophia,Hall,customer1497@example.com,943113786
1498,Noah,Wilson,customer1498@example.com,759792599
1499,Anna,Lee,customer1499@example.com,533140455
1500,Anna,Hall,customer1500@example.com,511582876
1501,Emma,Johnson,customer1501@example.com,673144707
1502,Mason,Clark,customer1502@example.com,115115189
1503,John,Young,customer1503@example.com,304630191
1504,Emma,Smith,customer1504@example.com,772899961
1505,Isabella,Thomas,customer1505@example.com,844666527
1506,Sarah,Garcia,customer1506@example.com,238438399
1507,Olivia,Lopez,customer1507@example.com,640453426
1508,Oscar,Garcia,customer1508@example.com,279336562
1509,Noah,Johnson,customer1509@example.com,420192227
1510,Mia,Walker,customer1510@example.com,881503560
1511,Daniel,Adams,customer1511@example.com,662767039
1512,John,Lee,customer1512@example.com,837424573
1513,Ava,Miller,customer1513@example.com,626325353
1514,Sarah,Anderson,customer1514@example.com,277042316
1515,David,Smith,customer1515@example.com,345262270
1516,Isabella,Wilson,customer1516@example.com,326763783
1517,Emma,Scott,customer1517@example.com,641846158
1518,Sophia,Davis,customer1518@example.com,493624575
1519,Liam,Lopez,customer1519@example.com,787539531
1520,Lucas,King,customer1520@example.com,769085879
1521,Liam,Adams,customer1521@example.com,151497057
1522,Olivia,Smith,customer1522@example.com,151791998
1523,Olivia,Lee,customer1523@example.com,577078832
1524,David,Davis,customer1524@example.com,687639985
1525,Lucas,Hall,customer1525@example.com,853625262
1526,Ava,Anderson,customer1526@example.com,846456758
1527,Emma,Garcia,customer1527@example.com,551907286
1528,Olivia,Young,customer1528@example.com,389885759
1529,Amelia,Adams,customer1529@example.com,852399189
1530,Ava,Lee,customer1530@example.com,991906567
1531,Olivia,Young,customer1531@example.com,871769353
1532,Amelia,Davis,customer1532@example.com,403554082
1533,Olivia,Davis,customer1533@example.com,634443249
1534,Mason,Adams,customer1534@example.com,314479266
1535,Lucas,Young,customer1535@example.com,316544937
1536,Sarah,Lee,customer1536@example.com,417130941
1537,Sophia,Johnson,customer1537@example.com,688559516
1538,Laura,Anderson,customer1538@example.com,838953322
1539,Laura,Miller,customer1539@example.com,351798116
1540,Emma,Smith,customer1540@example.com,821160591
1541,Noah,Davis,customer1541@example.com,996823706
1542,Oscar,Hall,customer1542@example.com,260142678
1543,Noah,Young,customer1543@example.com,180582403
1544,Olivia,Martin,customer1544@example.com,791851361
1545,Isabella,Walker,customer1545@example.com,417851397
1546,Lucas,Walker,customer1546@example.com,153773200
1547,Olivia,Taylor,customer1547@example.com,142353230
1548,Mia,Clark,customer1548@example.com,960707259
1549,John,Lee,customer1549@example.com,893001503
1550,Olivia,Davis,customer1550@example.com,914115345
1551,Liam,Smith,customer1551@example.com,248599901
1552,Sophia,Miller,customer1552@example.com,483892122
1553,James,Adams,customer1553@example.com,388095021
1554,Noah,Clark,customer1554@example.com,975061242
1555,John,Taylor,customer1555@example.com,222226183
1556,David,Lopez,customer1556@example.com,590204687
1557,Lucas,Lopez,customer1557@example.com,840777094
1558,Laura,Lee,customer1558@example.com,796693603
1559,Sophia,Davis,customer1559@example.com,242283221
1560,Liam,Taylor,customer1560@example.com,211361103
1561,Anna,Scott,customer1561@example.com,618268171
1562,Oscar,Walker,customer1562@example.com,294627041
1563,Amelia,Lopez,customer1563@example.com,936621291
1564,Sarah,Adams,customer1564@example.com,130941191
1565,Ava,Hall,customer1565@example.com,624117847
1566,Olivia,Lee,customer1566@example.com,573185010
1567,Liam,Brown,customer1567@example.com,380904676
1568,John,Smith,customer1568@example.com,856524312
1569,Daniel,Scott,customer1569@example.com,877145921
1570,Oscar,Thomas,customer1570@example.com,819239897
1571,John,Young,customer1571@example.com,661677752
1572,Amelia,Davis,customer1572@example.com,564766900
1573,Isabella,Hall,customer1573@example.com,471245687
1574,David,Wilson,customer1574@example.com,987380851
1575,Nina,Adams,customer1575@example.com,158589922
1576,Emma,Taylor,customer1576@example.com,642849045
1577,Laura,Hall,customer1577@example.com,277601056
1578,Noah,Hall,customer1578@example.com,444277942
1579,Isabella,Miller,customer1579@example.com,398668947
1580,Liam,Young,customer1580@example.com,339129305
1581,Nina,Lopez,customer1581@example.com,533015368
1582,Isabella,Brown,customer1582@example.com,592949064
1583,James,Scott,customer1583@example.com,581142194
1584,Noah,Hall,customer1584@example.com,580035742
1585,John,Davis,customer1585@example.com,634050562
1586,Emma,Davis,customer1586@example.com,533190034
1587,Anna,Johnson,customer1587@example.com,698214865
1588,Nina,Smith,customer1588@example.com,986812783
1589,Noah,Adams,customer1589@example.com,764717221
1590,Mia,Young,customer1590@example.com,703800000
1591,Mason,Walker,customer1591@example.com,465989408
1592,Sarah,Johnson,customer1592@example.com,976805431
1593,Isabella,Walker,customer1593@example.com,456452891
1594,Nina,Adams,customer1594@example.com,744192644
1595,Laura,Clark,customer1595@example.com,868706268
1596,James,Davis,customer1596@example.com,204622201
1597,Isabella,Smith,customer1597@example.com,466529415
1598,Sarah,Garcia,customer1598@example.com,688078280
1599,Daniel,Clark,customer1599@example.com,853869899
1600,Olivia,Johnson,customer1600@example.com,276260482
1601,Laura,Wilson,customer1601@example.com,982442542
1602,Anna,Davis,customer1602@example.com,373041065
1603,Amelia,Anderson,customer1603@example.com,301373196
1604,Olivia,Lopez,customer1604@example.com,331487470
1605,James,Anderson,customer1605@example.com,869645166
1606,John,Davis,customer1606@example.com,912982916
1607,Anna,Johnson,customer1607@example.com,779936769
1608,Oscar,Davis,customer1608@example.com,929084565
1609,James,Walker,customer1609@example.com,807012492
1610,Oscar,Young,customer1610@example.com,244564312
1611,Laura,Smith,customer1611@example.com,669474377
1612,Liam,King,customer1612@example.com,564726604
1613,Oscar,Hall,customer1613@example.com,645818292
1614,Sophia,Scott,customer1614@example.com,286455552
1615,Ava,Davis,customer1615@example.com,515973568
1616,Amelia,Adams,customer1616@example.com,445577110
1617,Daniel,Lopez,customer1617@example.com,549537843
1618,Amelia,Thomas,customer1618@example.com,393771337
1619,David,Miller,customer1619@example.com,415866432
1620,James,Wilson,customer1620@example.com,248369653
1621,Anna,Adams,customer1621@example.com,851634610
1622,Daniel,Garcia,customer1622@example.com,853223780
1623,Nina,Miller,customer1623@example.com,864369269
1624,Nina,Anderson,customer1624@example.com,315703009
1625,Mason,Adams,customer1625@example.com,867064555
1626,Mia,Clark,customer1626@example.com,821955780
1627,Ava,Taylor,customer1627@example.com,641051458
1628,Nina,Miller,customer1628@example.com,862735437
1629,Olivia,Clark,customer1629@example.com,703743777
1630,Laura,Scott,customer1630@example.com,712718094
1631,Anna,King,customer1631@example.com,407012827
1632,Anna,Smith,customer1632@example.com,661277051
1633,Olivia,Smith,customer1633@example.com,508956386
1634,Ava,Johnson,customer1634@example.com,819679947
1635,Liam,Anderson,customer1635@example.com,386665729
1636,Sophia,Garcia,customer1636@example.com,833784779
1637,Lucas,Wilson,customer1637@example.com,166607238
1638,Mia,Anderson,customer1638@example.com,909165341
1639,Nina,Johnson,customer1639@example.com,485132332
1640,James,Davis,customer1640@example.com,761541819
1641,Nina,Thomas,customer1641@example.com,897159606
1642,Nina,Lopez,customer1642@example.com,355116198
1643,Daniel,Garcia,customer1643@example.com,844034445
1644,Liam,Lopez,customer1644@example.com,516133637
1645,Anna,Miller,customer1645@example.com,692839277
1646,Liam,Smith,customer1646@example.com,898509546
1647,Lucas,Anderson,customer1647@example.com,766323040
1648,James,Thomas,customer1648@example.com,780525215
1649,Sarah,Scott,customer1649@example.com,686923535
1650,Amelia,Anderson,customer1650@example.com,933381221
1651,Mason,Garcia,customer1651@example.com,581911354
1652,Sophia,Brown,customer1652@example.com,300764570
1653,Sophia,Young,customer1653@example.com,228155179
1654,David,Johnson,customer1654@example.com,560106760
1655,Lucas,King,customer1655@example.com,383725108
1656,Ava,Taylor,customer1656@example.com,727050254
1657,Lucas,Smith,customer1657@example.com,454939091
1658,James,Wilson,customer1658@example.com,142885885
1659,Ava,Miller,customer1659@example.com,740895381
1660,Liam,Adams,customer1660@example.com,810699207
1661,Mia,Hall,customer1661@example.com,948157453
1662,Oscar,King,customer1662@example.com,484491474
1663,Noah,Miller,customer1663@example.com,664138658
1664,Isabella,Taylor,customer1664@example.com,658996745
1665,Noah,Young,customer1665@example.com,271122762
1666,Anna,King,customer1666@example.com,676637967
1667,David,Brown,customer1667@example.com,475168561
1668,Isabella,Anderson,customer1668@example.com,812249975
1669,John,Miller,customer1669@example.com,487403718
1670,Mia,Anderson,customer1670@example.com,908157894
1671,Amelia,Young,customer1671@example.com,609874021
1672,Nina,Smith,customer1672@example.com,223181755
1673,Sarah,Walker,customer1673@example.com,358071565
1674,Amelia,Adams,customer1674@example.com,361807423
1675,Liam,Miller,customer1675@example.com,509495719
1676,Olivia,Lopez,customer1676@example.com,375512010
1677,Nina,Garcia,customer1677@example.com,126527569
1678,Daniel,Clark,customer1678@example.com,652235149
1679,Daniel,Walker,customer1679@example.com,622702576
1680,Liam,Garcia,customer1680@example.com,799573076
1681,Mason,Miller,customer1681@example.com,651790232
1682,Noah,Davis,customer1682@example.com,279738803
1683,Nina,King,customer1683@example.com,107871158
1684,Noah,Anderson,customer1684@example.com,819766863
1685,Mason,Lee,customer1685@example.com,997288545
1686,Olivia,Anderson,customer1686@example.com,677409188
1687,Anna,Brown,customer1687@example.com,901967913
1688,Ava,Smith,customer1688@example.com,593089342
1689,John,Johnson,customer1689@example.com,193974854
1690,Noah,Johnson,customer1690@example.com,291117627
1691,Lucas,King,customer1691@example.com,175636616
1692,Oscar,Thomas,customer1692@example.com,377721135
1693,Anna,Lopez,customer1693@example.com,584392493
1694,David,Lee,customer1694@example.com,439736473
1695,Emma,Lopez,customer1695@example.com,822949013
1696,Olivia,King,customer1696@example.com,106333920
1697,Amelia,Brown,customer1697@example.com,911706504
1698,Oscar,Johnson,customer1698@example.com,852566344
1699,Noah,Clark,customer1699@example.com,639917068
1700,Olivia,Garcia,customer1700@example.com,944918740
1701,Mia,Adams,customer1701@example.com,192884274
1702,Mia,Walker,customer1702@example.com,509539711
1703,David,Smith,customer1703@example.com,608940398
1704,Sophia,King,customer1704@example.com,336079027
1705,Ava,Lopez,customer1705@example.com,955525741
1706,Nina,Garcia,customer1706@example.com,780801356
1707,Ava,Garcia,customer1707@example.com,827233573
1708,Sarah,Smith,customer1708@example.com,694342064
1709,Nina,Wilson,customer1709@example.com,232322744
1710,Liam,Smith,customer1710@example.com,714951911
1711,Amelia,Lopez,customer1711@example.com,676762622
1712,Nina,Brown,customer1712@example.com,427159637
1713,Mason,Clark,customer1713@example.com,327350811
1714,Anna,Young,customer1714@example.com,252960017
1715,Sophia,Taylor,customer1715@example.com,337069279
1716,Amelia,Martin,customer1716@example.com,308656189
1717,Olivia,Taylor,customer1717@example.com,820457041
1718,Oscar,Johnson,customer1718@example.com,906425007
1719,Nina,Walker,customer1719@example.com,792213989
1720,Nina,Brown,customer1720@example.com,412085927
1721,Noah,Martin,customer1721@example.com,205444031
1722,Mason,Scott,customer1722@example.com,623116712
1723,John,Clark,customer1723@example.com,237669962
1724,Isabella,Davis,customer1724@example.com,406163675
1725,Amelia,Brown,customer1725@example.com,307767506
1726,John,Hall,customer1726@example.com,583877436
1727,John,Adams,customer1727@example.com,808049250
1728,Mia,Scott,customer1728@example.com,263632841
1729,Oscar,Scott,customer1729@example.com,491371841
1730,John,Lee,customer1730@example.com,281075299
1731,Emma,Miller,customer1731@example.com,364328543
1732,Isabella,Lee,customer1732@example.com,397082704
1733,Sarah,Wilson,customer1733@example.com,829693657
1734,John,Hall,customer1734@example.com,596979657
1735,James,Clark,customer1735@example.com,931899691
1736,Mia,Hall,customer1736@example.com,692353117
1737,Olivia,Taylor,customer1737@example.com,793155758
1738,Amelia,Brown,customer1738@example.com,401309071
1739,Ava,King,customer1739@example.com,310917183
1740,Lucas,Brown,customer1740@example.com,881067043
1741,Noah,Smith,customer1741@example.com,644578566
1742,Emma,Scott,customer1742@example.com,721589989
1743,David,Scott,customer1743@example.com,328450041
1744,Liam,King,customer1744@example.com,379834642
1745,Nina,King,customer1745@example.com,606917752
1746,Ava,Clark,customer1746@example.com,521441892
1747,Isabella,Scott,customer1747@example.com,887296307
1748,Mia,Wilson,customer1748@example.com,598969054
1749,Daniel,Young,customer1749@example.com,197231642
1750,David,Clark,customer1750@example.com,639198004
1751,Emma,Thomas,customer1751@example.com,966015789
1752,Amelia,Taylor,customer1752@example.com,913043828
1753,Daniel,Wilson,customer1753@example.com,579125557
1754,Sophia,Taylor,customer1754@example.com,708121468
1755,Oscar,Wilson,customer1755@example.com,890187877
1756,Laura,Clark,customer1756@example.com,143400463
1757,Isabella,Hall,customer1757@example.com,348839570
1758,Noah,Martin,customer1758@example.com,496678008
1759,Isabella,Johnson,customer1759@example.com,817888322
1760,Mason,Young,customer1760@example.com,949824193
1761,Sarah,Lopez,customer1761@example.com,604308858
1762,James,Johnson,customer1762@example.com,142847338
1763,John,Davis,customer1763@example.com,855631043
1764,Daniel,Martin,customer1764@example.com,996437267
1765,Lucas,Scott,customer1765@example.com,684491424
1766,Oscar,Taylor,customer1766@example.com,504435133
1767,David,Clark,customer1767@example.com,731015334
1768,Noah,Young,customer1768@example.com,370138852
1769,David,Thomas,customer1769@example.com,654449982
1770,David,Clark,customer1770@example.com,977501292
1771,Sarah,Hall,customer1771@example.com,951109462
1772,Laura,Adams,customer1772@example.com,107084208
1773,Daniel,Wilson,customer1773@example.com,572337634
1774,Sophia,Thomas,customer1774@example.com,182772849
1775,Daniel,Martin,customer1775@example.com,327114760
1776,Ava,Taylor,customer1776@example.com,268961168
1777,Sarah,Adams,customer1777@example.com,870197919
1778,Olivia,Thomas,customer1778@example.com,545188049
1779,John,Davis,customer1779@example.com,617024564
1780,Laura,Hall,customer1780@example.com,326241647
1781,Oscar,Taylor,customer1781@example.com,794989306
1782,Anna,Smith,customer1782@example.com,361639001
1783,Liam,Wilson,customer1783@example.com,715776454
1784,Oscar,Taylor,customer1784@example.com,244658840
1785,Daniel,Johnson,customer1785@example.com,714469480
1786,Ava,Johnson,customer1786@example.com,278607682
1787,Lucas,Taylor,customer1787@example.com,654738715
1788,David,Adams,customer1788@example.com,705165937
1789,Emma,Garcia,customer1789@example.com,192071758
1790,Mason,Walker,customer1790@example.com,751252216
1791,Laura,Hall,customer1791@example.com,283144690
1792,Isabella,Lee,customer1792@example.com,745145663
1793,Ava,Scott,customer1793@example.com,980954894
1794,Sophia,Adams,customer1794@example.com,808292450
1795,Daniel,Martin,customer1795@example.com,280089806
1796,John,Walker,customer1796@example.com,740522822
1797,Oscar,Brown,customer1797@example.com,346760672
1798,David,Lopez,customer1798@example.com,241962842
1799,Olivia,Smith,customer1799@example.com,317270101
1800,Daniel,Young,customer1800@example.com,834834366
1801,Anna,Wilson,customer1801@example.com,750162509
1802,Olivia,Taylor,customer1802@example.com,610960640
1803,Amelia,Adams,customer1803@example.com,141915191
1804,Nina,Young,customer1804@example.com,907865263
1805,Olivia,Brown,customer1805@example.com,617802256
1806,Ava,Adams,customer1806@example.com,679053918
1807,Emma,Lee,customer1807@example.com,660540722
1808,Anna,Clark,customer1808@example.com,146641502
1809,Daniel,Lee,customer1809@example.com,346408985
1810,Laura,Lopez,customer1810@example.com,476365632
1811,Oscar,Scott,customer1811@example.com,204922732
1812,Anna,Wilson,customer1812@example.com,373286650
1813,Laura,Thomas,customer1813@example.com,189998443
1814,Mia,Adams,customer1814@example.com,683826742
1815,Anna,Martin,customer1815@example.com,302959775
1816,Emma,Smith,customer1816@example.com,720608968
1817,Daniel,Davis,customer1817@example.com,658090039
1818,Emma,Lopez,customer1818@example.com,802813548
1819,Mason,Miller,customer1819@example.com,538994061
1820,Sarah,Davis,customer1820@example.com,266192234
1821,Anna,Scott,customer1821@example.com,372336071
1822,Lucas,King,customer1822@example.com,554795749
1823,Oscar,Clark,customer1823@example.com,757001875
1824,Lucas,Lopez,customer1824@example.com,910644910
1825,Mason,Lee,customer1825@example.com,692818173
1826,Nina,Hall,customer1826@example.com,291898710
1827,Sarah,King,customer1827@example.com,695831533
1828,Laura,Martin,customer1828@example.com,429266242
1829,Oscar,Clark,customer1829@example.com,931284997
1830,David,Wilson,customer1830@example.com,807899575
1831,Olivia,Thomas,customer1831@example.com,579527597
1832,Sophia,Davis,customer1832@example.com,330272673
1833,Daniel,Lopez,customer1833@example.com,944048177
1834,John,King,customer1834@example.com,759304715
1835,Liam,Taylor,customer1835@example.com,517796891
1836,Emma,Brown,customer1836@example.com,983963824
1837,Ava,Hall,customer1837@example.com,744508634
1838,Anna,Brown,customer1838@example.com,168805869
1839,Lucas,Thomas,customer1839@example.com,498181191
1840,Noah,Adams,customer1840@example.com,140539484
1841,David,Lopez,customer1841@example.com,759240529
1842,Daniel,Garcia,customer1842@example.com,864080940
1843,Amelia,Johnson,customer1843@example.com,930655747
1844,Sophia,Hall,customer1844@example.com,571342650
1845,Emma,Anderson,customer1845@example.com,805324063
1846,Daniel,Garcia,customer1846@example.com,309107461
1847,Liam,Adams,customer1847@example.com,648196577
1848,Daniel,Thomas,customer1848@example.com,760555221
1849,Sophia,Johnson,customer1849@example.com,486267885
1850,Isabella,Smith,customer1850@example.com,269055029
1851,Noah,Martin,customer1851@example.com,937167377
1852,David,Clark,customer1852@example.com,819044151
1853,David,Lopez,customer1853@example.com,729298787
1854,Mason,Young,customer1854@example.com,116499677
1855,Noah,Brown,customer1855@example.com,690120616
1856,Mia,King,customer1856@example.com,725918919
1857,Sarah,Clark,customer1857@example.com,975652436
1858,Lucas,Thomas,customer1858@example.com,751077748
1859,Mason,Walker,customer1859@example.com,533744956
1860,Oscar,Smith,customer1860@example.com,380362052
1861,Sophia,Lee,customer1861@example.com,643569021
1862,Olivia,King,customer1862@example.com,177723844
1863,Daniel,Garcia,customer1863@example.com,465035599
1864,Olivia,Young,customer1864@example.com,376696166
1865,Nina,Scott,customer1865@example.com,368587379
1866,James,Lopez,customer1866@example.com,704697685
1867,Laura,Thomas,customer1867@example.com,913330750
1868,John,Walker,customer1868@example.com,831856709
1869,James,Scott,customer1869@example.com,129367590
1870,Laura,Davis,customer1870@example.com,376831869
1871,Noah,Lopez,customer1871@example.com,780389168
1872,Isabella,Thomas,customer1872@example.com,959166755
1873,John,Lee,customer1873@example.com,479134231
1874,Daniel,King,customer1874@example.com,110440194
1875,Lucas,Thomas,customer1875@example.com,408474841
1876,Noah,Lopez,customer1876@example.com,823377624
1877,John,Brown,customer1877@example.com,695445137
1878,Sophia,Hall,customer1878@example.com,437018334
1879,Sarah,Anderson,customer1879@example.com,716019237
1880,Lucas,Taylor,customer1880@example.com,901179178
1881,Mason,Hall,customer1881@example.com,891468251
1882,Mason,Thomas,customer1882@example.com,889660946
1883,Isabella,Martin,customer1883@example.com,322026871
1884,Isabella,Anderson,customer1884@example.com,996510519
1885,Isabella,Adams,customer1885@example.com,482281482
1886,Ava,Davis,customer1886@example.com,228718546
1887,Noah,Hall,customer1887@example.com,759091699
1888,Emma,King,customer1888@example.com,145379683
1889,Laura,Clark,customer1889@example.com,766436631
1890,John,Hall,customer1890@example.com,716885481
1891,Lucas,Hall,customer1891@example.com,296357164
1892,Daniel,Martin,customer1892@example.com,527219856
1893,Isabella,Scott,customer1893@example.com,237703046
1894,Liam,Young,customer1894@example.com,958209543
1895,Anna,Hall,customer1895@example.com,680645164
1896,Liam,Young,customer1896@example.com,472898686
1897,David,Taylor,customer1897@example.com,590910502
1898,Olivia,Young,customer1898@example.com,593997037
1899,John,Smith,customer1899@example.com,112691606
1900,Mason,Lopez,customer1900@example.com,723852830
1901,Olivia,Miller,customer1901@example.com,488267537
1902,Amelia,Martin,customer1902@example.com,300953401
1903,Nina,Martin,customer1903@example.com,354626229
1904,Lucas,Hall,customer1904@example.com,758293983
1905,John,Clark,customer1905@example.com,297475805
1906,Laura,Lee,customer1906@example.com,326057528
1907,Anna,Clark,customer1907@example.com,491999503
1908,David,Martin,customer1908@example.com,583966573
1909,Sophia,Scott,customer1909@example.com,240809604
1910,Oscar,Thomas,customer1910@example.com,974230575
1911,Olivia,Martin,customer1911@example.com,963382466
1912,Isabella,King,customer1912@example.com,564091344
1913,David,Anderson,customer1913@example.com,256598517
1914,Ava,Hall,customer1914@example.com,965079822
1915,Emma,Taylor,customer1915@example.com,552604373
1916,Laura,Wilson,customer1916@example.com,777157408
1917,Daniel,King,customer1917@example.com,873695765
1918,John,Hall,customer1918@example.com,422159250
1919,Lucas,King,customer1919@example.com,709707672
1920,Liam,Lopez,customer1920@example.com,206273380
1921,Sophia,Johnson,customer1921@example.com,331356272
1922,Lucas,Hall,customer1922@example.com,776309403
1923,Olivia,Walker,customer1923@example.com,899500884
1924,John,Martin,customer1924@example.com,487580021
1925,Sarah,King,customer1925@example.com,698601921
1926,Lucas,Clark,customer1926@example.com,121298026
1927,Anna,Davis,customer1927@example.com,476980538
1928,Amelia,Anderson,customer1928@example.com,719392003
1929,Oscar,King,customer1929@example.com,287409640
1930,Mia,Clark,customer1930@example.com,449063037
1931,Daniel,Hall,customer1931@example.com,931875429
1932,James,Brown,customer1932@example.com,509171868
1933,Amelia,Garcia,customer1933@example.com,597950004
1934,Ava,Taylor,customer1934@example.com,787818236
1935,John,Lee,customer1935@example.com,777824658
1936,Amelia,Scott,customer1936@example.com,534621392
1937,Noah,Brown,customer1937@example.com,273945628
1938,John,Thomas,customer1938@example.com,436598800
1939,John,Garcia,customer1939@example.com,862822145
1940,Lucas,Adams,customer1940@example.com,792181541
1941,David,Martin,customer1941@example.com,577706000
1942,Sarah,Scott,customer1942@example.com,659350437
1943,James,Lee,customer1943@example.com,279656450
1944,Sophia,Smith,customer1944@example.com,234260583
1945,Isabella,Martin,customer1945@example.com,898730065
1946,Noah,Anderson,customer1946@example.com,279218750
1947,David,Davis,customer1947@example.com,202600029
1948,Noah,Hall,customer1948@example.com,688876249
1949,Liam,Smith,customer1949@example.com,927783767
1950,David,Young,customer1950@example.com,921408597
1951,Noah,Davis,customer1951@example.com,381805975
1952,Amelia,Wilson,customer1952@example.com,190528528
1953,David,Garcia,customer1953@example.com,346269087
1954,Isabella,Garcia,customer1954@example.com,575839885
1955,Ava,Wilson,customer1955@example.com,665585273
1956,Sophia,Smith,customer1956@example.com,137747372
1957,Sarah,Miller,customer1957@example.com,611267257
1958,James,King,customer1958@example.com,392502766
1959,Nina,Walker,customer1959@example.com,245078524
1960,Nina,Taylor,customer1960@example.com,734399876
1961,Amelia,Walker,customer1961@example.com,777582116
1962,Oscar,Lee,customer1962@example.com,662060684
1963,Nina,Garcia,customer1963@example.com,472769123
1964,Laura,King,customer1964@example.com,343877311
1965,Noah,Walker,customer1965@example.com,430570947
1966,Sarah,Lee,customer1966@example.com,378965689
1967,Ava,Garcia,customer1967@example.com,111334226
1968,Emma,Young,customer1968@example.com,975507381
1969,Ava,Clark,customer1969@example.com,407908620
1970,Laura,King,customer1970@example.com,108930425
1971,Laura,Hall,customer1971@example.com,421704344
1972,Emma,Lee,customer1972@example.com,956808156
1973,Mia,Adams,customer1973@example.com,348265637
1974,Emma,King,customer1974@example.com,501197060
1975,Mason,Lee,customer1975@example.com,701890658
1976,Anna,Lopez,customer1976@example.com,368323917
1977,Sophia,Lopez,customer1977@example.com,989516564
1978,David,Thomas,customer1978@example.com,382372922
1979,Noah,Lee,customer1979@example.com,771435478
1980,Isabella,Young,customer1980@example.com,920916739
1981,Amelia,Martin,customer1981@example.com,405669440
1982,Nina,Martin,customer1982@example.com,543352165
1983,Mason,Brown,customer1983@example.com,295858216
1984,Ava,Garcia,customer1984@example.com,218494225
1985,James,Adams,customer1985@example.com,586155117
1986,Lucas,Adams,customer1986@example.com,628276702
1987,Mason,Miller,customer1987@example.com,120825650
1988,Ava,Johnson,customer1988@example.com,674420474
1989,Emma,Taylor,customer1989@example.com,209815321
1990,Mia,Martin,customer1990@example.com,234259822
1991,James,Smith,customer1991@example.com,349978373
1992,Noah,Wilson,customer1992@example.com,115810687
1993,Laura,Anderson,customer1993@example.com,467126134
1994,Anna,Garcia,customer1994@example.com,943666157
1995,Laura,Clark,customer1995@example.com,597877404
1996,Liam,Miller,customer1996@example.com,186138889
1997,Ava,Johnson,customer1997@example.com,386156035
1998,David,Brown,customer1998@example.com,683247918
1999,Laura,Taylor,customer1999@example.com,306364903
2000,Lucas,Lopez,customer2000@example.com,989328868
2001,Emma,Davis,customer2001@example.com,924790131
2002,Isabella,Lopez,customer2002@example.com,928096889
2003,James,Thomas,customer2003@example.com,892012381
2004,Liam,Anderson,customer2004@example.com,594817420
2005,Olivia,Young,customer2005@example.com,815120513
2006,Mason,Hall,customer2006@example.com,517817593
2007,Mia,Miller,customer2007@example.com,270307732
2008,Liam,King,customer2008@example.com,659340310
2009,Olivia,Martin,customer2009@example.com,616716343
2010,Mia,Anderson,customer2010@example.com,487005172
2011,Liam,Anderson,customer2011@example.com,221256011
2012,Isabella,Lee,customer2012@example.com,448443704
2013,Emma,Taylor,customer2013@example.com,952970198
2014,Lucas,Scott,customer2014@example.com,228472771
2015,David,Thomas,customer2015@example.com,109588354
2016,Liam,Scott,customer2016@example.com,941250135
2017,Laura,Adams,customer2017@example.com,266421332
2018,Sarah,Brown,customer2018@example.com,367063493
2019,Sophia,Hall,customer2019@example.com,198141669
2020,Amelia,Miller,customer2020@example.com,915571513
2021,Liam,Johnson,customer2021@example.com,481734198
2022,Ava,King,customer2022@example.com,949830412
2023,Olivia,Wilson,customer2023@example.com,623817304
2024,Isabella,Miller,customer2024@example.com,699524216
2025,Sarah,Walker,customer2025@example.com,887255513
2026,Mason,Smith,customer2026@example.com,840076530
2027,David,Clark,customer2027@example.com,877817678
2028,Ava,Martin,customer2028@example.com,142400500
2029,Laura,Walker,customer2029@example.com,700248296
2030,Mia,King,customer2030@example.com,848438614
2031,Laura,Anderson,customer2031@example.com,708491359
2032,Sophia,King,customer2032@example.com,473302105
2033,John,Walker,customer2033@example.com,395627385
2034,Amelia,King,customer2034@example.com,272167429
2035,Noah,Young,customer2035@example.com,266457342
2036,James,Garcia,customer2036@example.com,979843968
2037,Lucas,King,customer2037@example.com,494184264
2038,James,Smith,customer2038@example.com,933135507
2039,Daniel,Lopez,customer2039@example.com,887759003
2040,Sophia,Smith,customer2040@example.com,765434962
2041,Sarah,Adams,customer2041@example.com,356395115
2042,John,Brown,customer2042@example.com,806832877
2043,Nina,Lopez,customer2043@example.com,303870775
2044,Daniel,Hall,customer2044@example.com,922200725
2045,Nina,Wilson,customer2045@example.com,758245879
2046,Mia,Miller,customer2046@example.com,540024260
2047,John,Davis,customer2047@example.com,203354415
2048,Daniel,Brown,customer2048@example.com,147005473
2049,Ava,Taylor,customer2049@example.com,133579936
2050,Mason,Davis,customer2050@example.com,621162378
2051,Mason,Davis,customer2051@example.com,134163406
2052,Oscar,Lopez,customer2052@example.com,806437569
2053,Laura,Young,customer2053@example.com,769983207
2054,Oscar,Martin,customer2054@example.com,152705290
2055,Sarah,Thomas,customer2055@example.com,750637748
2056,Noah,Smith,customer2056@example.com,324130818
2057,Laura,Brown,customer2057@example.com,602574675
2058,Liam,Clark,customer2058@example.com,699169292
2059,Anna,Clark,customer2059@example.com,952818991
2060,Liam,Adams,customer2060@example.com,385417366
2061,Daniel,Johnson,customer2061@example.com,888448988
2062,Noah,Garcia,customer2062@example.com,183682466
2063,Mason,Young,customer2063@example.com,204281005
2064,Olivia,Thomas,customer2064@example.com,670866707
2065,David,Anderson,customer2065@example.com,307360430
2066,Daniel,Thomas,customer2066@example.com,712062546
2067,Sophia,King,customer2067@example.com,904441314
2068,Nina,Lee,customer2068@example.com,901127771
2069,Olivia,Scott,customer2069@example.com,484360237
2070,James,Lee,customer2070@example.com,211779101
2071,Sophia,Taylor,customer2071@example.com,690520920
2072,David,Young,customer2072@example.com,462401682
2073,Sophia,King,customer2073@example.com,744154611
2074,James,Clark,customer2074@example.com,438395096
2075,Nina,Miller,customer2075@example.com,499130788
2076,Anna,Lee,customer2076@example.com,987077148
2077,John,Adams,customer2077@example.com,358473878
2078,Oscar,King,customer2078@example.com,329703585
2079,David,King,customer2079@example.com,899484915
2080,Lucas,Clark,customer2080@example.com,585764529
2081,James,Lopez,customer2081@example.com,100210054
2082,Liam,Garcia,customer2082@example.com,739695468
2083,Emma,Young,customer2083@example.com,245047170
2084,Mia,Smith,customer2084@example.com,422481128
2085,Isabella,Anderson,customer2085@example.com,438126323
2086,Emma,Martin,customer2086@example.com,694491286
2087,Daniel,King,customer2087@example.com,712750316
2088,Oscar,Wilson,customer2088@example.com,201240032
2089,Liam,Walker,customer2089@example.com,481882460
2090,Ava,Wilson,customer2090@example.com,384528891
2091,Sarah,Scott,customer2091@example.com,368281808
2092,Isabella,Martin,customer2092@example.com,970884334
2093,Mia,Brown,customer2093@example.com,712555926
2094,David,Scott,customer2094@example.com,333471497
2095,Noah,Miller,customer2095@example.com,951374399
2096,Laura,Taylor,customer2096@example.com,624282788
2097,Oscar,Davis,customer2097@example.com,739124632
2098,Mia,Johnson,customer2098@example.com,884679098
2099,Oscar,Lopez,customer2099@example.com,184264458
2100,Liam,Miller,customer2100@example.com,473587211
2101,Anna,Lee,customer2101@example.com,229429404
2102,Isabella,Adams,customer2102@example.com,112277573
2103,David,Johnson,customer2103@example.com,427258676
2104,Daniel,Johnson,customer2104@example.com,442863523
2105,Nina,Scott,customer2105@example.com,260610323
2106,John,Young,customer2106@example.com,849223390
2107,Isabella,Wilson,customer2107@example.com,154245232
2108,David,Walker,customer2108@example.com,908356009
2109,Amelia,Scott,customer2109@example.com,641949014
2110,Noah,Thomas,customer2110@example.com,563787397
2111,Mia,Lopez,customer2111@example.com,258927104
2112,Ava,Miller,customer2112@example.com,188632141
2113,Laura,Scott,customer2113@example.com,900275928
2114,Liam,King,customer2114@example.com,528628393
2115,Lucas,Brown,customer2115@example.com,527915151
2116,Daniel,Lee,customer2116@example.com,930888412
2117,Ava,Wilson,customer2117@example.com,616386600
2118,Nina,Anderson,customer2118@example.com,623836867
2119,David,Scott,customer2119@example.com,310560020
2120,Nina,Adams,customer2120@example.com,889917232
2121,Daniel,Thomas,customer2121@example.com,360183853
2122,Noah,Martin,customer2122@example.com,934052476
2123,Anna,Miller,customer2123@example.com,835231799
2124,Oscar,Brown,customer2124@example.com,220828027
2125,Anna,Lee,customer2125@example.com,492203150
2126,Sarah,Anderson,customer2126@example.com,444390192
2127,Sarah,Adams,customer2127@example.com,803740977
2128,Emma,Garcia,customer2128@example.com,281736451
2129,Sarah,Adams,customer2129@example.com,982169157
2130,James,Adams,customer2130@example.com,256571398
2131,James,Johnson,customer2131@example.com,978505410
2132,Isabella,Anderson,customer2132@example.com,835898867
2133,Sarah,Wilson,customer2133@example.com,913610452
2134,Noah,Davis,customer2134@example.com,894119729
2135,Liam,Thomas,customer2135@example.com,766796289
2136,Ava,Garcia,customer2136@example.com,114746008
2137,John,Davis,customer2137@example.com,427618008
2138,James,Hall,customer2138@example.com,124425601
2139,John,Anderson,customer2139@example.com,894582888
2140,Nina,Anderson,customer2140@example.com,318830034
2141,Nina,Young,customer2141@example.com,905687707
2142,Lucas,King,customer2142@example.com,618645569
2143,Amelia,Wilson,customer2143@example.com,846326954
2144,Emma,Lopez,customer2144@example.com,725996789
2145,Daniel,Johnson,customer2145@example.com,374294163
2146,Sophia,Johnson,customer2146@example.com,404957218
2147,Mason,Adams,customer2147@example.com,391286241
2148,Liam,Walker,customer2148@example.com,803040905
2149,Emma,Brown,customer2149@example.com,517304549
2150,Lucas,Clark,customer2150@example.com,215847550
2151,Emma,Garcia,customer2151@example.com,797299908
2152,David,Thomas,customer2152@example.com,508774805
2153,Daniel,Davis,customer2153@example.com,438718269
2154,Laura,Adams,customer2154@example.com,670758903
2155,Noah,Taylor,customer2155@example.com,313540619
2156,Daniel,Walker,customer2156@example.com,702033662
2157,Emma,Johnson,customer2157@example.com,365635280
2158,Daniel,Garcia,customer2158@example.com,458167668
2159,Laura,Lopez,customer2159@example.com,899283454
2160,Sophia,Smith,customer2160@example.com,472352086
2161,Sarah,Clark,customer2161@example.com,771336642
2162,Mia,Thomas,customer2162@example.com,638214657
2163,Lucas,Johnson,customer2163@example.com,771939435
2164,Lucas,Lopez,customer2164@example.com,974947794
2165,Emma,King,customer2165@example.com,400855850
2166,Isabella,Wilson,customer2166@example.com,466990085
2167,David,Wilson,customer2167@example.com,194269176
2168,David,Young,customer2168@example.com,827991473
2169,Amelia,Thomas,customer2169@example.com,548108259
2170,Isabella,Scott,customer2170@example.com,264013159
2171,Anna,Garcia,customer2171@example.com,750009892
2172,John,Walker,customer2172@example.com,682219061
2173,Ava,Anderson,customer2173@example.com,800587168
2174,Ava,Scott,customer2174@example.com,681274244
2175,Mason,Wilson,customer2175@example.com,431784498
2176,Daniel,Wilson,customer2176@example.com,561778017
2177,Ava,Scott,customer2177@example.com,269702658
2178,John,Brown,customer2178@example.com,698439590
2179,Nina,Davis,customer2179@example.com,297713683
2180,John,Wilson,customer2180@example.com,880695706
2181,Emma,Miller,customer2181@example.com,544572227
2182,Anna,Garcia,customer2182@example.com,575672443
2183,Lucas,Wilson,customer2183@example.com,936560721
2184,Mason,Davis,customer2184@example.com,241246317
2185,Sophia,Smith,customer2185@example.com,918671750
2186,Amelia,Adams,customer2186@example.com,386541544
2187,Amelia,Scott,customer2187@example.com,757518717
2188,Isabella,Adams,customer2188@example.com,349304100
2189,Isabella,Smith,customer2189@example.com,485753927
2190,Noah,Hall,customer2190@example.com,243974416
2191,Daniel,Adams,customer2191@example.com,603330974
2192,Sarah,Taylor,customer2192@example.com,516032315
2193,Laura,Hall,customer2193@example.com,247653166
2194,Sophia,Anderson,customer2194@example.com,342958848
2195,Liam,Lee,customer2195@example.com,920917342
2196,Emma,Martin,customer2196@example.com,543502646
2197,Isabella,Anderson,customer2197@example.com,913656416
2198,Mason,Brown,customer2198@example.com,290136266
2199,James,Adams,customer2199@example.com,626072176
2200,John,Walker,customer2200@example.com,364982130
2201,Anna,Lopez,customer2201@example.com,933454210
2202,Liam,Adams,customer2202@example.com,889556480
2203,David,Miller,customer2203@example.com,523216102
2204,Amelia,Scott,customer2204@example.com,737594123
2205,Nina,Young,customer2205@example.com,788691372
2206,Liam,Young,customer2206@example.com,217377475
2207,James,Walker,customer2207@example.com,987995334
2208,Liam,Thomas,customer2208@example.com,656952733
2209,Nina,Lopez,customer2209@example.com,889382867
2210,Liam,King,customer2210@example.com,515965279
2211,Daniel,Johnson,customer2211@example.com,303850254
2212,Mia,Walker,customer2212@example.com,527392079
2213,Mia,Garcia,customer2213@example.com,595367749
2214,Sophia,Lee,customer2214@example.com,416130770
2215,Amelia,Johnson,customer2215@example.com,840831347
2216,Daniel,Wilson,customer2216@example.com,597764108
2217,James,Brown,customer2217@example.com,875936087
2218,Daniel,Davis,customer2218@example.com,293028062
2219,Oscar,King,customer2219@example.com,245284437
2220,David,Lee,customer2220@example.com,447313528
2221,James,Smith,customer2221@example.com,292069408
2222,James,Scott,customer2222@example.com,865185345
2223,Mason,Walker,customer2223@example.com,196829676
2224,Lucas,Miller,customer2224@example.com,842725930
2225,Sophia,Davis,customer2225@example.com,197915848
2226,Olivia,Walker,customer2226@example.com,780830076
2227,Sarah,Brown,customer2227@example.com,662444547
2228,David,Young,customer2228@example.com,757207875
2229,Sophia,Lopez,customer2229@example.com,690929397
2230,David,Johnson,customer2230@example.com,924913247
2231,Sophia,Miller,customer2231@example.com,707191953
2232,Ava,Taylor,customer2232@example.com,255270986
2233,Sophia,Johnson,customer2233@example.com,550522411
2234,Mia,Garcia,customer2234@example.com,884005207
2235,James,Garcia,customer2235@example.com,772648626
2236,Sophia,Davis,customer2236@example.com,241273318
2237,Mason,Smith,customer2237@example.com,768469061
2238,Lucas,Smith,customer2238@example.com,592463803
2239,Laura,Hall,customer2239@example.com,683579921
2240,Emma,Adams,customer2240@example.com,629855936
2241,Isabella,Anderson,customer2241@example.com,732286107
2242,Laura,Walker,customer2242@example.com,540396677
2243,James,Brown,customer2243@example.com,745551372
2244,Amelia,Smith,customer2244@example.com,362758762
2245,Nina,Martin,customer2245@example.com,765468716
2246,Nina,Anderson,customer2246@example.com,152526165
2247,Sophia,Wilson,customer2247@example.com,159124453
2248,Sarah,Johnson,customer2248@example.com,256094585
2249,Liam,Scott,customer2249@example.com,999811151
2250,Amelia,Garcia,customer2250@example.com,455527819
2251,Noah,Johnson,customer2251@example.com,216917219
2252,Anna,Taylor,customer2252@example.com,273232379
2253,Mia,Adams,customer2253@example.com,809662392
2254,Amelia,Scott,customer2254@example.com,945365074
2255,Nina,Taylor,customer2255@example.com,588915267
2256,Oscar,Clark,customer2256@example.com,138482956
2257,Noah,Garcia,customer2257@example.com,446627326
2258,Sarah,Lopez,customer2258@example.com,980752567
2259,Noah,Lee,customer2259@example.com,691063829
2260,Noah,Garcia,customer2260@example.com,605535739
2261,Ava,Davis,customer2261@example.com,845841941
2262,Lucas,Miller,customer2262@example.com,665918566
2263,Anna,Young,customer2263@example.com,325319746
2264,Mason,Adams,customer2264@example.com,162475224
2265,Olivia,Scott,customer2265@example.com,883540031
2266,Daniel,Brown,customer2266@example.com,619329173
2267,Amelia,Garcia,customer2267@example.com,558545314
2268,Amelia,Miller,customer2268@example.com,378807844
2269,Daniel,Scott,customer2269@example.com,769203305
2270,Sarah,Wilson,customer2270@example.com,759588843
2271,Oscar,Hall,customer2271@example.com,658029852
2272,Laura,Hall,customer2272@example.com,967562309
2273,Sophia,Adams,customer2273@example.com,349882959
2274,Mia,Anderson,customer2274@example.com,101697496
2275,Olivia,Smith,customer2275@example.com,599167150
2276,Olivia,Anderson,customer2276@example.com,958525681
2277,Amelia,Lee,customer2277@example.com,544573290
2278,Liam,Miller,customer2278@example.com,475433873
2279,Nina,Anderson,customer2279@example.com,112130346
2280,Mason,Garcia,customer2280@example.com,373178728
2281,Noah,Garcia,customer2281@example.com,422427487
2282,Daniel,King,customer2282@example.com,447810569
2283,Emma,Davis,customer2283@example.com,836410568
2284,John,Miller,customer2284@example.com,525254727
2285,Oscar,Adams,customer2285@example.com,131264549
2286,Sophia,Anderson,customer2286@example.com,454887598
2287,John,Hall,customer2287@example.com,609490977
2288,Liam,Wilson,customer2288@example.com,617001884
2289,Ava,Walker,customer2289@example.com,676564508
2290,John,Walker,customer2290@example.com,941801815
2291,Anna,Johnson,customer2291@example.com,996687959
2292,Daniel,Garcia,customer2292@example.com,706602538
2293,John,King,customer2293@example.com,675402650
2294,Emma,Anderson,customer2294@example.com,719975993
2295,John,Clark,customer2295@example.com,171095709
2296,Ava,Martin,customer2296@example.com,133471933
2297,John,Lopez,customer2297@example.com,772710898
2298,Nina,Taylor,customer2298@example.com,713086866
2299,Amelia,Lopez,customer2299@example.com,301196574
2300,Amelia,Davis,customer2300@example.com,940035404
2301,Mia,Miller,customer2301@example.com,862184916
2302,Liam,Martin,customer2302@example.com,544389067
2303,Noah,Hall,customer2303@example.com,355166423
2304,Sarah,Walker,customer2304@example.com,990623169
2305,Mia,Anderson,customer2305@example.com,663822282
2306,Mia,Taylor,customer2306@example.com,220507410
2307,Sarah,Johnson,customer2307@example.com,935146073
2308,Mason,Brown,customer2308@example.com,576498805
2309,Daniel,Smith,customer2309@example.com,957946858
2310,Laura,Young,customer2310@example.com,265439752
2311,Mason,Miller,customer2311@example.com,619124046
2312,Daniel,Garcia,customer2312@example.com,932722445
2313,John,Wilson,customer2313@example.com,926224353
2314,Olivia,Young,customer2314@example.com,826619655
2315,Ava,Anderson,customer2315@example.com,878001797
2316,Liam,Walker,customer2316@example.com,516169674
2317,Daniel,Davis,customer2317@example.com,104412943
2318,Mia,Johnson,customer2318@example.com,837716816
2319,Amelia,Brown,customer2319@example.com,457867151
2320,James,Johnson,customer2320@example.com,210705823
2321,Daniel,Garcia,customer2321@example.com,124137992
2322,Oscar,Garcia,customer2322@example.com,785960873
2323,Mason,Miller,customer2323@example.com,315344841
2324,Mason,Garcia,customer2324@example.com,397050178
2325,Nina,Miller,customer2325@example.com,929773829
2326,James,Davis,customer2326@example.com,392760228
2327,Ava,Taylor,customer2327@example.com,393815375
2328,Olivia,Smith,customer2328@example.com,768882058
2329,Nina,Young,customer2329@example.com,209924637
2330,Mason,King,customer2330@example.com,476151232
2331,Nina,Miller,customer2331@example.com,391039983
2332,Ava,Garcia,customer2332@example.com,716416868
2333,Isabella,Taylor,customer2333@example.com,176496452
2334,Mia,Adams,customer2334@example.com,463718119
2335,Nina,Walker,customer2335@example.com,154466824
2336,Ava,Smith,customer2336@example.com,605448473
2337,Liam,Davis,customer2337@example.com,511886978
2338,Liam,Brown,customer2338@example.com,557914110
2339,David,Taylor,customer2339@example.com,856641801
2340,Amelia,Scott,customer2340@example.com,775889004
2341,James,Adams,customer2341@example.com,481848698
2342,Mia,Miller,customer2342@example.com,977721640
2343,Mason,King,customer2343@example.com,184337702
2344,James,Scott,customer2344@example.com,241514106
2345,Noah,Walker,customer2345@example.com,204435349
2346,James,Garcia,customer2346@example.com,834952627
2347,James,Hall,customer2347@example.com,348779766
2348,Isabella,Wilson,customer2348@example.com,762436526
2349,Lucas,Clark,customer2349@example.com,520989391
2350,Sophia,Miller,customer2350@example.com,946944681
2351,John,Walker,customer2351@example.com,623456368
2352,Emma,Brown,customer2352@example.com,610386386
2353,Olivia,Clark,customer2353@example.com,613948760
2354,James,Taylor,customer2354@example.com,403071541
2355,Sarah,Adams,customer2355@example.com,717056083
2356,Ava,Young,customer2356@example.com,210522618
2357,David,Davis,customer2357@example.com,449899956
2358,Nina,Brown,customer2358@example.com,950866243
2359,Mia,King,customer2359@example.com,594967982
2360,David,Scott,customer2360@example.com,543929865
2361,Isabella,Adams,customer2361@example.com,361661280
2362,Nina,Taylor,customer2362@example.com,617945843
2363,David,Brown,customer2363@example.com,465839040
2364,Mason,Scott,customer2364@example.com,562942172
2365,Anna,Scott,customer2365@example.com,945385686
2366,John,King,customer2366@example.com,845319806
2367,Isabella,Taylor,customer2367@example.com,811474491
2368,Noah,Scott,customer2368@example.com,998451531
2369,Laura,Davis,customer2369@example.com,735830320
2370,Amelia,Walker,customer2370@example.com,449372065
2371,Nina,Davis,customer2371@example.com,982640532
2372,James,Taylor,customer2372@example.com,430750834
2373,David,Brown,customer2373@example.com,742375910
2374,Olivia,Adams,customer2374@example.com,928223643
2375,David,Miller,customer2375@example.com,630745374
2376,Liam,Brown,customer2376@example.com,333658861
2377,Ava,Scott,customer2377@example.com,910662740
2378,Emma,Wilson,customer2378@example.com,809615999
2379,Ava,Walker,customer2379@example.com,670431597
2380,Mia,Lopez,customer2380@example.com,760965579
2381,Oscar,Walker,customer2381@example.com,310095433
2382,Mason,Miller,customer2382@example.com,421838360
2383,Oscar,Garcia,customer2383@example.com,566784595
2384,Sarah,Brown,customer2384@example.com,725698331
2385,Emma,Adams,customer2385@example.com,648063464
2386,David,Wilson,customer2386@example.com,415878379
2387,Liam,Clark,customer2387@example.com,689360922
2388,Liam,Smith,customer2388@example.com,855220739
2389,Nina,Clark,customer2389@example.com,217787669
2390,Mia,Smith,customer2390@example.com,352588284
2391,Anna,Scott,customer2391@example.com,523342384
2392,John,Lopez,customer2392@example.com,535974242
2393,David,Lee,customer2393@example.com,685316847
2394,Mason,Taylor,customer2394@example.com,609889300
2395,Ava,Anderson,customer2395@example.com,696379379
2396,David,Clark,customer2396@example.com,548003203
2397,Ava,Garcia,customer2397@example.com,819477978
2398,Ava,Wilson,customer2398@example.com,112458366
2399,Noah,Smith,customer2399@example.com,254614401
2400,Laura,Lee,customer2400@example.com,245788098
2401,Noah,Wilson,customer2401@example.com,789603056
2402,Anna,Walker,customer2402@example.com,947105447
2403,Amelia,Lee,customer2403@example.com,769207967
2404,Sophia,Walker,customer2404@example.com,646980102
2405,Anna,King,customer2405@example.com,980544989
2406,James,Lopez,customer2406@example.com,481508232
2407,Isabella,Taylor,customer2407@example.com,556095308
2408,Amelia,Smith,customer2408@example.com,720556736
2409,Laura,Thomas,customer2409@example.com,864643763
2410,Daniel,Martin,customer2410@example.com,541133739
2411,Nina,Scott,customer2411@example.com,494031067
2412,Liam,Johnson,customer2412@example.com,710045960
2413,Laura,Clark,customer2413@example.com,221509314
2414,Oscar,Hall,customer2414@example.com,841415799
2415,Noah,Wilson,customer2415@example.com,884030674
2416,Daniel,Martin,customer2416@example.com,599221581
2417,Daniel,Brown,customer2417@example.com,661950074
2418,Amelia,Brown,customer2418@example.com,363315107
2419,Laura,Brown,customer2419@example.com,834518883
2420,Nina,Scott,customer2420@example.com,435544022
2421,Amelia,Johnson,customer2421@example.com,468879895
2422,Nina,Smith,customer2422@example.com,603444049
2423,James,Young,customer2423@example.com,603834447
2424,Oscar,Miller,customer2424@example.com,552062605
2425,Sarah,Garcia,customer2425@example.com,410535202
2426,Sophia,Johnson,customer2426@example.com,846305497
2427,Amelia,Garcia,customer2427@example.com,880579928
2428,Oscar,Martin,customer2428@example.com,165946817
2429,Laura,Scott,customer2429@example.com,281547449
2430,Oscar,Johnson,customer2430@example.com,804718104
2431,Mia,Adams,customer2431@example.com,129311097
2432,Mia,Hall,customer2432@example.com,188594622
2433,Ava,Young,customer2433@example.com,182530219
2434,Lucas,Martin,customer2434@example.com,242312411
2435,Amelia,Martin,customer2435@example.com,395512122
2436,Lucas,Smith,customer2436@example.com,896103507
2437,Olivia,Adams,customer2437@example.com,287490184
2438,Oscar,Wilson,customer2438@example.com,807762976
2439,James,Clark,customer2439@example.com,967412340
2440,Sophia,Martin,customer2440@example.com,940232725
2441,Isabella,Hall,customer2441@example.com,294142387
2442,Daniel,Johnson,customer2442@example.com,468130224
2443,Noah,Wilson,customer2443@example.com,739460592
2444,Ava,Hall,customer2444@example.com,908271285
2445,Anna,Lopez,customer2445@example.com,355494114
2446,James,Taylor,customer2446@example.com,326405706
2447,Oscar,Clark,customer2447@example.com,158331864
2448,Lucas,Davis,customer2448@example.com,156396358
2449,Sophia,Walker,customer2449@example.com,528148969
2450,Laura,Garcia,customer2450@example.com,611386978
2451,Nina,Thomas,customer2451@example.com,507807998
2452,David,Hall,customer2452@example.com,381991615
2453,Ava,Young,customer2453@example.com,566792435
2454,Emma,Garcia,customer2454@example.com,956104065
2455,James,Lopez,customer2455@example.com,828526750
2456,John,Young,customer2456@example.com,833232853
2457,Liam,Davis,customer2457@example.com,670471890
2458,Sarah,Lee,customer2458@example.com,755503884
2459,Lucas,Miller,customer2459@example.com,390260461
2460,Lucas,Davis,customer2460@example.com,374173441
2461,Oscar,Lopez,customer2461@example.com,595111580
2462,Isabella,Scott,customer2462@example.com,927315167
2463,Mason,Young,customer2463@example.com,462287576
2464,Sophia,Miller,customer2464@example.com,687994511
2465,Emma,Smith,customer2465@example.com,993019801
2466,Noah,Smith,customer2466@example.com,541575005
2467,Olivia,Young,customer2467@example.com,211569592
2468,James,Clark,customer2468@example.com,335596484
2469,Mia,Martin,customer2469@example.com,307317573
2470,Liam,Smith,customer2470@example.com,765072705
2471,Noah,Johnson,customer2471@example.com,737951442
2472,Mason,Adams,customer2472@example.com,785136281
2473,Olivia,Davis,customer2473@example.com,192756659
2474,Amelia,Wilson,customer2474@example.com,503682299
2475,Oscar,Taylor,customer2475@example.com,219019007
2476,Sophia,Martin,customer2476@example.com,416290643
2477,James,Brown,customer2477@example.com,785885348
2478,James,Martin,customer2478@example.com,926093073
2479,Anna,Miller,customer2479@example.com,376313067
2480,Sophia,Brown,customer2480@example.com,397735164
2481,Liam,Lopez,customer2481@example.com,517245798
2482,John,Johnson,customer2482@example.com,377281586
2483,Lucas,Taylor,customer2483@example.com,573063629
2484,Noah,Hall,customer2484@example.com,315466821
2485,Amelia,Lopez,customer2485@example.com,291600816
2486,Laura,Davis,customer2486@example.com,254482024
2487,Nina,Lee,customer2487@example.com,334490716
2488,Amelia,Davis,customer2488@example.com,574144746
2489,Lucas,Davis,customer2489@example.com,137431602
2490,Noah,Brown,customer2490@example.com,713476544
2491,Lucas,Walker,customer2491@example.com,120148538
2492,Laura,Wilson,customer2492@example.com,801008808
2493,Emma,Johnson,customer2493@example.com,813615080
2494,David,Martin,customer2494@example.com,262787284
2495,John,Lopez,customer2495@example.com,717015275
2496,Emma,Young,customer2496@example.com,859785782
2497,Laura,Hall,customer2497@example.com,568213353
2498,David,Brown,customer2498@example.com,679958795
2499,Isabella,Smith,customer2499@example.com,512771985
2500,Laura,Davis,customer2500@example.com,709073484
2501,Nina,Clark,customer2501@example.com,458028166
2502,Mia,Lopez,customer2502@example.com,159264825
2503,Noah,Clark,customer2503@example.com,674050611
2504,John,Brown,customer2504@example.com,593533996
2505,Mia,Anderson,customer2505@example.com,289642463
2506,Nina,Johnson,customer2506@example.com,512492602
2507,Mason,Garcia,customer2507@example.com,847197907
2508,David,Davis,customer2508@example.com,777119907
2509,Sarah,Hall,customer2509@example.com,191120392
2510,James,Anderson,customer2510@example.com,250262600
2511,Liam,Anderson,customer2511@example.com,127235036
2512,Oscar,Thomas,customer2512@example.com,625309452
2513,David,Brown,customer2513@example.com,951197200
2514,Nina,Garcia,customer2514@example.com,636531772
2515,Nina,Walker,customer2515@example.com,117629000
2516,Liam,Miller,customer2516@example.com,160188010
2517,John,Johnson,customer2517@example.com,535410744
2518,Olivia,Anderson,customer2518@example.com,966621002
2519,Daniel,Walker,customer2519@example.com,828080516
2520,Nina,Wilson,customer2520@example.com,895697985
2521,Oscar,Thomas,customer2521@example.com,177345357
2522,Liam,Wilson,customer2522@example.com,624946696
2523,Emma,Hall,customer2523@example.com,763971973
2524,Liam,Thomas,customer2524@example.com,853011714
2525,Ava,Smith,customer2525@example.com,284950962
2526,Liam,Garcia,customer2526@example.com,981262028
2527,Olivia,Walker,customer2527@example.com,756298806
2528,Sophia,Scott,customer2528@example.com,168673962
2529,Olivia,Davis,customer2529@example.com,633803762
2530,Amelia,Adams,customer2530@example.com,336837948
2531,Noah,Anderson,customer2531@example.com,557641077
2532,John,Lopez,customer2532@example.com,448144622
2533,Olivia,Scott,customer2533@example.com,686139340
2534,Ava,Miller,customer2534@example.com,998106748
2535,Mason,Johnson,customer2535@example.com,736820440
2536,Sophia,Miller,customer2536@example.com,167883991
2537,Olivia,Martin,customer2537@example.com,251651862
2538,Anna,Taylor,customer2538@example.com,847641906
2539,Sarah,King,customer2539@example.com,277173978
2540,James,Thomas,customer2540@example.com,724902501
2541,Liam,Wilson,customer2541@example.com,207339659
2542,Amelia,Lopez,customer2542@example.com,935007826
2543,Sophia,Smith,customer2543@example.com,622877347
2544,Noah,Smith,customer2544@example.com,107756709
2545,Sophia,Brown,customer2545@example.com,858857635
2546,Oscar,Garcia,customer2546@example.com,546915228
2547,Laura,Wilson,customer2547@example.com,321362854
2548,Ava,Martin,customer2548@example.com,661660243
2549,James,Lee,customer2549@example.com,356896763
2550,Sophia,Adams,customer2550@example.com,842678841
2551,Liam,Adams,customer2551@example.com,293274031
2552,Laura,Adams,customer2552@example.com,194512033
2553,Mia,Clark,customer2553@example.com,549667909
2554,Emma,King,customer2554@example.com,353015458
2555,Mason,Davis,customer2555@example.com,669296859
2556,Olivia,Adams,customer2556@example.com,488588565
2557,Nina,Young,customer2557@example.com,335445955
2558,James,Anderson,customer2558@example.com,396810789
2559,Liam,Anderson,customer2559@example.com,220988280
2560,Ava,Hall,customer2560@example.com,634202492
2561,Sophia,Taylor,customer2561@example.com,819560168
2562,Liam,Johnson,customer2562@example.com,792414048
2563,Sarah,Garcia,customer2563@example.com,325045286
2564,Anna,Martin,customer2564@example.com,458946122
2565,Amelia,Walker,customer2565@example.com,146511793
2566,Olivia,Johnson,customer2566@example.com,676986599
2567,Sophia,Taylor,customer2567@example.com,943415633
2568,Emma,Hall,customer2568@example.com,652873657
2569,Olivia,Brown,customer2569@example.com,352651266
2570,James,Scott,customer2570@example.com,722514464
2571,John,Lee,customer2571@example.com,313407685
2572,John,Thomas,customer2572@example.com,936418338
2573,Olivia,Miller,customer2573@example.com,344579129
2574,Olivia,Thomas,customer2574@example.com,892150738
2575,Anna,Anderson,customer2575@example.com,503224831
2576,Isabella,Brown,customer2576@example.com,605721937
2577,Oscar,Hall,customer2577@example.com,158346438
2578,Anna,Wilson,customer2578@example.com,332105574
2579,Amelia,Walker,customer2579@example.com,291191291
2580,David,Clark,customer2580@example.com,246463340
2581,James,Anderson,customer2581@example.com,778627510
2582,Sarah,Martin,customer2582@example.com,317122293
2583,John,Wilson,customer2583@example.com,134461310
2584,Oscar,Johnson,customer2584@example.com,401296420
2585,Ava,Davis,customer2585@example.com,599863643
2586,James,Lee,customer2586@example.com,283826012
2587,John,Thomas,customer2587@example.com,416927261
2588,Amelia,Taylor,customer2588@example.com,947769596
2589,Amelia,Taylor,customer2589@example.com,720753175
2590,Nina,Thomas,customer2590@example.com,192851105
2591,Anna,Young,customer2591@example.com,625288882
2592,Mason,Scott,customer2592@example.com,608404935
2593,James,Martin,customer2593@example.com,115573397
2594,Anna,Thomas,customer2594@example.com,366106987
2595,John,Lee,customer2595@example.com,722197986
2596,Isabella,Scott,customer2596@example.com,259954997
2597,Oscar,Smith,customer2597@example.com,548579110
2598,Liam,Johnson,customer2598@example.com,605359412
2599,Daniel,Johnson,customer2599@example.com,557089367
2600,Daniel,Lopez,customer2600@example.com,614611532
2601,Olivia,Walker,customer2601@example.com,631808267
2602,Isabella,Brown,customer2602@example.com,699670808
2603,Emma,Lee,customer2603@example.com,334082685
2604,Ava,Clark,customer2604@example.com,417602552
2605,Isabella,Brown,customer2605@example.com,117104881
2606,Laura,Garcia,customer2606@example.com,273734464
2607,James,Scott,customer2607@example.com,902392977
2608,Oscar,Smith,customer2608@example.com,588381587
2609,James,Wilson,customer2609@example.com,854985336
2610,David,Taylor,customer2610@example.com,948104335
2611,Sarah,Walker,customer2611@example.com,855809082
2612,Emma,Brown,customer2612@example.com,513260967
2613,John,Young,customer2613@example.com,135126580
2614,Mia,Lee,customer2614@example.com,908407344
2615,Lucas,Adams,customer2615@example.com,682435262
2616,Oscar,Anderson,customer2616@example.com,945777677
2617,Noah,Adams,customer2617@example.com,460449408
2618,Liam,Young,customer2618@example.com,824403104
2619,Sarah,Johnson,customer2619@example.com,219149420
2620,David,Clark,customer2620@example.com,599668842
2621,Amelia,Johnson,customer2621@example.com,492529027
2622,Sarah,Taylor,customer2622@example.com,795970088
2623,Nina,Brown,customer2623@example.com,702109541
2624,Mason,Wilson,customer2624@example.com,459628007
2625,Isabella,King,customer2625@example.com,221931627
2626,Laura,Scott,customer2626@example.com,854672588
2627,Mason,Thomas,customer2627@example.com,444095402
2628,Sarah,Martin,customer2628@example.com,640699840
2629,Anna,Martin,customer2629@example.com,158475978
2630,Noah,Clark,customer2630@example.com,470684221
2631,James,Hall,customer2631@example.com,638427940
2632,Daniel,Davis,customer2632@example.com,604834590
2633,Nina,King,customer2633@example.com,413816461
2634,James,Adams,customer2634@example.com,495293592
2635,Noah,Anderson,customer2635@example.com,591638597
2636,Noah,Brown,customer2636@example.com,519492143
2637,Sophia,Garcia,customer2637@example.com,182621546
2638,Olivia,Taylor,customer2638@example.com,396291256
2639,Olivia,Wilson,customer2639@example.com,632928920
2640,Ava,Anderson,customer2640@example.com,659084094
2641,Emma,Garcia,customer2641@example.com,547252828
2642,Nina,Wilson,customer2642@example.com,608851530
2643,Sarah,Lee,customer2643@example.com,576591102
2644,Emma,Garcia,customer2644@example.com,303002339
2645,Noah,Smith,customer2645@example.com,961129245
2646,Isabella,Young,customer2646@example.com,792211324
2647,John,Lee,customer2647@example.com,721379342
2648,John,Miller,customer2648@example.com,621997861
2649,Oscar,Young,customer2649@example.com,688913795
2650,James,Walker,customer2650@example.com,426505925
2651,Oscar,Wilson,customer2651@example.com,947556242
2652,Mia,Taylor,customer2652@example.com,947469747
2653,Lucas,Thomas,customer2653@example.com,619952085
2654,Sarah,Garcia,customer2654@example.com,926512485
2655,Liam,Wilson,customer2655@example.com,479160679
2656,Mia,Walker,customer2656@example.com,278630985
2657,Amelia,Taylor,customer2657@example.com,864302503
2658,Nina,Garcia,customer2658@example.com,295722203
2659,Sophia,Wilson,customer2659@example.com,273145929
2660,Isabella,Davis,customer2660@example.com,144186034
2661,John,Scott,customer2661@example.com,235799902
2662,James,Martin,customer2662@example.com,496932442
2663,Sophia,Anderson,customer2663@example.com,703966077
2664,Liam,Miller,customer2664@example.com,469202923
2665,Ava,Clark,customer2665@example.com,581497073
2666,Nina,Taylor,customer2666@example.com,672994767
2667,Mia,Davis,customer2667@example.com,126763237
2668,David,Hall,customer2668@example.com,925190102
2669,Ava,Walker,customer2669@example.com,443831389
2670,Ava,Smith,customer2670@example.com,892952947
2671,Nina,Young,customer2671@example.com,455709881
2672,Mia,Hall,customer2672@example.com,411199562
2673,Oscar,Wilson,customer2673@example.com,958538383
2674,Oscar,Walker,customer2674@example.com,463659637
2675,Olivia,Hall,customer2675@example.com,143036559
2676,Ava,King,customer2676@example.com,225494759
2677,Mia,Smith,customer2677@example.com,531246845
2678,Amelia,Thomas,customer2678@example.com,578859534
2679,Sarah,Brown,customer2679@example.com,450433330
2680,Liam,Adams,customer2680@example.com,788604221
2681,Mason,Scott,customer2681@example.com,665254032
2682,Isabella,Martin,customer2682@example.com,310148111
2683,Emma,Brown,customer2683@example.com,678115797
2684,James,Brown,customer2684@example.com,649527664
2685,David,Anderson,customer2685@example.com,626633172
2686,John,Adams,customer2686@example.com,749697362
2687,Daniel,Johnson,customer2687@example.com,815934958
2688,Sarah,Lopez,customer2688@example.com,258855742
2689,Anna,Clark,customer2689@example.com,514585268
2690,Sarah,Smith,customer2690@example.com,405641007
2691,Sarah,Clark,customer2691@example.com,430804119
2692,James,King,customer2692@example.com,194058316
2693,Mason,Walker,customer2693@example.com,896209276
2694,Anna,Walker,customer2694@example.com,409918418
2695,Sophia,Lee,customer2695@example.com,882334208
2696,Anna,Wilson,customer2696@example.com,997123679
2697,Oscar,Adams,customer2697@example.com,192425524
2698,Ava,Anderson,customer2698@example.com,425591954
2699,Laura,Young,customer2699@example.com,460150990
2700,Noah,Scott,customer2700@example.com,911871283
2701,David,Brown,customer2701@example.com,107106953
2702,Anna,Martin,customer2702@example.com,545081036
2703,Sophia,King,customer2703@example.com,596197535
2704,Oscar,Wilson,customer2704@example.com,313951180
2705,Sophia,Lopez,customer2705@example.com,410808710
2706,Nina,Hall,customer2706@example.com,145347243
2707,Mia,Scott,customer2707@example.com,426325581
2708,Laura,King,customer2708@example.com,894414358
2709,James,Thomas,customer2709@example.com,128819242
2710,Emma,Wilson,customer2710@example.com,382047307
2711,Mia,Hall,customer2711@example.com,233333957
2712,Mia,Lee,customer2712@example.com,292599550
2713,Laura,Thomas,customer2713@example.com,130539998
2714,Olivia,Martin,customer2714@example.com,629408646
2715,Noah,Adams,customer2715@example.com,900544937
2716,Sarah,Scott,customer2716@example.com,615917815
2717,Oscar,Lee,customer2717@example.com,376930400
2718,Laura,Davis,customer2718@example.com,500722831
2719,Daniel,Scott,customer2719@example.com,118838880
2720,Lucas,Taylor,customer2720@example.com,724546761
2721,Liam,Wilson,customer2721@example.com,443254980
2722,James,Wilson,customer2722@example.com,483739723
2723,Sophia,Johnson,customer2723@example.com,392777562
2724,Sarah,Lee,customer2724@example.com,783165158
2725,Sarah,Johnson,customer2725@example.com,411230727
2726,Mia,Young,customer2726@example.com,786063606
2727,Noah,Young,customer2727@example.com,308107088
2728,Sophia,Davis,customer2728@example.com,742916320
2729,Sophia,King,customer2729@example.com,446396476
2730,John,Garcia,customer2730@example.com,391476850
2731,Sarah,Davis,customer2731@example.com,673829455
2732,Oscar,Clark,customer2732@example.com,984027553
2733,Ava,Smith,customer2733@example.com,247048346
2734,Daniel,Garcia,customer2734@example.com,500520940
2735,Laura,Lee,customer2735@example.com,465408396
2736,Sophia,Davis,customer2736@example.com,333942807
2737,Ava,Young,customer2737@example.com,337418815
2738,Mason,King,customer2738@example.com,758663681
2739,Daniel,King,customer2739@example.com,865091650
2740,Nina,Davis,customer2740@example.com,548122132
2741,James,Brown,customer2741@example.com,225161415
2742,Ava,Smith,customer2742@example.com,614878782
2743,Sarah,Garcia,customer2743@example.com,842010046
2744,Sarah,Wilson,customer2744@example.com,977288628
2745,James,Adams,customer2745@example.com,661697010
2746,John,Taylor,customer2746@example.com,862243827
2747,Mia,Smith,customer2747@example.com,899358066
2748,Olivia,Thomas,customer2748@example.com,238206116
2749,Ava,Thomas,customer2749@example.com,430098648
2750,Ava,Anderson,customer2750@example.com,239820778
2751,Noah,Lee,customer2751@example.com,841760327
2752,Olivia,Brown,customer2752@example.com,120193226
2753,Laura,Lee,customer2753@example.com,145652216
2754,Mason,Davis,customer2754@example.com,135210907
2755,Daniel,Scott,customer2755@example.com,163635565
2756,Laura,Davis,customer2756@example.com,371670077
2757,Liam,Brown,customer2757@example.com,423889716
2758,Emma,Davis,customer2758@example.com,940064269
2759,Olivia,Adams,customer2759@example.com,320547840
2760,Oscar,Anderson,customer2760@example.com,298407974
2761,Sarah,Smith,customer2761@example.com,197473548
2762,Ava,Martin,customer2762@example.com,722503273
2763,Sarah,Clark,customer2763@example.com,272397121
2764,Daniel,Adams,customer2764@example.com,359654955
2765,Daniel,Scott,customer2765@example.com,173376339
2766,Olivia,Scott,customer2766@example.com,919527047
2767,Emma,Young,customer2767@example.com,332999907
2768,Mason,Garcia,customer2768@example.com,284440344
2769,Nina,Smith,customer2769@example.com,878837937
2770,Olivia,Anderson,customer2770@example.com,641375551
2771,Laura,Clark,customer2771@example.com,849614502
2772,Oscar,Taylor,customer2772@example.com,572087589
2773,Olivia,Taylor,customer2773@example.com,996297562
2774,Sarah,Lopez,customer2774@example.com,555365152
2775,Mason,Young,customer2775@example.com,344334478
2776,Anna,Davis,customer2776@example.com,917557160
2777,John,Davis,customer2777@example.com,600258136
2778,Olivia,Young,customer2778@example.com,245934792
2779,Laura,Clark,customer2779@example.com,856699057
2780,Mia,King,customer2780@example.com,875388247
2781,Liam,Brown,customer2781@example.com,452311239
2782,Laura,Davis,customer2782@example.com,513155580
2783,Mia,Walker,customer2783@example.com,744663324
2784,Mia,Walker,customer2784@example.com,342529746
2785,Nina,Lee,customer2785@example.com,412017904
2786,Anna,Anderson,customer2786@example.com,174742261
2787,Laura,Clark,customer2787@example.com,292518998
2788,Emma,Hall,customer2788@example.com,821657025
2789,Olivia,Lopez,customer2789@example.com,570361572
2790,Daniel,Brown,customer2790@example.com,228009184
2791,Ava,Lopez,customer2791@example.com,530167052
2792,Oscar,Davis,customer2792@example.com,896106713
2793,Sophia,Brown,customer2793@example.com,490530625
2794,Mason,Miller,customer2794@example.com,315031290
2795,Amelia,Lopez,customer2795@example.com,231814874
2796,Isabella,Lee,customer2796@example.com,878678109
2797,Laura,Martin,customer2797@example.com,921216010
2798,Oscar,Scott,customer2798@example.com,393102301
2799,David,Clark,customer2799@example.com,610914579
2800,Amelia,Lopez,customer2800@example.com,620263193
2801,Daniel,Martin,customer2801@example.com,258241728
2802,James,Davis,customer2802@example.com,231200576
2803,Lucas,Hall,customer2803@example.com,633943662
2804,Isabella,Wilson,customer2804@example.com,131915385
2805,Olivia,Johnson,customer2805@example.com,991541224
2806,Noah,Hall,customer2806@example.com,828112320
2807,Emma,Taylor,customer2807@example.com,510849034
2808,Amelia,Miller,customer2808@example.com,263999734
2809,Mia,Adams,customer2809@example.com,769190932
2810,Olivia,Brown,customer2810@example.com,809829892
2811,Daniel,Hall,customer2811@example.com,951188873
2812,James,Anderson,customer2812@example.com,415210792
2813,Laura,Hall,customer2813@example.com,642019241
2814,Lucas,King,customer2814@example.com,468954488
2815,Nina,King,customer2815@example.com,118973435
2816,Liam,Lee,customer2816@example.com,227919275
2817,David,Walker,customer2817@example.com,437755361
2818,David,Walker,customer2818@example.com,593552134
2819,Liam,Johnson,customer2819@example.com,289911827
2820,Nina,Garcia,customer2820@example.com,858125303
2821,Sophia,Hall,customer2821@example.com,562440328
2822,Ava,Garcia,customer2822@example.com,868501922
2823,David,Hall,customer2823@example.com,920350718
2824,Olivia,Scott,customer2824@example.com,824802127
2825,Laura,King,customer2825@example.com,835914904
2826,Nina,Scott,customer2826@example.com,604463645
2827,Laura,King,customer2827@example.com,267837613
2828,Daniel,Johnson,customer2828@example.com,520246255
2829,Lucas,Hall,customer2829@example.com,734629857
2830,David,Adams,customer2830@example.com,826373230
2831,Sarah,Garcia,customer2831@example.com,444115773
2832,Liam,Smith,customer2832@example.com,734005271
2833,Liam,Wilson,customer2833@example.com,998651200
2834,Sarah,Clark,customer2834@example.com,969251370
2835,Oscar,Smith,customer2835@example.com,921620818
2836,John,Lopez,customer2836@example.com,204528821
2837,Anna,Clark,customer2837@example.com,483718906
2838,Anna,Clark,customer2838@example.com,160611912
2839,Isabella,Thomas,customer2839@example.com,351923547
2840,Mia,Scott,customer2840@example.com,191205492
2841,Noah,Garcia,customer2841@example.com,222912620
2842,John,Taylor,customer2842@example.com,121165586
2843,Nina,Miller,customer2843@example.com,140133915
2844,James,Lee,customer2844@example.com,709938401
2845,Daniel,Lee,customer2845@example.com,386279849
2846,Emma,Hall,customer2846@example.com,731348637
2847,Emma,Miller,customer2847@example.com,505592654
2848,Oscar,Lopez,customer2848@example.com,446197308
2849,Oscar,Davis,customer2849@example.com,967934041
2850,Laura,Davis,customer2850@example.com,841809534
2851,Mason,Miller,customer2851@example.com,633361273
2852,Daniel,Miller,customer2852@example.com,278914614
2853,Amelia,Garcia,customer2853@example.com,490127233
2854,Anna,Anderson,customer2854@example.com,633597839
2855,Noah,King,customer2855@example.com,329866763
2856,Mia,Martin,customer2856@example.com,151036409
2857,Mia,Scott,customer2857@example.com,531673580
2858,Isabella,Adams,customer2858@example.com,897669938
2859,Noah,Scott,customer2859@example.com,201719440
2860,Oscar,Miller,customer2860@example.com,393523362
2861,Noah,Scott,customer2861@example.com,960266563
2862,Daniel,Hall,customer2862@example.com,558601461
2863,Mason,Clark,customer2863@example.com,954324560
2864,Noah,Garcia,customer2864@example.com,641852570
2865,Mia,Lee,customer2865@example.com,812381203
2866,Nina,Miller,customer2866@example.com,314831026
2867,Anna,Lopez,customer2867@example.com,369793513
2868,Amelia,Young,customer2868@example.com,586650508
2869,Nina,Taylor,customer2869@example.com,119975163
2870,Daniel,Taylor,customer2870@example.com,719380774
2871,Laura,Anderson,customer2871@example.com,809535264
2872,James,Martin,customer2872@example.com,784968212
2873,Nina,Adams,customer2873@example.com,925835412
2874,Anna,Scott,customer2874@example.com,880196990
2875,Liam,Young,customer2875@example.com,315444177
2876,Sarah,Walker,customer2876@example.com,258638580
2877,Isabella,Wilson,customer2877@example.com,901476885
2878,Mia,Lee,customer2878@example.com,540513606
2879,John,Brown,customer2879@example.com,780674456
2880,Mason,Lee,customer2880@example.com,386619011
2881,Mia,Taylor,customer2881@example.com,375357476
2882,Amelia,Thomas,customer2882@example.com,535795238
2883,Isabella,Davis,customer2883@example.com,261020740
2884,Mason,Smith,customer2884@example.com,363696611
2885,Mia,Walker,customer2885@example.com,621175333
2886,Nina,Lee,customer2886@example.com,553139585
2887,Liam,Anderson,customer2887@example.com,271109874
2888,Lucas,Wilson,customer2888@example.com,131290846
2889,Lucas,Martin,customer2889@example.com,807242295
2890,Nina,Taylor,customer2890@example.com,791805218
2891,Liam,Hall,customer2891@example.com,939917094
2892,Emma,Johnson,customer2892@example.com,190118660
2893,John,Adams,customer2893@example.com,419952703
2894,Noah,Lee,customer2894@example.com,490234548
2895,Noah,Lopez,customer2895@example.com,877640817
2896,Ava,Thomas,customer2896@example.com,220186460
2897,Oscar,Young,customer2897@example.com,229539022
2898,Daniel,Scott,customer2898@example.com,932274313
2899,Daniel,Martin,customer2899@example.com,633060309
2900,Noah,Thomas,customer2900@example.com,744053238
2901,Olivia,Miller,customer2901@example.com,453568052
2902,Oscar,Lopez,customer2902@example.com,965265838
2903,Isabella,Lee,customer2903@example.com,334084722
2904,Ava,Davis,customer2904@example.com,288070455
2905,Mason,Martin,customer2905@example.com,571883135
2906,Anna,Martin,customer2906@example.com,732950344
2907,Liam,Hall,customer2907@example.com,672809021
2908,Sarah,Davis,customer2908@example.com,439828493
2909,Nina,Lee,customer2909@example.com,609870729
2910,Isabella,Martin,customer2910@example.com,942106991
2911,Ava,Clark,customer2911@example.com,610265498
2912,Sarah,Garcia,customer2912@example.com,122628256
2913,Amelia,Johnson,customer2913@example.com,893978083
2914,Liam,Thomas,customer2914@example.com,371638319
2915,Nina,Lopez,customer2915@example.com,432074523
2916,Sarah,Davis,customer2916@example.com,674355978
2917,Isabella,Walker,customer2917@example.com,517117581
2918,Emma,Lopez,customer2918@example.com,374377213
2919,Mia,Brown,customer2919@example.com,983375690
2920,Isabella,Garcia,customer2920@example.com,325900773
2921,Sophia,Walker,customer2921@example.com,777909802
2922,John,Lee,customer2922@example.com,947523110
2923,Liam,Martin,customer2923@example.com,186000877
2924,Laura,Hall,customer2924@example.com,891285408
2925,Anna,Miller,customer2925@example.com,870287372
2926,Anna,Davis,customer2926@example.com,985193689
2927,Sophia,Martin,customer2927@example.com,643672548
2928,Noah,Clark,customer2928@example.com,551906293
2929,Amelia,King,customer2929@example.com,892191168
2930,John,Walker,customer2930@example.com,846476162
2931,Emma,Johnson,customer2931@example.com,788668793
2932,Sophia,Walker,customer2932@example.com,949350526
2933,Ava,Smith,customer2933@example.com,530207385
2934,Mason,Garcia,customer2934@example.com,436856223
2935,Oscar,Brown,customer2935@example.com,219000878
2936,Sophia,Thomas,customer2936@example.com,654443651
2937,Ava,Adams,customer2937@example.com,836322083
2938,Anna,Miller,customer2938@example.com,584783589
2939,Laura,Wilson,customer2939@example.com,379902891
2940,Sophia,Scott,customer2940@example.com,987736032
2941,John,Garcia,customer2941@example.com,313313546
2942,Noah,Lee,customer2942@example.com,494707031
2943,Sophia,Lopez,customer2943@example.com,505144293
2944,Oscar,Thomas,customer2944@example.com,122263644
2945,Emma,King,customer2945@example.com,794825515
2946,Amelia,Thomas,customer2946@example.com,195537862
2947,James,Anderson,customer2947@example.com,381087533
2948,Sophia,Johnson,customer2948@example.com,530607955
2949,Amelia,Lee,customer2949@example.com,744666787
2950,Lucas,Wilson,customer2950@example.com,195628804
2951,Sarah,Taylor,customer2951@example.com,709072427
2952,Olivia,Smith,customer2952@example.com,871573078
2953,Daniel,Lee,customer2953@example.com,930388241
2954,James,Hall,customer2954@example.com,227251665
2955,Isabella,Anderson,customer2955@example.com,304595238
2956,Lucas,Garcia,customer2956@example.com,901487098
2957,Laura,Lopez,customer2957@example.com,239800466
2958,Anna,Anderson,customer2958@example.com,744333988
2959,Mason,Garcia,customer2959@example.com,880296841
2960,Mason,Lee,customer2960@example.com,293670676
2961,Anna,Wilson,customer2961@example.com,130894901
2962,Mia,Martin,customer2962@example.com,352850765
2963,Amelia,Walker,customer2963@example.com,366629382
2964,Sarah,Scott,customer2964@example.com,834726187
2965,James,Brown,customer2965@example.com,111081272
2966,Laura,Wilson,customer2966@example.com,447082726
2967,David,Anderson,customer2967@example.com,865938642
2968,David,Lee,customer2968@example.com,890385760
2969,Amelia,Martin,customer2969@example.com,178442874
2970,Olivia,King,customer2970@example.com,163084820
2971,Liam,Miller,customer2971@example.com,352159078
2972,Laura,Clark,customer2972@example.com,751089619
2973,Amelia,Johnson,customer2973@example.com,105756315
2974,Lucas,Young,customer2974@example.com,765352581
2975,David,Garcia,customer2975@example.com,523802474
2976,Sarah,Wilson,customer2976@example.com,700823397
2977,Liam,Scott,customer2977@example.com,292599457
2978,Lucas,Taylor,customer2978@example.com,640893920
2979,Laura,Miller,customer2979@example.com,602602298
2980,Ava,Brown,customer2980@example.com,440716951
2981,Daniel,Lee,customer2981@example.com,252252010
2982,Lucas,Davis,customer2982@example.com,436370681
2983,Liam,Wilson,customer2983@example.com,636023317
2984,Lucas,Clark,customer2984@example.com,561801350
2985,Mia,Martin,customer2985@example.com,758130257
2986,Lucas,Young,customer2986@example.com,436092271
2987,Anna,Taylor,customer2987@example.com,438811626
2988,Laura,Wilson,customer2988@example.com,696651173
2989,James,Johnson,customer2989@example.com,302851261
2990,Ava,Johnson,customer2990@example.com,346810881
2991,Sophia,Johnson,customer2991@example.com,604924443
2992,Lucas,Taylor,customer2992@example.com,858021852
2993,James,Lee,customer2993@example.com,224579869
2994,Laura,Johnson,customer2994@example.com,574078155
2995,Sarah,King,customer2995@example.com,620979010
2996,James,Hall,customer2996@example.com,220786160
2997,Ava,Davis,customer2997@example.com,475384764
2998,Noah,Anderson,customer2998@example.com,405067716
2999,Sophia,Taylor,customer2999@example.com,905238350
3000,Daniel,Martin,customer3000@example.com,704782275
3001,Oscar,Anderson,customer3001@example.com,726579237
3002,Emma,Young,customer3002@example.com,923396372
3003,Oscar,Taylor,customer3003@example.com,547126482
3004,Noah,Thomas,customer3004@example.com,924905837
3005,Laura,Davis,customer3005@example.com,452893605
3006,Emma,Garcia,customer3006@example.com,831553554
3007,Olivia,Lopez,customer3007@example.com,501105178
3008,Oscar,Davis,customer3008@example.com,998697433
3009,John,Wilson,customer3009@example.com,131003764
3010,Noah,Walker,customer3010@example.com,991956502
3011,Laura,Walker,customer3011@example.com,774692904
3012,Lucas,Adams,customer3012@example.com,806528895
3013,Emma,Miller,customer3013@example.com,147080354
3014,Amelia,Walker,customer3014@example.com,448875327
3015,Oscar,Wilson,customer3015@example.com,326953436
3016,Liam,Garcia,customer3016@example.com,447002051
3017,Liam,Brown,customer3017@example.com,687504515
3018,Amelia,Lopez,customer3018@example.com,199375888
3019,David,Martin,customer3019@example.com,291137642
3020,Isabella,Lopez,customer3020@example.com,195765217
3021,Emma,Anderson,customer3021@example.com,274956229
3022,David,Lopez,customer3022@example.com,405947579
3023,Ava,Davis,customer3023@example.com,420562039
3024,Laura,Lee,customer3024@example.com,890155099
3025,Mia,Adams,customer3025@example.com,240967986
3026,Sarah,Davis,customer3026@example.com,993409974
3027,Sarah,Young,customer3027@example.com,314610134
3028,Laura,Walker,customer3028@example.com,516707955
3029,Laura,Martin,customer3029@example.com,704577929
3030,Amelia,Lee,customer3030@example.com,196875511
3031,Anna,Clark,customer3031@example.com,759135517
3032,Sophia,Lee,customer3032@example.com,777194209
3033,Anna,Brown,customer3033@example.com,143420070
3034,Daniel,Miller,customer3034@example.com,597706044
3035,Isabella,Wilson,customer3035@example.com,631848216
3036,Daniel,Young,customer3036@example.com,190162210
3037,Mia,Walker,customer3037@example.com,569606919
3038,Noah,Hall,customer3038@example.com,422544807
3039,Ava,Wilson,customer3039@example.com,834776489
3040,Mia,Thomas,customer3040@example.com,661665819
3041,Anna,Garcia,customer3041@example.com,710460550
3042,Liam,King,customer3042@example.com,182176167
3043,Liam,Young,customer3043@example.com,215569160
3044,Daniel,Lee,customer3044@example.com,543476209
3045,Olivia,Walker,customer3045@example.com,809587923
3046,Oscar,Martin,customer3046@example.com,481669733
3047,Lucas,Scott,customer3047@example.com,187799393
3048,Daniel,Smith,customer3048@example.com,222337296
3049,James,Taylor,customer3049@example.com,944151226
3050,Sophia,Lopez,customer3050@example.com,148596177
3051,Noah,Lee,customer3051@example.com,856320718
3052,Mia,Miller,customer3052@example.com,730510203
3053,James,Walker,customer3053@example.com,769811308
3054,Lucas,Miller,customer3054@example.com,969737332
3055,Sophia,Anderson,customer3055@example.com,298736077
3056,Noah,Adams,customer3056@example.com,378440227
3057,Olivia,Lee,customer3057@example.com,673781871
3058,Emma,Smith,customer3058@example.com,524056989
3059,Olivia,Smith,customer3059@example.com,284399429
3060,Laura,Walker,customer3060@example.com,842821285
3061,David,Adams,customer3061@example.com,879441435
3062,Laura,Garcia,customer3062@example.com,764108643
3063,Amelia,Clark,customer3063@example.com,841592991
3064,David,Garcia,customer3064@example.com,194097510
3065,Ava,Wilson,customer3065@example.com,114899158
3066,Mason,Davis,customer3066@example.com,976139210
3067,Emma,Anderson,customer3067@example.com,128792710
3068,Mason,Hall,customer3068@example.com,796453883
3069,Ava,Thomas,customer3069@example.com,567924311
3070,Nina,Anderson,customer3070@example.com,192442244
3071,Mia,Walker,customer3071@example.com,259091651
3072,Laura,Lee,customer3072@example.com,123425640
3073,Olivia,Taylor,customer3073@example.com,263662130
3074,James,Hall,customer3074@example.com,606257674
3075,Emma,Walker,customer3075@example.com,728381921
3076,Isabella,Anderson,customer3076@example.com,416572815
3077,Oscar,Lopez,customer3077@example.com,154677276
3078,John,Smith,customer3078@example.com,210234112
3079,Anna,Lee,customer3079@example.com,632257271
3080,Oscar,Adams,customer3080@example.com,884989615
3081,Nina,Garcia,customer3081@example.com,139746932
3082,Laura,Lopez,customer3082@example.com,621946930
3083,Daniel,Scott,customer3083@example.com,878048553
3084,Amelia,Hall,customer3084@example.com,349006937
3085,Liam,Young,customer3085@example.com,120422206
3086,Anna,Scott,customer3086@example.com,439141517
3087,Nina,Brown,customer3087@example.com,387600528
3088,Anna,Hall,customer3088@example.com,225564160
3089,Laura,Adams,customer3089@example.com,793830293
3090,Sarah,Walker,customer3090@example.com,848950428
3091,Anna,Smith,customer3091@example.com,273230463
3092,Mia,Anderson,customer3092@example.com,603843081
3093,Sarah,Walker,customer3093@example.com,349218819
3094,Daniel,Thomas,customer3094@example.com,730993734
3095,John,Adams,customer3095@example.com,867939251
3096,James,Wilson,customer3096@example.com,415029454
3097,David,Lee,customer3097@example.com,994513638
3098,Sarah,Hall,customer3098@example.com,958730450
3099,Sophia,Adams,customer3099@example.com,322488532
3100,Mia,Brown,customer3100@example.com,816246415
3101,Laura,Wilson,customer3101@example.com,286069909
3102,Mason,Taylor,customer3102@example.com,750418046
3103,Laura,Davis,customer3103@example.com,951995296
3104,Anna,Hall,customer3104@example.com,426043743
3105,Isabella,Anderson,customer3105@example.com,697892214
3106,Liam,Smith,customer3106@example.com,485244337
3107,Lucas,Clark,customer3107@example.com,826845755
3108,Sophia,Taylor,customer3108@example.com,989003129
3109,Daniel,Johnson,customer3109@example.com,966311592
3110,Noah,Miller,customer3110@example.com,562375205
3111,Olivia,Adams,customer3111@example.com,343406810
3112,Olivia,King,customer3112@example.com,340620860
3113,Laura,Martin,customer3113@example.com,465420342
3114,Sarah,Johnson,customer3114@example.com,926883089
3115,Nina,Martin,customer3115@example.com,262326542
3116,Daniel,Adams,customer3116@example.com,818855001
3117,Olivia,Johnson,customer3117@example.com,570112847
3118,James,Davis,customer3118@example.com,213700517
3119,Amelia,Adams,customer3119@example.com,939833881
3120,Olivia,King,customer3120@example.com,145064341
3121,Daniel,Davis,customer3121@example.com,279364596
3122,Olivia,Anderson,customer3122@example.com,488306318
3123,Sophia,Garcia,customer3123@example.com,860384622
3124,James,Young,customer3124@example.com,635143260
3125,Olivia,Wilson,customer3125@example.com,794810784
3126,Sarah,Miller,customer3126@example.com,979567192
3127,Ava,Davis,customer3127@example.com,316778095
3128,James,Lee,customer3128@example.com,925942935
3129,Emma,Thomas,customer3129@example.com,996374030
3130,Laura,Miller,customer3130@example.com,407904380
3131,Daniel,Taylor,customer3131@example.com,191519166
3132,Lucas,Clark,customer3132@example.com,867939875
3133,Anna,Clark,customer3133@example.com,775856484
3134,Isabella,Wilson,customer3134@example.com,908749062
3135,Daniel,Lee,customer3135@example.com,945266468
3136,Isabella,Wilson,customer3136@example.com,960892562
3137,Anna,Lee,customer3137@example.com,539492534
3138,James,Young,customer3138@example.com,953203137
3139,Sarah,Smith,customer3139@example.com,575215255
3140,Ava,Smith,customer3140@example.com,870544763
3141,Daniel,Brown,customer3141@example.com,191029915
3142,John,Miller,customer3142@example.com,531269332
3143,Sophia,Lee,customer3143@example.com,166001117
3144,David,Johnson,customer3144@example.com,808858764
3145,Ava,Scott,customer3145@example.com,162072829
3146,Daniel,Garcia,customer3146@example.com,550225634
3147,David,King,customer3147@example.com,426764359
3148,John,Clark,customer3148@example.com,108484954
3149,Lucas,Young,customer3149@example.com,755413145
3150,Ava,Lopez,customer3150@example.com,579091840
3151,Mason,King,customer3151@example.com,770401096
3152,Amelia,Walker,customer3152@example.com,848903745
3153,Sarah,Lopez,customer3153@example.com,932579769
3154,Mason,Garcia,customer3154@example.com,190495952
3155,Liam,King,customer3155@example.com,459159045
3156,David,Wilson,customer3156@example.com,658850084
3157,Nina,Garcia,customer3157@example.com,329495689
3158,Noah,Young,customer3158@example.com,692475544
3159,Mia,Young,customer3159@example.com,465833373
3160,Sophia,Smith,customer3160@example.com,129947975
3161,Nina,Scott,customer3161@example.com,377766466
3162,Isabella,Garcia,customer3162@example.com,880083367
3163,Anna,Young,customer3163@example.com,218586088
3164,Liam,Clark,customer3164@example.com,378911373
3165,Daniel,Clark,customer3165@example.com,232943217
3166,Liam,Davis,customer3166@example.com,581827565
3167,Mia,Scott,customer3167@example.com,891196000
3168,Emma,Walker,customer3168@example.com,463977316
3169,Isabella,Scott,customer3169@example.com,707305392
3170,Nina,Adams,customer3170@example.com,351081528
3171,Sarah,Garcia,customer3171@example.com,405517657
3172,Oscar,Wilson,customer3172@example.com,867028521
3173,David,Young,customer3173@example.com,891897827
3174,Isabella,Davis,customer3174@example.com,452022995
3175,Daniel,Scott,customer3175@example.com,306754637
3176,Sarah,Walker,customer3176@example.com,205213639
3177,Ava,Lee,customer3177@example.com,989528128
3178,Anna,Brown,customer3178@example.com,199051192
3179,Liam,Lee,customer3179@example.com,239654428
3180,Laura,Anderson,customer3180@example.com,579065046
3181,Noah,Clark,customer3181@example.com,826732562
3182,Daniel,Lopez,customer3182@example.com,731617307
3183,Nina,Young,customer3183@example.com,936256672
3184,David,Martin,customer3184@example.com,727391402
3185,Laura,Lee,customer3185@example.com,572532253
3186,Laura,Lee,customer3186@example.com,984561220
3187,Sophia,Wilson,customer3187@example.com,643083464
3188,Ava,Hall,customer3188@example.com,863592104
3189,James,Wilson,customer3189@example.com,856477620
3190,Daniel,Young,customer3190@example.com,226763976
3191,Mason,Walker,customer3191@example.com,608261670
3192,Liam,Taylor,customer3192@example.com,700250339
3193,Sarah,Davis,customer3193@example.com,745963305
3194,Anna,Davis,customer3194@example.com,229779337
3195,Sarah,Scott,customer3195@example.com,410945513
3196,Liam,Young,customer3196@example.com,264609469
3197,Olivia,Clark,customer3197@example.com,427410286
3198,Sarah,Garcia,customer3198@example.com,415660014
3199,Laura,Smith,customer3199@example.com,949548505
3200,Ava,Wilson,customer3200@example.com,941590785
3201,Oscar,Lee,customer3201@example.com,152238662
3202,Mia,Garcia,customer3202@example.com,331478831
3203,Sophia,Hall,customer3203@example.com,102239566
3204,Olivia,King,customer3204@example.com,474358952
3205,Noah,Johnson,customer3205@example.com,548367904
3206,Laura,Scott,customer3206@example.com,432539857
3207,Oscar,Walker,customer3207@example.com,462734944
3208,David,Hall,customer3208@example.com,995994586
3209,Amelia,Wilson,customer3209@example.com,918138906
3210,Ava,Young,customer3210@example.com,783394004
3211,James,Walker,customer3211@example.com,816422822
3212,James,Wilson,customer3212@example.com,881538189
3213,John,Brown,customer3213@example.com,958791185
3214,Amelia,Adams,customer3214@example.com,539835071
3215,David,Thomas,customer3215@example.com,524554436
3216,John,King,customer3216@example.com,149198538
3217,James,Martin,customer3217@example.com,793547595
3218,Noah,Taylor,customer3218@example.com,859359486
3219,Emma,Scott,customer3219@example.com,776574610
3220,Mia,King,customer3220@example.com,792734933
3221,Olivia,King,customer3221@example.com,191431302
3222,Mason,Adams,customer3222@example.com,681790182
3223,Oscar,Johnson,customer3223@example.com,712295241
3224,Daniel,Anderson,customer3224@example.com,905906132
3225,Laura,Young,customer3225@example.com,120040394
3226,Olivia,King,customer3226@example.com,292998003
3227,Emma,Martin,customer3227@example.com,944773947
3228,Mason,Thomas,customer3228@example.com,990873441
3229,Oscar,Walker,customer3229@example.com,190890036
3230,Nina,Adams,customer3230@example.com,444060339
3231,David,Scott,customer3231@example.com,148300820
3232,Laura,Smith,customer3232@example.com,465025573
3233,Anna,Taylor,customer3233@example.com,545534593
3234,Emma,Young,customer3234@example.com,440786794
3235,David,Martin,customer3235@example.com,197737441
3236,Olivia,Davis,customer3236@example.com,681731069
3237,Sophia,Garcia,customer3237@example.com,254655603
3238,Sophia,Martin,customer3238@example.com,924960882
3239,Noah,Wilson,customer3239@example.com,429417778
3240,Anna,Taylor,customer3240@example.com,163258139
3241,Amelia,Miller,customer3241@example.com,294838874
3242,Emma,Johnson,customer3242@example.com,420001194
3243,David,Davis,customer3243@example.com,443641906
3244,Ava,Lee,customer3244@example.com,448126205
3245,Lucas,Lopez,customer3245@example.com,988780552
3246,Olivia,Johnson,customer3246@example.com,317496560
3247,Isabella,Adams,customer3247@example.com,729243930
3248,Isabella,Hall,customer3248@example.com,646127934
3249,Daniel,Lopez,customer3249@example.com,223567680
3250,Lucas,Johnson,customer3250@example.com,441811154
3251,James,King,customer3251@example.com,537095027
3252,Noah,Hall,customer3252@example.com,131038055
3253,Anna,Thomas,customer3253@example.com,119996117
3254,Lucas,King,customer3254@example.com,729398143
3255,Olivia,Thomas,customer3255@example.com,919241705
3256,Nina,Wilson,customer3256@example.com,427075547
3257,Oscar,Lee,customer3257@example.com,578869802
3258,Noah,Young,customer3258@example.com,318460189
3259,Ava,Clark,customer3259@example.com,680292764
3260,Sophia,Thomas,customer3260@example.com,677174482
3261,Anna,King,customer3261@example.com,585054283
3262,Liam,Smith,customer3262@example.com,972569546
3263,James,Adams,customer3263@example.com,410579235
3264,Sophia,Smith,customer3264@example.com,164612445
3265,Laura,Martin,customer3265@example.com,741955612
3266,Lucas,Lopez,customer3266@example.com,477332115
3267,Mason,Scott,customer3267@example.com,647960971
3268,Mia,Johnson,customer3268@example.com,273319432
3269,Nina,Scott,customer3269@example.com,175092373
3270,Mia,Brown,customer3270@example.com,524455403
3271,Olivia,Wilson,customer3271@example.com,878542046
3272,Nina,Martin,customer3272@example.com,563816134
3273,Mason,Adams,customer3273@example.com,642046610
3274,John,Miller,customer3274@example.com,782008471
3275,Lucas,Walker,customer3275@example.com,393145630
3276,Isabella,Miller,customer3276@example.com,466822211
3277,Mason,Walker,customer3277@example.com,743722897
3278,John,Smith,customer3278@example.com,842862979
3279,Ava,Smith,customer3279@example.com,753679794
3280,Laura,Smith,customer3280@example.com,110284954
3281,Sophia,Lee,customer3281@example.com,696775664
3282,Laura,Lopez,customer3282@example.com,677814249
3283,Noah,Brown,customer3283@example.com,678370314
3284,Emma,Walker,customer3284@example.com,821818558
3285,Olivia,Clark,customer3285@example.com,972717220
3286,David,Adams,customer3286@example.com,484362791
3287,David,Taylor,customer3287@example.com,924597047
3288,Emma,Davis,customer3288@example.com,596812325
3289,Sarah,Anderson,customer3289@example.com,577361628
3290,Emma,Thomas,customer3290@example.com,897945277
3291,Emma,Martin,customer3291@example.com,830739665
3292,Sarah,Anderson,customer3292@example.com,196600815
3293,Amelia,Garcia,customer3293@example.com,968028454
3294,Isabella,Thomas,customer3294@example.com,630223017
3295,Sarah,Johnson,customer3295@example.com,401459841
3296,Laura,Adams,customer3296@example.com,324504731
3297,Emma,Anderson,customer3297@example.com,981674615
3298,David,Davis,customer3298@example.com,397799667
3299,Oscar,Young,customer3299@example.com,630440618
3300,Sophia,King,customer3300@example.com,308059226
3301,Oscar,Adams,customer3301@example.com,706814705
3302,Sophia,Brown,customer3302@example.com,731536919
3303,Ava,Brown,customer3303@example.com,236827900
3304,Lucas,Scott,customer3304@example.com,344775738
3305,Daniel,Martin,customer3305@example.com,305999029
3306,Emma,King,customer3306@example.com,759767702
3307,Lucas,King,customer3307@example.com,587399464
3308,Emma,Lee,customer3308@example.com,788232308
3309,Liam,Miller,customer3309@example.com,564445061
3310,Anna,Martin,customer3310@example.com,230693381
3311,Daniel,Walker,customer3311@example.com,632119301
3312,Sarah,Young,customer3312@example.com,914993363
3313,Liam,Thomas,customer3313@example.com,150427906
3314,Lucas,Lee,customer3314@example.com,671671189
3315,James,Miller,customer3315@example.com,105539736
3316,David,Anderson,customer3316@example.com,459387638
3317,Noah,Scott,customer3317@example.com,967232189
3318,Emma,Thomas,customer3318@example.com,840397560
3319,Anna,Brown,customer3319@example.com,368418452
3320,Mason,Taylor,customer3320@example.com,453502263
3321,Mia,Brown,customer3321@example.com,772156679
3322,Olivia,Smith,customer3322@example.com,615360022
3323,Anna,Smith,customer3323@example.com,736225068
3324,John,Martin,customer3324@example.com,365379125
3325,Olivia,Hall,customer3325@example.com,355936253
3326,John,Johnson,customer3326@example.com,982222571
3327,John,Young,customer3327@example.com,952670321
3328,Isabella,Brown,customer3328@example.com,932954653
3329,Amelia,Adams,customer3329@example.com,570867440
3330,Olivia,Walker,customer3330@example.com,721626156
3331,Olivia,Brown,customer3331@example.com,165162109
3332,Liam,Lopez,customer3332@example.com,436381228
3333,Noah,Wilson,customer3333@example.com,166574389
3334,James,Johnson,customer3334@example.com,423702101
3335,Amelia,Lee,customer3335@example.com,170641753
3336,Olivia,Johnson,customer3336@example.com,700498762
3337,Liam,Garcia,customer3337@example.com,509584709
3338,David,Davis,customer3338@example.com,762822951
3339,Anna,Thomas,customer3339@example.com,743789670
3340,Amelia,Smith,customer3340@example.com,586846620
3341,David,Walker,customer3341@example.com,953801568
3342,Anna,Adams,customer3342@example.com,764893749
3343,Olivia,Miller,customer3343@example.com,798921553
3344,Emma,Walker,customer3344@example.com,655353112
3345,John,Scott,customer3345@example.com,306675241
3346,Olivia,Davis,customer3346@example.com,113194760
3347,Amelia,Brown,customer3347@example.com,736607029
3348,Mason,Scott,customer3348@example.com,235271742
3349,Daniel,Martin,customer3349@example.com,481598412
3350,Anna,Hall,customer3350@example.com,878058056
3351,Amelia,Walker,customer3351@example.com,299633740
3352,Isabella,Wilson,customer3352@example.com,955799705
3353,Liam,Johnson,customer3353@example.com,237096167
3354,Mia,Scott,customer3354@example.com,567988362
3355,Daniel,Clark,customer3355@example.com,434135828
3356,Oscar,King,customer3356@example.com,932682132
3357,Ava,Wilson,customer3357@example.com,604147303
3358,Mia,Adams,customer3358@example.com,468186412
3359,Mia,Clark,customer3359@example.com,108677810
3360,Daniel,Scott,customer3360@example.com,806175094
3361,Ava,Johnson,customer3361@example.com,354892732
3362,Daniel,King,customer3362@example.com,158634129
3363,Anna,Clark,customer3363@example.com,309816802
3364,Mason,Anderson,customer3364@example.com,943170597
3365,Noah,Miller,customer3365@example.com,303318997
3366,Laura,Walker,customer3366@example.com,743989866
3367,John,Scott,customer3367@example.com,707841924
3368,John,Adams,customer3368@example.com,421726973
3369,Anna,Miller,customer3369@example.com,274246814
3370,Olivia,Walker,customer3370@example.com,947387796
3371,Liam,Hall,customer3371@example.com,335585271
3372,Emma,Thomas,customer3372@example.com,844339911
3373,Isabella,Walker,customer3373@example.com,769929016
3374,Mason,Thomas,customer3374@example.com,616197305
3375,John,Lopez,customer3375@example.com,320456760
3376,David,Taylor,customer3376@example.com,987001282
3377,Emma,Clark,customer3377@example.com,110621558
3378,Noah,Clark,customer3378@example.com,132231138
3379,Nina,Davis,customer3379@example.com,252902956
3380,Mia,Walker,customer3380@example.com,308739111
3381,Oscar,Clark,customer3381@example.com,147142443
3382,Emma,Anderson,customer3382@example.com,312412969
3383,Mia,Taylor,customer3383@example.com,335090446
3384,Lucas,Taylor,customer3384@example.com,464876250
3385,Nina,Thomas,customer3385@example.com,291707402
3386,Mason,Smith,customer3386@example.com,289061692
3387,Lucas,Davis,customer3387@example.com,122541876
3388,Ava,Lopez,customer3388@example.com,803160442
3389,Olivia,Miller,customer3389@example.com,325740666
3390,Mia,Walker,customer3390@example.com,357859027
3391,Sarah,Clark,customer3391@example.com,809645329
3392,Sophia,Young,customer3392@example.com,957944228
3393,Amelia,Lee,customer3393@example.com,863368317
3394,Noah,Davis,customer3394@example.com,255082939
3395,Ava,Anderson,customer3395@example.com,305816222
3396,Nina,Lopez,customer3396@example.com,845556818
3397,Sarah,Miller,customer3397@example.com,743761010
3398,Anna,Thomas,customer3398@example.com,149601706
3399,Amelia,Scott,customer3399@example.com,303046903
3400,Nina,Garcia,customer3400@example.com,947813439
3401,Ava,Miller,customer3401@example.com,365398542
3402,Liam,Martin,customer3402@example.com,235783814
3403,Daniel,Scott,customer3403@example.com,625049703
3404,Mason,Brown,customer3404@example.com,942527868
3405,Laura,Adams,customer3405@example.com,169656902
3406,Sophia,Young,customer3406@example.com,516736210
3407,Daniel,Clark,customer3407@example.com,635354547
3408,Daniel,Walker,customer3408@example.com,292198192
3409,John,Clark,customer3409@example.com,664225204
3410,Laura,Hall,customer3410@example.com,608693948
3411,Lucas,Scott,customer3411@example.com,530512565
3412,Oscar,Johnson,customer3412@example.com,322478872
3413,Isabella,Anderson,customer3413@example.com,585417273
3414,Isabella,Lopez,customer3414@example.com,334713230
3415,Mia,Lee,customer3415@example.com,504889751
3416,Oscar,Taylor,customer3416@example.com,501694717
3417,Lucas,King,customer3417@example.com,191009197
3418,Ava,Brown,customer3418@example.com,416805398
3419,James,Young,customer3419@example.com,477500732
3420,Isabella,Scott,customer3420@example.com,144176873
3421,James,Young,customer3421@example.com,766928774
3422,John,Lee,customer3422@example.com,584419915
3423,James,Lee,customer3423@example.com,539109702
3424,Sarah,Hall,customer3424@example.com,440398089
3425,Lucas,Lopez,customer3425@example.com,126540961
3426,Sophia,Walker,customer3426@example.com,351030533
3427,Lucas,Brown,customer3427@example.com,485573103
3428,Noah,Garcia,customer3428@example.com,638765977
3429,Daniel,King,customer3429@example.com,791118651
3430,Noah,Martin,customer3430@example.com,344535679
3431,Olivia,Davis,customer3431@example.com,176610062
3432,Sarah,Johnson,customer3432@example.com,686291021
3433,Mason,Miller,customer3433@example.com,311147379
3434,John,Martin,customer3434@example.com,425038380
3435,Lucas,Anderson,customer3435@example.com,857678011
3436,Amelia,Wilson,customer3436@example.com,907865473
3437,Nina,Martin,customer3437@example.com,109163182
3438,Mia,Garcia,customer3438@example.com,982947411
3439,Sarah,Lopez,customer3439@example.com,535679851
3440,Oscar,Smith,customer3440@example.com,606810427
3441,Daniel,Wilson,customer3441@example.com,526818051
3442,Isabella,Thomas,customer3442@example.com,876675996
3443,Mason,Hall,customer3443@example.com,350958360
3444,Daniel,Scott,customer3444@example.com,943933854
3445,Nina,Walker,customer3445@example.com,875789582
3446,James,Miller,customer3446@example.com,950312143
3447,Noah,Miller,customer3447@example.com,301698698
3448,Anna,Lee,customer3448@example.com,325039914
3449,James,Walker,customer3449@example.com,699627706
3450,Emma,Clark,customer3450@example.com,249196669
3451,Oscar,Wilson,customer3451@example.com,428105366
3452,Emma,Hall,customer3452@example.com,970161858
3453,Sarah,Miller,customer3453@example.com,342118734
3454,Anna,Lee,customer3454@example.com,836332204
3455,David,King,customer3455@example.com,421733001
3456,John,Scott,customer3456@example.com,124953585
3457,Oscar,Johnson,customer3457@example.com,249394788
3458,Ava,Miller,customer3458@example.com,710090318
3459,Amelia,Adams,customer3459@example.com,716197593
3460,David,Lopez,customer3460@example.com,319263036
3461,David,Brown,customer3461@example.com,673904893
3462,David,Anderson,customer3462@example.com,609788629
3463,Olivia,Miller,customer3463@example.com,711512082
3464,James,Garcia,customer3464@example.com,200117306
3465,Sophia,Davis,customer3465@example.com,824652824
3466,Nina,Taylor,customer3466@example.com,134423255
3467,Amelia,Hall,customer3467@example.com,128817630
3468,Sophia,Anderson,customer3468@example.com,174615426
3469,David,Garcia,customer3469@example.com,321075169
3470,Isabella,Garcia,customer3470@example.com,808207780
3471,Daniel,Brown,customer3471@example.com,588191420
3472,Liam,Clark,customer3472@example.com,656769159
3473,Emma,Taylor,customer3473@example.com,450868832
3474,Anna,Lopez,customer3474@example.com,268615534
3475,Olivia,Wilson,customer3475@example.com,676012047
3476,Anna,Hall,customer3476@example.com,897943460
3477,Noah,Lopez,customer3477@example.com,321705882
3478,Ava,Anderson,customer3478@example.com,432599234
3479,Anna,Hall,customer3479@example.com,270490067
3480,Amelia,Scott,customer3480@example.com,433196834
3481,Oscar,Anderson,customer3481@example.com,639528440
3482,James,Martin,customer3482@example.com,316576663
3483,Emma,Wilson,customer3483@example.com,578600641
3484,Noah,Lopez,customer3484@example.com,749451237
3485,Isabella,Young,customer3485@example.com,453144519
3486,Oscar,Hall,customer3486@example.com,594140885
3487,James,Scott,customer3487@example.com,141966969
3488,Noah,Garcia,customer3488@example.com,793958412
3489,James,Clark,customer3489@example.com,851959157
3490,Mia,Lopez,customer3490@example.com,758233277
3491,Sophia,Lee,customer3491@example.com,367506478
3492,Sophia,Adams,customer3492@example.com,887314701
3493,Anna,Walker,customer3493@example.com,513030888
3494,Sophia,Scott,customer3494@example.com,202579039
3495,David,Johnson,customer3495@example.com,357370819
3496,Sophia,Martin,customer3496@example.com,774399203
3497,Nina,Garcia,customer3497@example.com,815817439
3498,Noah,Anderson,customer3498@example.com,629878254
3499,Anna,King,customer3499@example.com,230170389
3500,Sarah,Brown,customer3500@example.com,911101211
3501,Olivia,Young,customer3501@example.com,923065067
3502,John,Lee,customer3502@example.com,584188831
3503,Sophia,Martin,customer3503@example.com,322664095
3504,Daniel,Johnson,customer3504@example.com,596248563
3505,Emma,Brown,customer3505@example.com,785977815
3506,James,Lopez,customer3506@example.com,468999657
3507,David,Anderson,customer3507@example.com,525925819
3508,Liam,Smith,customer3508@example.com,369085856
3509,Olivia,Wilson,customer3509@example.com,451232074
3510,James,Hall,customer3510@example.com,595378308
3511,Noah,Brown,customer3511@example.com,688870662
3512,Isabella,Walker,customer3512@example.com,250598472
3513,Laura,Martin,customer3513@example.com,273265999
3514,Sophia,Smith,customer3514@example.com,751749006
3515,Olivia,Taylor,customer3515@example.com,415835422
3516,Olivia,King,customer3516@example.com,896122101
3517,David,Taylor,customer3517@example.com,183306581
3518,Emma,Martin,customer3518@example.com,264815590
3519,James,Clark,customer3519@example.com,291061870
3520,Mason,Johnson,customer3520@example.com,824823116
3521,Nina,Anderson,customer3521@example.com,574656314
3522,Liam,Young,customer3522@example.com,788281593
3523,Olivia,Lopez,customer3523@example.com,841254136
3524,Mia,Walker,customer3524@example.com,156280451
3525,Amelia,Smith,customer3525@example.com,152253317
3526,David,Anderson,customer3526@example.com,368113097
3527,Sarah,Thomas,customer3527@example.com,314733002
3528,Noah,Smith,customer3528@example.com,552778389
3529,Emma,Smith,customer3529@example.com,461976234
3530,Mason,Brown,customer3530@example.com,336832921
3531,Olivia,Taylor,customer3531@example.com,877401428
3532,Sophia,Johnson,customer3532@example.com,546333010
3533,Daniel,Davis,customer3533@example.com,975769961
3534,John,Miller,customer3534@example.com,703501011
3535,Mason,Adams,customer3535@example.com,322392664
3536,Nina,Lopez,customer3536@example.com,559432973
3537,Olivia,Thomas,customer3537@example.com,329544518
3538,Olivia,Clark,customer3538@example.com,447213567
3539,Sophia,Smith,customer3539@example.com,531793991
3540,John,Smith,customer3540@example.com,517885994
3541,Mason,Walker,customer3541@example.com,336326489
3542,Noah,Martin,customer3542@example.com,797873124
3543,Amelia,Clark,customer3543@example.com,147179086
3544,Noah,Anderson,customer3544@example.com,541411867
3545,Mia,Adams,customer3545@example.com,636415668
3546,Olivia,King,customer3546@example.com,949608711
3547,Oscar,Taylor,customer3547@example.com,370518677
3548,Olivia,Adams,customer3548@example.com,448272764
3549,David,Wilson,customer3549@example.com,456532271
3550,Sophia,Miller,customer3550@example.com,815509975
3551,Laura,Brown,customer3551@example.com,459816489
3552,Emma,Adams,customer3552@example.com,728178604
3553,James,Lopez,customer3553@example.com,648710142
3554,Isabella,Young,customer3554@example.com,730789551
3555,Emma,Thomas,customer3555@example.com,122777694
3556,Amelia,Davis,customer3556@example.com,431623688
3557,Isabella,Lee,customer3557@example.com,913086431
3558,Isabella,Adams,customer3558@example.com,185243980
3559,Liam,Wilson,customer3559@example.com,502141680
3560,Laura,Garcia,customer3560@example.com,316908504
3561,Ava,Lopez,customer3561@example.com,319457073
3562,Liam,Thomas,customer3562@example.com,878793986
3563,Amelia,Walker,customer3563@example.com,893769688
3564,John,Wilson,customer3564@example.com,398635996
3565,John,Johnson,customer3565@example.com,659282971
3566,Anna,Garcia,customer3566@example.com,905897904
3567,Emma,Thomas,customer3567@example.com,886916528
3568,John,Miller,customer3568@example.com,360112864
3569,Mason,King,customer3569@example.com,158061488
3570,Isabella,Thomas,customer3570@example.com,752902881
3571,David,Young,customer3571@example.com,445355094
3572,Sophia,Walker,customer3572@example.com,776223826
3573,Emma,Brown,customer3573@example.com,627896893
3574,Noah,Anderson,customer3574@example.com,155949312
3575,Ava,Anderson,customer3575@example.com,234820097
3576,Noah,Taylor,customer3576@example.com,736332312
3577,Nina,Anderson,customer3577@example.com,353736066
3578,Daniel,Brown,customer3578@example.com,557671519
3579,James,Garcia,customer3579@example.com,276264180
3580,Mason,Thomas,customer3580@example.com,555284547
3581,Sophia,Adams,customer3581@example.com,367328888
3582,Mia,Garcia,customer3582@example.com,718928228
3583,James,Anderson,customer3583@example.com,391908293
3584,Laura,Brown,customer3584@example.com,486098163
3585,David,Lopez,customer3585@example.com,280137414
3586,Laura,Walker,customer3586@example.com,553867727
3587,Daniel,Adams,customer3587@example.com,889123047
3588,Anna,Wilson,customer3588@example.com,980042882
3589,Laura,Smith,customer3589@example.com,918115357
3590,David,Lee,customer3590@example.com,189370596
3591,Mia,Adams,customer3591@example.com,676811619
3592,Ava,King,customer3592@example.com,880232602
3593,Sophia,Martin,customer3593@example.com,508505332
3594,James,Garcia,customer3594@example.com,587052625
3595,Mia,Lopez,customer3595@example.com,703595485
3596,Amelia,Hall,customer3596@example.com,177244613
3597,John,Wilson,customer3597@example.com,867578697
3598,Laura,Anderson,customer3598@example.com,266134114
3599,Mason,Smith,customer3599@example.com,113780688
3600,Daniel,Clark,customer3600@example.com,627694409
3601,David,Lee,customer3601@example.com,523751880
3602,Sarah,Lopez,customer3602@example.com,625651506
3603,Mia,Scott,customer3603@example.com,176487306
3604,Anna,Johnson,customer3604@example.com,233656706
3605,David,Scott,customer3605@example.com,274335280
3606,Mason,Lee,customer3606@example.com,374081636
3607,Sarah,Young,customer3607@example.com,861420895
3608,Laura,Clark,customer3608@example.com,847813304
3609,Liam,Lopez,customer3609@example.com,555309840
3610,Isabella,Thomas,customer3610@example.com,612953915
3611,Liam,Clark,customer3611@example.com,777480312
3612,Emma,Wilson,customer3612@example.com,380601699
3613,Amelia,Walker,customer3613@example.com,831289574
3614,Ava,Martin,customer3614@example.com,365659616
3615,Amelia,Scott,customer3615@example.com,811466339
3616,Sophia,Smith,customer3616@example.com,225338571
3617,Noah,Lopez,customer3617@example.com,526991604
3618,Oscar,Brown,customer3618@example.com,656774907
3619,Mason,Lee,customer3619@example.com,278051737
3620,Anna,Martin,customer3620@example.com,842854111
3621,Mia,Young,customer3621@example.com,672520551
3622,David,Scott,customer3622@example.com,430689788
3623,Anna,Brown,customer3623@example.com,217332137
3624,Oscar,Clark,customer3624@example.com,974270684
3625,Ava,Martin,customer3625@example.com,903942799
3626,Mason,Lopez,customer3626@example.com,850555192
3627,Mia,Smith,customer3627@example.com,280816719
3628,Laura,Smith,customer3628@example.com,204014085
3629,Noah,Lee,customer3629@example.com,663673646
3630,Anna,Garcia,customer3630@example.com,887098105
3631,Anna,Taylor,customer3631@example.com,289409450
3632,Sarah,Taylor,customer3632@example.com,855964923
3633,Ava,Anderson,customer3633@example.com,622344543
3634,Sophia,Young,customer3634@example.com,218367418
3635,James,Scott,customer3635@example.com,974423622
3636,Mason,Taylor,customer3636@example.com,315758599
3637,Liam,Taylor,customer3637@example.com,968848930
3638,Mason,Martin,customer3638@example.com,538937500
3639,James,Adams,customer3639@example.com,217247719
3640,Sophia,Brown,customer3640@example.com,414741200
3641,Noah,Lopez,customer3641@example.com,233875825
3642,Lucas,Brown,customer3642@example.com,467382830
3643,Emma,Scott,customer3643@example.com,352093240
3644,Laura,Hall,customer3644@example.com,822418424
3645,Olivia,Smith,customer3645@example.com,165558887
3646,Lucas,Smith,customer3646@example.com,814384353
3647,Oscar,Johnson,customer3647@example.com,203983146
3648,Mason,Young,customer3648@example.com,950174327
3649,Emma,Lopez,customer3649@example.com,747450075
3650,Daniel,Martin,customer3650@example.com,621759233
3651,Laura,Miller,customer3651@example.com,748939011
3652,Anna,Miller,customer3652@example.com,498127494
3653,John,Miller,customer3653@example.com,977082994
3654,Isabella,Clark,customer3654@example.com,814122368
3655,David,Lopez,customer3655@example.com,755851235
3656,Liam,Clark,customer3656@example.com,454608877
3657,Olivia,Smith,customer3657@example.com,590613316
3658,David,Wilson,customer3658@example.com,127574144
3659,Amelia,Davis,customer3659@example.com,669758914
3660,Lucas,Thomas,customer3660@example.com,495598590
3661,James,Adams,customer3661@example.com,836785419
3662,Laura,Young,customer3662@example.com,543591301
3663,Mason,Smith,customer3663@example.com,785125940
3664,John,Smith,customer3664@example.com,780513199
3665,Sarah,Johnson,customer3665@example.com,967108597
3666,John,Walker,customer3666@example.com,350781693
3667,Amelia,Hall,customer3667@example.com,529674103
3668,Amelia,Brown,customer3668@example.com,474020739
3669,Anna,Hall,customer3669@example.com,806886123
3670,Olivia,Lopez,customer3670@example.com,415532960
3671,Amelia,Anderson,customer3671@example.com,864441874
3672,Ava,Young,customer3672@example.com,714065028
3673,Daniel,Johnson,customer3673@example.com,237290086
3674,Laura,Brown,customer3674@example.com,423570275
3675,Nina,Walker,customer3675@example.com,280445368
3676,James,Davis,customer3676@example.com,617724535
3677,Nina,Thomas,customer3677@example.com,361301518
3678,Mason,Taylor,customer3678@example.com,908798730
3679,Noah,Davis,customer3679@example.com,566963239
3680,Emma,Taylor,customer3680@example.com,450577559
3681,David,Martin,customer3681@example.com,336626964
3682,Lucas,Hall,customer3682@example.com,820052632
3683,Olivia,Wilson,customer3683@example.com,673961503
3684,Laura,Brown,customer3684@example.com,954205066
3685,John,Thomas,customer3685@example.com,718445315
3686,Amelia,Brown,customer3686@example.com,791475283
3687,John,Lopez,customer3687@example.com,870348269
3688,David,King,customer3688@example.com,569184646
3689,Isabella,Thomas,customer3689@example.com,378200009
3690,Olivia,Garcia,customer3690@example.com,194146051
3691,Olivia,Brown,customer3691@example.com,465327609
3692,Oscar,Anderson,customer3692@example.com,899527218
3693,Olivia,Scott,customer3693@example.com,494854627
3694,Ava,Miller,customer3694@example.com,508231386
3695,Oscar,Smith,customer3695@example.com,433717796
3696,Liam,Scott,customer3696@example.com,675099391
3697,Mason,Lopez,customer3697@example.com,554942797
3698,John,Clark,customer3698@example.com,956328583
3699,Ava,Young,customer3699@example.com,812688382
3700,Amelia,Scott,customer3700@example.com,338522684
3701,Olivia,Lopez,customer3701@example.com,109866101
3702,Nina,Walker,customer3702@example.com,439223200
3703,Ava,Garcia,customer3703@example.com,998954542
3704,Isabella,Hall,customer3704@example.com,830123959
3705,James,Wilson,customer3705@example.com,745818574
3706,Mia,Wilson,customer3706@example.com,902149493
3707,Liam,Adams,customer3707@example.com,443747017
3708,Mia,Young,customer3708@example.com,839378623
3709,Olivia,Martin,customer3709@example.com,858622505
3710,Oscar,Hall,customer3710@example.com,777613840
3711,Mason,Hall,customer3711@example.com,412990487
3712,David,Johnson,customer3712@example.com,969956555
3713,John,Wilson,customer3713@example.com,988934422
3714,Mason,Thomas,customer3714@example.com,852056728
3715,Liam,Taylor,customer3715@example.com,623454129
3716,David,Garcia,customer3716@example.com,975112646
3717,Sophia,Smith,customer3717@example.com,688349223
3718,David,Miller,customer3718@example.com,553588778
3719,Laura,Clark,customer3719@example.com,913589412
3720,David,Lopez,customer3720@example.com,177119592
3721,Daniel,Garcia,customer3721@example.com,403186123
3722,Mason,King,customer3722@example.com,522809954
3723,Olivia,Wilson,customer3723@example.com,447268058
3724,Oscar,Johnson,customer3724@example.com,861913813
3725,Mia,Walker,customer3725@example.com,802907889
3726,Sophia,Scott,customer3726@example.com,247704952
3727,James,Hall,customer3727@example.com,412546455
3728,Ava,Anderson,customer3728@example.com,334222252
3729,Mason,Smith,customer3729@example.com,488936964
3730,Oscar,Davis,customer3730@example.com,828338194
3731,Ava,Lopez,customer3731@example.com,558607012
3732,Sophia,Johnson,customer3732@example.com,203130465
3733,Sarah,Hall,customer3733@example.com,292879335
3734,Liam,Davis,customer3734@example.com,653444307
3735,John,Scott,customer3735@example.com,565812219
3736,Ava,Lopez,customer3736@example.com,363067825
3737,Liam,Davis,customer3737@example.com,358616542
3738,David,Hall,customer3738@example.com,425010492
3739,Amelia,Taylor,customer3739@example.com,800935401
3740,David,Brown,customer3740@example.com,935082100
3741,James,Lopez,customer3741@example.com,395510969
3742,James,Clark,customer3742@example.com,112458001
3743,Olivia,Davis,customer3743@example.com,188730795
3744,Olivia,Hall,customer3744@example.com,788708018
3745,Daniel,Thomas,customer3745@example.com,124724799
3746,Oscar,Scott,customer3746@example.com,714857387
3747,Laura,Martin,customer3747@example.com,844882463
3748,Olivia,Scott,customer3748@example.com,294450987
3749,David,Hall,customer3749@example.com,792130377
3750,Anna,Garcia,customer3750@example.com,713560882
3751,Ava,Davis,customer3751@example.com,449211955
3752,Noah,King,customer3752@example.com,298523961
3753,David,Smith,customer3753@example.com,522835822
3754,Nina,King,customer3754@example.com,941249393
3755,Daniel,Hall,customer3755@example.com,168646103
3756,Daniel,Scott,customer3756@example.com,678727283
3757,Olivia,Anderson,customer3757@example.com,807147441
3758,Olivia,Taylor,customer3758@example.com,743281527
3759,Sophia,Smith,customer3759@example.com,695627964
3760,James,Miller,customer3760@example.com,232118892
3761,Liam,Wilson,customer3761@example.com,717488556
3762,Mason,Taylor,customer3762@example.com,194297000
3763,Nina,Martin,customer3763@example.com,908601398
3764,Liam,Brown,customer3764@example.com,233913984
3765,Daniel,Garcia,customer3765@example.com,490369190
3766,Nina,Taylor,customer3766@example.com,554247901
3767,Emma,Thomas,customer3767@example.com,422766775
3768,Liam,Young,customer3768@example.com,940527063
3769,Mia,King,customer3769@example.com,577729523
3770,Ava,Scott,customer3770@example.com,626608970
3771,John,Young,customer3771@example.com,478082887
3772,Amelia,King,customer3772@example.com,648242211
3773,Mason,Davis,customer3773@example.com,811479581
3774,Liam,Thomas,customer3774@example.com,139442778
3775,Mason,Wilson,customer3775@example.com,421810334
3776,Mason,Wilson,customer3776@example.com,746547614
3777,Nina,Anderson,customer3777@example.com,735422310
3778,Sarah,Martin,customer3778@example.com,237967359
3779,Amelia,Lee,customer3779@example.com,179843077
3780,Nina,Martin,customer3780@example.com,379897048
3781,David,Taylor,customer3781@example.com,529560480
3782,James,Brown,customer3782@example.com,372923040
3783,Anna,Wilson,customer3783@example.com,675422885
3784,Mason,Brown,customer3784@example.com,775993707
3785,Lucas,Anderson,customer3785@example.com,867129446
3786,Sarah,Scott,customer3786@example.com,805789882
3787,Daniel,Adams,customer3787@example.com,276139909
3788,Anna,Wilson,customer3788@example.com,439689322
3789,Anna,Lopez,customer3789@example.com,127820499
3790,Amelia,Thomas,customer3790@example.com,183241401
3791,Lucas,Davis,customer3791@example.com,670661751
3792,Olivia,King,customer3792@example.com,536778058
3793,Noah,Miller,customer3793@example.com,787385349
3794,Noah,Clark,customer3794@example.com,458111525
3795,Lucas,Wilson,customer3795@example.com,956950522
3796,Isabella,Martin,customer3796@example.com,110590679
3797,Olivia,Lopez,customer3797@example.com,338612895
3798,David,Davis,customer3798@example.com,940453822
3799,Olivia,Taylor,customer3799@example.com,665298949
3800,Mia,Scott,customer3800@example.com,981910598
3801,Laura,Davis,customer3801@example.com,667966601
3802,Sarah,Scott,customer3802@example.com,402791679
3803,Nina,Martin,customer3803@example.com,752262668
3804,Olivia,Johnson,customer3804@example.com,283338643
3805,John,Lopez,customer3805@example.com,293995605
3806,Sarah,King,customer3806@example.com,692352971
3807,Amelia,Lopez,customer3807@example.com,612026532
3808,Oscar,Wilson,customer3808@example.com,378164668
3809,Emma,Young,customer3809@example.com,865817007
3810,Ava,Wilson,customer3810@example.com,253190896
3811,David,Scott,customer3811@example.com,889653765
3812,Lucas,Johnson,customer3812@example.com,878913009
3813,Sarah,Thomas,customer3813@example.com,828228055
3814,Amelia,Lee,customer3814@example.com,858906506
3815,James,Taylor,customer3815@example.com,571329715
3816,Sarah,Walker,customer3816@example.com,639264550
3817,Mia,Martin,customer3817@example.com,559309261
3818,Daniel,Thomas,customer3818@example.com,427692509
3819,Noah,Garcia,customer3819@example.com,536491927
3820,John,Brown,customer3820@example.com,781478902
3821,Noah,Brown,customer3821@example.com,883781096
3822,Isabella,Brown,customer3822@example.com,277288866
3823,Oscar,Johnson,customer3823@example.com,190822582
3824,Mia,King,customer3824@example.com,629194227
3825,Emma,Lee,customer3825@example.com,826958713
3826,Daniel,Wilson,customer3826@example.com,615026653
3827,Laura,Young,customer3827@example.com,835643996
3828,Nina,Davis,customer3828@example.com,535371662
3829,Emma,Adams,customer3829@example.com,304208516
3830,Emma,Lee,customer3830@example.com,854402110
3831,Nina,Clark,customer3831@example.com,362235929
3832,Daniel,Adams,customer3832@example.com,145479391
3833,Amelia,Walker,customer3833@example.com,280960216
3834,Daniel,Thomas,customer3834@example.com,287705313
3835,Noah,Clark,customer3835@example.com,243149972
3836,Daniel,Clark,customer3836@example.com,154660511
3837,Anna,Hall,customer3837@example.com,507049911
3838,Sophia,Clark,customer3838@example.com,221583552
3839,John,Thomas,customer3839@example.com,993059429
3840,Nina,Davis,customer3840@example.com,411454646
3841,Mia,Hall,customer3841@example.com,415191584
3842,Lucas,Anderson,customer3842@example.com,102399064
3843,Oscar,Lopez,customer3843@example.com,333499326
3844,Mia,Young,customer3844@example.com,986618025
3845,Liam,Walker,customer3845@example.com,763302601
3846,Laura,Johnson,customer3846@example.com,481977286
3847,Emma,Adams,customer3847@example.com,594301215
3848,John,Garcia,customer3848@example.com,479989445
3849,Olivia,Smith,customer3849@example.com,475510815
3850,Sophia,Lopez,customer3850@example.com,480676189
3851,Emma,Davis,customer3851@example.com,562572075
3852,Laura,Anderson,customer3852@example.com,190992937
3853,Daniel,Young,customer3853@example.com,265045572
3854,Anna,Davis,customer3854@example.com,623354821
3855,Emma,Wilson,customer3855@example.com,926188073
3856,Lucas,Thomas,customer3856@example.com,605408862
3857,David,Clark,customer3857@example.com,421354770
3858,Sarah,Lee,customer3858@example.com,295616478
3859,Nina,Martin,customer3859@example.com,216710352
3860,James,Walker,customer3860@example.com,273768263
3861,Ava,Clark,customer3861@example.com,902182950
3862,Anna,Smith,customer3862@example.com,485727515
3863,Mason,Davis,customer3863@example.com,303546093
3864,Mia,Johnson,customer3864@example.com,243538161
3865,David,Lee,customer3865@example.com,898782296
3866,John,Johnson,customer3866@example.com,272134233
3867,Mason,Hall,customer3867@example.com,814299118
3868,Lucas,Davis,customer3868@example.com,552147658
3869,Laura,King,customer3869@example.com,632111648
3870,Ava,Miller,customer3870@example.com,906476640
3871,David,Young,customer3871@example.com,879530718
3872,David,Wilson,customer3872@example.com,217824679
3873,Olivia,Smith,customer3873@example.com,235424162
3874,Ava,Clark,customer3874@example.com,636871915
3875,Emma,Thomas,customer3875@example.com,155877346
3876,John,Lee,customer3876@example.com,741117091
3877,Emma,Lee,customer3877@example.com,615603325
3878,Mia,Garcia,customer3878@example.com,621762558
3879,Noah,Lee,customer3879@example.com,366016633
3880,Amelia,Wilson,customer3880@example.com,883024695
3881,Daniel,Taylor,customer3881@example.com,367862922
3882,Lucas,Davis,customer3882@example.com,382963966
3883,Isabella,Lee,customer3883@example.com,313043758
3884,Laura,Davis,customer3884@example.com,852848656
3885,Daniel,Adams,customer3885@example.com,294549403
3886,Mason,Scott,customer3886@example.com,775284722
3887,Ava,Thomas,customer3887@example.com,229344220
3888,Ava,Lopez,customer3888@example.com,141195640
3889,Lucas,Anderson,customer3889@example.com,256990862
3890,Anna,Smith,customer3890@example.com,761926785
3891,Mason,Brown,customer3891@example.com,154712904
3892,David,Lee,customer3892@example.com,663683515
3893,Mia,Thomas,customer3893@example.com,338129347
3894,John,Lee,customer3894@example.com,614531970
3895,Liam,Young,customer3895@example.com,558565952
3896,Liam,Garcia,customer3896@example.com,218170604
3897,Lucas,Clark,customer3897@example.com,401244644
3898,Sarah,Lee,customer3898@example.com,365180555
3899,John,Johnson,customer3899@example.com,295154324
3900,Liam,Smith,customer3900@example.com,155974840
3901,John,Anderson,customer3901@example.com,406356763
3902,Laura,Martin,customer3902@example.com,751247855
3903,Olivia,Lee,customer3903@example.com,298470441
3904,Lucas,Hall,customer3904@example.com,490392385
3905,John,Garcia,customer3905@example.com,219752941
3906,Olivia,Smith,customer3906@example.com,833324339
3907,Nina,Wilson,customer3907@example.com,455635895
3908,Sarah,Clark,customer3908@example.com,897717178
3909,Oscar,Young,customer3909@example.com,749306508
3910,Sarah,Thomas,customer3910@example.com,798198840
3911,Lucas,Anderson,customer3911@example.com,727416570
3912,David,Brown,customer3912@example.com,214209107
3913,Ava,Adams,customer3913@example.com,229229499
3914,Liam,Scott,customer3914@example.com,802608498
3915,Mason,Anderson,customer3915@example.com,856622973
3916,James,Davis,customer3916@example.com,180401357
3917,Nina,Adams,customer3917@example.com,468183891
3918,Mia,Hall,customer3918@example.com,917104656
3919,Mason,King,customer3919@example.com,873920320
3920,Ava,Johnson,customer3920@example.com,237258508
3921,Mason,Lee,customer3921@example.com,691090234
3922,Lucas,King,customer3922@example.com,472952982
3923,Sarah,Walker,customer3923@example.com,776312005
3924,Olivia,Lee,customer3924@example.com,172701447
3925,Laura,Lee,customer3925@example.com,662385981
3926,Daniel,Smith,customer3926@example.com,279245228
3927,Amelia,Martin,customer3927@example.com,848082615
3928,Ava,Garcia,customer3928@example.com,148796435
3929,Oscar,Johnson,customer3929@example.com,952970175
3930,Mason,Lopez,customer3930@example.com,631530009
3931,Nina,Young,customer3931@example.com,180515099
3932,Sophia,Walker,customer3932@example.com,906087827
3933,Daniel,Lopez,customer3933@example.com,703978257
3934,David,Lopez,customer3934@example.com,751995775
3935,Lucas,Anderson,customer3935@example.com,297639735
3936,Emma,Taylor,customer3936@example.com,714070777
3937,Mason,Scott,customer3937@example.com,848099284
3938,Emma,Young,customer3938@example.com,589026038
3939,Daniel,Young,customer3939@example.com,377921559
3940,Mia,Thomas,customer3940@example.com,418218082
3941,Lucas,King,customer3941@example.com,227886302
3942,Sophia,Thomas,customer3942@example.com,148976013
3943,Nina,Thomas,customer3943@example.com,413364355
3944,Liam,Wilson,customer3944@example.com,398238769
3945,Ava,Martin,customer3945@example.com,948923178
3946,Liam,Thomas,customer3946@example.com,984130042
3947,Mason,King,customer3947@example.com,224752527
3948,Emma,Clark,customer3948@example.com,779338069
3949,Amelia,Clark,customer3949@example.com,448495661
3950,Noah,King,customer3950@example.com,383508835
3951,Ava,Lee,customer3951@example.com,756573836
3952,Mia,Miller,customer3952@example.com,161486139
3953,Emma,Clark,customer3953@example.com,335449670
3954,Lucas,Taylor,customer3954@example.com,374864174
3955,Emma,King,customer3955@example.com,805789384
3956,Oscar,Davis,customer3956@example.com,875888196
3957,David,Martin,customer3957@example.com,772408958
3958,Amelia,King,customer3958@example.com,321361544
3959,James,Thomas,customer3959@example.com,448174776
3960,Lucas,Anderson,customer3960@example.com,724556746
3961,David,Wilson,customer3961@example.com,578948886
3962,Isabella,Lee,customer3962@example.com,495824195
3963,Ava,Hall,customer3963@example.com,200600013
3964,Laura,Taylor,customer3964@example.com,593266377
3965,Sophia,Taylor,customer3965@example.com,302786799
3966,Oscar,Hall,customer3966@example.com,883273181
3967,Sophia,Garcia,customer3967@example.com,122599372
3968,Mia,Taylor,customer3968@example.com,290840712
3969,David,Adams,customer3969@example.com,301700275
3970,Noah,Wilson,customer3970@example.com,177361692
3971,Anna,Thomas,customer3971@example.com,588578468
3972,David,Davis,customer3972@example.com,877718632
3973,Daniel,Wilson,customer3973@example.com,880357575
3974,Emma,Adams,customer3974@example.com,207084212
3975,David,Lopez,customer3975@example.com,122243544
3976,Olivia,Smith,customer3976@example.com,919743632
3977,Liam,Wilson,customer3977@example.com,366656201
3978,Noah,Martin,customer3978@example.com,253153814
3979,Amelia,Smith,customer3979@example.com,950833480
3980,Emma,Davis,customer3980@example.com,682365530
3981,John,Brown,customer3981@example.com,317241211
3982,Ava,Hall,customer3982@example.com,915691332
3983,Oscar,Walker,customer3983@example.com,975598792
3984,Sophia,Garcia,customer3984@example.com,456220636
3985,Laura,Wilson,customer3985@example.com,361787772
3986,Liam,King,customer3986@example.com,843073581
3987,Lucas,King,customer3987@example.com,232151333
3988,Emma,Johnson,customer3988@example.com,210397096
3989,Nina,Garcia,customer3989@example.com,210129503
3990,Daniel,Lee,customer3990@example.com,252294200
3991,Emma,Thomas,customer3991@example.com,125770743
3992,Isabella,Lee,customer3992@example.com,513801909
3993,Ava,Clark,customer3993@example.com,803692376
3994,Mia,Thomas,customer3994@example.com,834887664
3995,David,Davis,customer3995@example.com,628088326
3996,Sophia,Davis,customer3996@example.com,341079154
3997,Olivia,Garcia,customer3997@example.com,483656443
3998,Noah,Adams,customer3998@example.com,458334265
3999,Olivia,Clark,customer3999@example.com,191057929
4000,Liam,Adams,customer4000@example.com,262245578
4001,Sophia,Lee,customer4001@example.com,669599249
4002,John,Adams,customer4002@example.com,294739706
4003,Anna,Wilson,customer4003@example.com,816479341
4004,Mia,Adams,customer4004@example.com,977851100
4005,Mia,Clark,customer4005@example.com,211586005
4006,Lucas,Hall,customer4006@example.com,810529016
4007,Sarah,Martin,customer4007@example.com,970503340
4008,Noah,Smith,customer4008@example.com,259604146
4009,Ava,Miller,customer4009@example.com,258677766
4010,David,Walker,customer4010@example.com,874536641
4011,Laura,Brown,customer4011@example.com,221508953
4012,Oscar,Lee,customer4012@example.com,880296481
4013,Lucas,Wilson,customer4013@example.com,197116745
4014,John,Wilson,customer4014@example.com,295283935
4015,David,Clark,customer4015@example.com,442862704
4016,Laura,Lee,customer4016@example.com,616779646
4017,Anna,Adams,customer4017@example.com,952015843
4018,John,Wilson,customer4018@example.com,961292259
4019,Isabella,Lopez,customer4019@example.com,549532354
4020,Nina,Hall,customer4020@example.com,678475440
4021,Nina,Hall,customer4021@example.com,671740071
4022,Nina,Thomas,customer4022@example.com,512990369
4023,Noah,Scott,customer4023@example.com,867640638
4024,Anna,Young,customer4024@example.com,720490097
4025,Isabella,Brown,customer4025@example.com,352536632
4026,Sarah,Smith,customer4026@example.com,318269877
4027,Emma,Clark,customer4027@example.com,699550021
4028,Laura,Wilson,customer4028@example.com,218279447
4029,Liam,Clark,customer4029@example.com,487468897
4030,Ava,Garcia,customer4030@example.com,594338271
4031,Ava,King,customer4031@example.com,552127953
4032,Isabella,Anderson,customer4032@example.com,988866898
4033,Isabella,Johnson,customer4033@example.com,902080160
4034,Ava,Davis,customer4034@example.com,847088874
4035,Ava,Lopez,customer4035@example.com,887140291
4036,Emma,Lee,customer4036@example.com,499092905
4037,Liam,Davis,customer4037@example.com,811619517
4038,Oscar,Brown,customer4038@example.com,611988629
4039,Amelia,Taylor,customer4039@example.com,132411682
4040,Ava,Clark,customer4040@example.com,251695555
4041,Noah,Thomas,customer4041@example.com,182748233
4042,Emma,Scott,customer4042@example.com,992352458
4043,Anna,Wilson,customer4043@example.com,921861006
4044,Sophia,Hall,customer4044@example.com,898389261
4045,Ava,Young,customer4045@example.com,850077300
4046,Mia,Hall,customer4046@example.com,541868896
4047,John,Walker,customer4047@example.com,939018541
4048,Emma,Garcia,customer4048@example.com,219471674
4049,Ava,Johnson,customer4049@example.com,789830038
4050,Liam,Adams,customer4050@example.com,906522842
4051,Sophia,Young,customer4051@example.com,272173204
4052,Emma,Lopez,customer4052@example.com,994083442
4053,Anna,Walker,customer4053@example.com,695020389
4054,Lucas,Scott,customer4054@example.com,638881430
4055,Mia,Thomas,customer4055@example.com,554912473
4056,Sophia,Martin,customer4056@example.com,198716092
4057,Daniel,Lopez,customer4057@example.com,234360915
4058,Mason,Lopez,customer4058@example.com,764693183
4059,Liam,Thomas,customer4059@example.com,521219212
4060,Sophia,King,customer4060@example.com,749703359
4061,Noah,Walker,customer4061@example.com,612621813
4062,John,Lopez,customer4062@example.com,988256872
4063,David,Taylor,customer4063@example.com,158703244
4064,Sarah,Lee,customer4064@example.com,309090380
4065,Lucas,Davis,customer4065@example.com,212098712
4066,Noah,Clark,customer4066@example.com,747670508
4067,John,Smith,customer4067@example.com,357193290
4068,Mia,Taylor,customer4068@example.com,681504122
4069,Olivia,Brown,customer4069@example.com,327536570
4070,Amelia,Smith,customer4070@example.com,912308710
4071,Mia,Anderson,customer4071@example.com,692374111
4072,Mason,Johnson,customer4072@example.com,358057908
4073,Lucas,Brown,customer4073@example.com,712164669
4074,Oscar,Johnson,customer4074@example.com,705310487
4075,Laura,Johnson,customer4075@example.com,151592119
4076,John,Brown,customer4076@example.com,431361946
4077,Emma,Clark,customer4077@example.com,907109642
4078,Mia,Lopez,customer4078@example.com,637102932
4079,Mason,Miller,customer4079@example.com,907284495
4080,David,Clark,customer4080@example.com,239067697
4081,Olivia,Miller,customer4081@example.com,537320614
4082,Daniel,Davis,customer4082@example.com,639208572
4083,Ava,Smith,customer4083@example.com,730474896
4084,David,Hall,customer4084@example.com,729597320
4085,Liam,Garcia,customer4085@example.com,273111886
4086,Ava,Walker,customer4086@example.com,184560232
4087,Noah,Thomas,customer4087@example.com,331549411
4088,Ava,Taylor,customer4088@example.com,638610283
4089,Daniel,Adams,customer4089@example.com,799429965
4090,Daniel,Miller,customer4090@example.com,580478208
4091,Ava,Miller,customer4091@example.com,412288779
4092,Sarah,Adams,customer4092@example.com,562676904
4093,Liam,Lopez,customer4093@example.com,356743087
4094,Mason,Adams,customer4094@example.com,751629270
4095,Noah,Wilson,customer4095@example.com,708705165
4096,Laura,Davis,customer4096@example.com,964068440
4097,Emma,Wilson,customer4097@example.com,922826944
4098,Mia,King,customer4098@example.com,956183507
4099,Noah,Hall,customer4099@example.com,201054129
4100,James,Miller,customer4100@example.com,282232921
4101,Mia,Taylor,customer4101@example.com,173188220
4102,Lucas,Scott,customer4102@example.com,490120758
4103,Sarah,Brown,customer4103@example.com,176379467
4104,Sophia,Walker,customer4104@example.com,376965362
4105,Laura,Martin,customer4105@example.com,919422169
4106,James,Wilson,customer4106@example.com,233107713
4107,Oscar,Hall,customer4107@example.com,142512277
4108,Sarah,Garcia,customer4108@example.com,530505206
4109,Anna,Adams,customer4109@example.com,830772348
4110,Ava,Walker,customer4110@example.com,493775775
4111,Daniel,Adams,customer4111@example.com,436774194
4112,Sarah,Brown,customer4112@example.com,832507637
4113,Anna,Young,customer4113@example.com,583282903
4114,Lucas,Johnson,customer4114@example.com,766378908
4115,Liam,Thomas,customer4115@example.com,851345788
4116,Nina,Smith,customer4116@example.com,265959933
4117,Olivia,Garcia,customer4117@example.com,503535467
4118,Sophia,Scott,customer4118@example.com,528724081
4119,Noah,Thomas,customer4119@example.com,516851266
4120,James,Brown,customer4120@example.com,474669284
4121,James,Walker,customer4121@example.com,789862456
4122,Nina,Walker,customer4122@example.com,217165692
4123,Noah,Taylor,customer4123@example.com,885740776
4124,Olivia,Lopez,customer4124@example.com,924866347
4125,Anna,Anderson,customer4125@example.com,531129323
4126,John,Brown,customer4126@example.com,440682024
4127,John,Adams,customer4127@example.com,622155300
4128,Mason,Hall,customer4128@example.com,222757072
4129,Lucas,Walker,customer4129@example.com,141105345
4130,Nina,Wilson,customer4130@example.com,604623813
4131,Ava,Anderson,customer4131@example.com,443797765
4132,Oscar,Johnson,customer4132@example.com,745401958
4133,David,Johnson,customer4133@example.com,968156321
4134,Sarah,Lee,customer4134@example.com,608319729
4135,Mason,Johnson,customer4135@example.com,327088752
4136,Emma,Lee,customer4136@example.com,389747205
4137,Lucas,Taylor,customer4137@example.com,189755462
4138,Ava,Brown,customer4138@example.com,394103594
4139,David,Brown,customer4139@example.com,420336702
4140,James,Lee,customer4140@example.com,663476031
4141,Mason,Martin,customer4141@example.com,297652556
4142,Liam,Brown,customer4142@example.com,560135199
4143,John,Garcia,customer4143@example.com,276666270
4144,Mason,Clark,customer4144@example.com,550006352
4145,Laura,Hall,customer4145@example.com,674995501
4146,Sophia,Lee,customer4146@example.com,480848036
4147,Oscar,Lopez,customer4147@example.com,983706382
4148,Emma,King,customer4148@example.com,940817554
4149,Amelia,Anderson,customer4149@example.com,183546470
4150,Oscar,Adams,customer4150@example.com,255281581
4151,John,Miller,customer4151@example.com,115232939
4152,Ava,Walker,customer4152@example.com,258362512
4153,Laura,Miller,customer4153@example.com,221984455
4154,Anna,Martin,customer4154@example.com,659088455
4155,Emma,Walker,customer4155@example.com,993901688
4156,Ava,Walker,customer4156@example.com,786031253
4157,Oscar,Davis,customer4157@example.com,139176517
4158,Mason,Anderson,customer4158@example.com,551160662
4159,Nina,Taylor,customer4159@example.com,745258023
4160,David,Anderson,customer4160@example.com,473754019
4161,Mason,Anderson,customer4161@example.com,829745265
4162,Oscar,Smith,customer4162@example.com,497559799
4163,Sarah,Smith,customer4163@example.com,424210400
4164,Mia,Young,customer4164@example.com,979449864
4165,Olivia,Hall,customer4165@example.com,796763607
4166,James,Lee,customer4166@example.com,540649487
4167,Sarah,Clark,customer4167@example.com,989257792
4168,Nina,Lee,customer4168@example.com,661749319
4169,John,Davis,customer4169@example.com,288778639
4170,James,Lee,customer4170@example.com,500636145
4171,Sophia,King,customer4171@example.com,738760216
4172,Sophia,King,customer4172@example.com,568018466
4173,David,Garcia,customer4173@example.com,808246120
4174,Anna,Garcia,customer4174@example.com,853866212
4175,Amelia,Davis,customer4175@example.com,194081451
4176,Olivia,Brown,customer4176@example.com,797529095
4177,Emma,Adams,customer4177@example.com,541608179
4178,Olivia,Hall,customer4178@example.com,905245890
4179,Amelia,King,customer4179@example.com,207054287
4180,James,Young,customer4180@example.com,724094803
4181,Liam,Garcia,customer4181@example.com,551659683
4182,Mason,Thomas,customer4182@example.com,934168821
4183,James,King,customer4183@example.com,509181353
4184,Olivia,Anderson,customer4184@example.com,604201501
4185,Olivia,Clark,customer4185@example.com,952283874
4186,James,Lee,customer4186@example.com,980917094
4187,David,Smith,customer4187@example.com,502270717
4188,Isabella,Young,customer4188@example.com,404517929
4189,Lucas,Martin,customer4189@example.com,430064674
4190,Anna,Thomas,customer4190@example.com,104464143
4191,Anna,Johnson,customer4191@example.com,116675283
4192,Emma,Wilson,customer4192@example.com,948803790
4193,Sarah,Young,customer4193@example.com,980505222
4194,Amelia,Miller,customer4194@example.com,459800080
4195,Sophia,Scott,customer4195@example.com,561730121
4196,Isabella,King,customer4196@example.com,520222172
4197,Mason,Adams,customer4197@example.com,791956127
4198,David,Johnson,customer4198@example.com,960423299
4199,Oscar,Lee,customer4199@example.com,238373601
4200,David,Taylor,customer4200@example.com,532845746
4201,John,Young,customer4201@example.com,270127578
4202,Anna,Thomas,customer4202@example.com,206920983
4203,Ava,Young,customer4203@example.com,227101749
4204,Oscar,Lopez,customer4204@example.com,918375813
4205,Lucas,King,customer4205@example.com,270782032
4206,John,Anderson,customer4206@example.com,200131180
4207,Noah,Smith,customer4207@example.com,569677269
4208,Emma,Scott,customer4208@example.com,264334700
4209,Emma,Adams,customer4209@example.com,859753852
4210,Nina,Brown,customer4210@example.com,713958957
4211,David,Smith,customer4211@example.com,897081101
4212,Ava,Walker,customer4212@example.com,781249622
4213,Sarah,Taylor,customer4213@example.com,357399415
4214,Isabella,Garcia,customer4214@example.com,308122210
4215,Nina,Thomas,customer4215@example.com,879872234
4216,David,Martin,customer4216@example.com,807872562
4217,Liam,Martin,customer4217@example.com,189081236
4218,Ava,Smith,customer4218@example.com,785462357
4219,Oscar,Davis,customer4219@example.com,219111815
4220,James,Adams,customer4220@example.com,231731291
4221,Olivia,Wilson,customer4221@example.com,403292383
4222,Lucas,Taylor,customer4222@example.com,199618698
4223,Noah,Hall,customer4223@example.com,488047414
4224,Mason,Lopez,customer4224@example.com,208095435
4225,Laura,Smith,customer4225@example.com,544255455
4226,Noah,Hall,customer4226@example.com,771821748
4227,Noah,Anderson,customer4227@example.com,838021853
4228,Anna,Lopez,customer4228@example.com,436709263
4229,James,Taylor,customer4229@example.com,293065688
4230,Mia,Smith,customer4230@example.com,291853043
4231,Oscar,Adams,customer4231@example.com,133769692
4232,Olivia,Miller,customer4232@example.com,472356185
4233,Laura,Adams,customer4233@example.com,744237435
4234,Nina,Smith,customer4234@example.com,270068104
4235,Daniel,Martin,customer4235@example.com,230560149
4236,Mason,Adams,customer4236@example.com,131734701
4237,Nina,Smith,customer4237@example.com,656192815
4238,Daniel,Wilson,customer4238@example.com,332257365
4239,Sarah,Davis,customer4239@example.com,332956649
4240,Emma,Miller,customer4240@example.com,248783057
4241,Isabella,Brown,customer4241@example.com,881409059
4242,Ava,Martin,customer4242@example.com,393847145
4243,Laura,Anderson,customer4243@example.com,198751865
4244,Sarah,King,customer4244@example.com,799998639
4245,Mia,Walker,customer4245@example.com,900146448
4246,Laura,Lee,customer4246@example.com,650460773
4247,David,Anderson,customer4247@example.com,368535479
4248,Sophia,Anderson,customer4248@example.com,837722327
4249,Lucas,Lopez,customer4249@example.com,210482235
4250,Oscar,Scott,customer4250@example.com,434561986
4251,Sophia,Anderson,customer4251@example.com,875306396
4252,Laura,Lee,customer4252@example.com,579058222
4253,Anna,Adams,customer4253@example.com,902170256
4254,Lucas,Miller,customer4254@example.com,768845554
4255,Olivia,Adams,customer4255@example.com,511292349
4256,Anna,Anderson,customer4256@example.com,708964125
4257,Sarah,Clark,customer4257@example.com,779354803
4258,Noah,Walker,customer4258@example.com,279582303
4259,Liam,Young,customer4259@example.com,371725032
4260,Oscar,Lee,customer4260@example.com,415114820
4261,Amelia,Young,customer4261@example.com,478229142
4262,David,Smith,customer4262@example.com,223104450
4263,Sophia,Miller,customer4263@example.com,561050563
4264,Sophia,Clark,customer4264@example.com,363408355
4265,Noah,Anderson,customer4265@example.com,805399640
4266,Sarah,Clark,customer4266@example.com,255735166
4267,John,Davis,customer4267@example.com,110343356
4268,John,Smith,customer4268@example.com,869660954
4269,John,Anderson,customer4269@example.com,599694347
4270,Oscar,Miller,customer4270@example.com,349804684
4271,Nina,Brown,customer4271@example.com,514025061
4272,Mia,Adams,customer4272@example.com,327821348
4273,Daniel,Anderson,customer4273@example.com,210509713
4274,Nina,Martin,customer4274@example.com,869084355
4275,Amelia,Brown,customer4275@example.com,716272392
4276,Anna,Lee,customer4276@example.com,441217210
4277,John,Anderson,customer4277@example.com,311659485
4278,Liam,Hall,customer4278@example.com,635422402
4279,Liam,Martin,customer4279@example.com,552300048
4280,Olivia,Davis,customer4280@example.com,586174310
4281,Sophia,Adams,customer4281@example.com,450979097
4282,Oscar,Lopez,customer4282@example.com,353856096
4283,Oscar,Smith,customer4283@example.com,406056061
4284,Emma,Scott,customer4284@example.com,104989688
4285,James,Garcia,customer4285@example.com,240722504
4286,David,Johnson,customer4286@example.com,672805833
4287,Daniel,Johnson,customer4287@example.com,462269610
4288,Emma,Brown,customer4288@example.com,604544144
4289,Olivia,Lee,customer4289@example.com,876587717
4290,Mia,Martin,customer4290@example.com,440579806
4291,Sarah,Lopez,customer4291@example.com,185649391
4292,Nina,Miller,customer4292@example.com,630233687
4293,Amelia,Johnson,customer4293@example.com,522332178
4294,Mia,Walker,customer4294@example.com,629716164
4295,Olivia,Clark,customer4295@example.com,763547759
4296,Olivia,Smith,customer4296@example.com,340533586
4297,Liam,Smith,customer4297@example.com,248964957
4298,Olivia,Miller,customer4298@example.com,838303704
4299,Anna,Thomas,customer4299@example.com,282741683
4300,Noah,Anderson,customer4300@example.com,877504949
4301,Sarah,King,customer4301@example.com,105305741
4302,Liam,Martin,customer4302@example.com,942827240
4303,Liam,Davis,customer4303@example.com,151543246
4304,Mia,Brown,customer4304@example.com,383174852
4305,John,Adams,customer4305@example.com,950003908
4306,David,Martin,customer4306@example.com,850185649
4307,Sophia,Wilson,customer4307@example.com,726478110
4308,James,Davis,customer4308@example.com,235601470
4309,John,Wilson,customer4309@example.com,908564991
4310,Oscar,Lee,customer4310@example.com,783870083
4311,James,Davis,customer4311@example.com,660239511
4312,Daniel,Thomas,customer4312@example.com,720498993
4313,Laura,Hall,customer4313@example.com,401229255
4314,John,Hall,customer4314@example.com,342483672
4315,Noah,Martin,customer4315@example.com,922703112
4316,Mia,Brown,customer4316@example.com,479041274
4317,Nina,Thomas,customer4317@example.com,808112095
4318,Mason,Brown,customer4318@example.com,180685683
4319,Laura,Johnson,customer4319@example.com,328143806
4320,Emma,Anderson,customer4320@example.com,602672650
4321,David,Anderson,customer4321@example.com,623605451
4322,Olivia,Miller,customer4322@example.com,324048532
4323,Oscar,Young,customer4323@example.com,651825253
4324,John,Garcia,customer4324@example.com,860759357
4325,James,Wilson,customer4325@example.com,641715005
4326,Olivia,Wilson,customer4326@example.com,334918423
4327,Sarah,Lopez,customer4327@example.com,585795047
4328,Amelia,Young,customer4328@example.com,317991841
4329,David,Anderson,customer4329@example.com,173700896
4330,Lucas,Lee,customer4330@example.com,276304457
4331,Mia,Scott,customer4331@example.com,796195906
4332,Olivia,Wilson,customer4332@example.com,594945715
4333,Olivia,Davis,customer4333@example.com,358301976
4334,Emma,Walker,customer4334@example.com,300821686
4335,Lucas,Smith,customer4335@example.com,611359256
4336,Daniel,Walker,customer4336@example.com,477910762
4337,Lucas,Davis,customer4337@example.com,690884707
4338,Noah,Clark,customer4338@example.com,563291294
4339,Mason,Wilson,customer4339@example.com,526198198
4340,Daniel,Lee,customer4340@example.com,645382272
4341,John,Johnson,customer4341@example.com,573885859
4342,Lucas,Clark,customer4342@example.com,205025589
4343,Liam,Lopez,customer4343@example.com,885980740
4344,Anna,Anderson,customer4344@example.com,415686428
4345,Mason,Lopez,customer4345@example.com,289671239
4346,Amelia,Martin,customer4346@example.com,668613679
4347,Amelia,Hall,customer4347@example.com,656862328
4348,Anna,Davis,customer4348@example.com,831390546
4349,Liam,Thomas,customer4349@example.com,219274240
4350,Isabella,Davis,customer4350@example.com,157056243
4351,Liam,Scott,customer4351@example.com,385806715
4352,Isabella,Brown,customer4352@example.com,671372089
4353,Olivia,Martin,customer4353@example.com,343164953
4354,Amelia,Lopez,customer4354@example.com,520808111
4355,David,Davis,customer4355@example.com,336103257
4356,Lucas,Hall,customer4356@example.com,320874465
4357,Sophia,Anderson,customer4357@example.com,473268212
4358,Mia,Adams,customer4358@example.com,409214702
4359,Emma,Davis,customer4359@example.com,298726872
4360,Daniel,Adams,customer4360@example.com,611915355
4361,Mia,Thomas,customer4361@example.com,282785838
4362,John,Brown,customer4362@example.com,278934197
4363,Sophia,Miller,customer4363@example.com,588784803
4364,Ava,Smith,customer4364@example.com,815145748
4365,Laura,Lee,customer4365@example.com,458687918
4366,Emma,Taylor,customer4366@example.com,383287655
4367,Noah,Taylor,customer4367@example.com,829288603
4368,Emma,Adams,customer4368@example.com,478111358
4369,Laura,Scott,customer4369@example.com,101080693
4370,Laura,Thomas,customer4370@example.com,607416289
4371,Olivia,Johnson,customer4371@example.com,979315574
4372,Emma,Scott,customer4372@example.com,830194109
4373,Mia,Thomas,customer4373@example.com,664003494
4374,Daniel,Taylor,customer4374@example.com,910667004
4375,Ava,Davis,customer4375@example.com,207366094
4376,Mia,Miller,customer4376@example.com,585993109
4377,Laura,Clark,customer4377@example.com,685957100
4378,Lucas,Hall,customer4378@example.com,372233117
4379,Sarah,Walker,customer4379@example.com,114561069
4380,Sarah,Garcia,customer4380@example.com,862525433
4381,John,Young,customer4381@example.com,931641272
4382,Amelia,Hall,customer4382@example.com,221076274
4383,Lucas,Young,customer4383@example.com,881915487
4384,Emma,Wilson,customer4384@example.com,540576610
4385,Isabella,Wilson,customer4385@example.com,483534575
4386,Laura,Smith,customer4386@example.com,362387930
4387,Oscar,Lee,customer4387@example.com,485924214
4388,Mason,Brown,customer4388@example.com,308136381
4389,David,Davis,customer4389@example.com,394123530
4390,Nina,Walker,customer4390@example.com,665761958
4391,Sophia,Martin,customer4391@example.com,829141955
4392,Sarah,Miller,customer4392@example.com,519861213
4393,Oscar,Lee,customer4393@example.com,396618097
4394,Mia,Anderson,customer4394@example.com,144130760
4395,Oscar,Young,customer4395@example.com,853590274
4396,John,Adams,customer4396@example.com,232028651
4397,Anna,Walker,customer4397@example.com,708449151
4398,Sarah,Garcia,customer4398@example.com,218316226
4399,Emma,Hall,customer4399@example.com,836078695
4400,Ava,Walker,customer4400@example.com,831135579
4401,Ava,Young,customer4401@example.com,411150812
4402,Amelia,King,customer4402@example.com,813308517
4403,Sophia,Garcia,customer4403@example.com,622724151
4404,Mia,Brown,customer4404@example.com,958762678
4405,Mia,Smith,customer4405@example.com,587326515
4406,Liam,Anderson,customer4406@example.com,403887508
4407,Oscar,Davis,customer4407@example.com,157115850
4408,Laura,Garcia,customer4408@example.com,105465610
4409,Anna,Clark,customer4409@example.com,808941598
4410,Emma,Johnson,customer4410@example.com,369974625
4411,Ava,Clark,customer4411@example.com,404154049
4412,Daniel,King,customer4412@example.com,266469722
4413,Noah,Martin,customer4413@example.com,253163103
4414,Mason,Lee,customer4414@example.com,728380379
4415,Noah,Garcia,customer4415@example.com,334996742
4416,Liam,Hall,customer4416@example.com,480783468
4417,Isabella,Lopez,customer4417@example.com,553723877
4418,David,Davis,customer4418@example.com,380526766
4419,Mia,Adams,customer4419@example.com,433650030
4420,Sophia,Scott,customer4420@example.com,567954159
4421,John,Scott,customer4421@example.com,249439479
4422,Mason,Martin,customer4422@example.com,245696833
4423,Anna,King,customer4423@example.com,314236379
4424,Mia,Garcia,customer4424@example.com,191910073
4425,Mia,Scott,customer4425@example.com,774652206
4426,James,King,customer4426@example.com,296894372
4427,David,Lee,customer4427@example.com,203124635
4428,Ava,Young,customer4428@example.com,574487943
4429,John,Young,customer4429@example.com,835688469
4430,Sarah,Walker,customer4430@example.com,480312748
4431,Anna,Walker,customer4431@example.com,551514516
4432,Anna,Walker,customer4432@example.com,129713590
4433,Nina,Smith,customer4433@example.com,923312698
4434,Anna,Brown,customer4434@example.com,911594694
4435,Ava,Adams,customer4435@example.com,424688774
4436,Isabella,Scott,customer4436@example.com,649977856
4437,Sarah,Wilson,customer4437@example.com,766675282
4438,Nina,Scott,customer4438@example.com,414974851
4439,Liam,Lopez,customer4439@example.com,235222578
4440,David,Smith,customer4440@example.com,596936109
4441,Daniel,Walker,customer4441@example.com,158353824
4442,Noah,Johnson,customer4442@example.com,390098025
4443,Olivia,Miller,customer4443@example.com,738167383
4444,Olivia,Garcia,customer4444@example.com,707140225
4445,Laura,Miller,customer4445@example.com,165353048
4446,Olivia,Scott,customer4446@example.com,824145444
4447,Daniel,Johnson,customer4447@example.com,853307914
4448,Mason,Young,customer4448@example.com,254781920
4449,Nina,Hall,customer4449@example.com,246461343
4450,Isabella,Wilson,customer4450@example.com,423080544
4451,Mia,Smith,customer4451@example.com,965024499
4452,Laura,Adams,customer4452@example.com,838492458
4453,Mason,Davis,customer4453@example.com,172093245
4454,Emma,Wilson,customer4454@example.com,748315285
4455,Olivia,Young,customer4455@example.com,204006538
4456,Isabella,Anderson,customer4456@example.com,211247194
4457,Laura,Smith,customer4457@example.com,994133220
4458,Daniel,Walker,customer4458@example.com,519525848
4459,Liam,Davis,customer4459@example.com,422040680
4460,David,Hall,customer4460@example.com,297615674
4461,Isabella,King,customer4461@example.com,379464422
4462,Amelia,Walker,customer4462@example.com,806693185
4463,Amelia,Davis,customer4463@example.com,564236248
4464,Ava,Smith,customer4464@example.com,298435923
4465,Ava,Thomas,customer4465@example.com,283368785
4466,Daniel,King,customer4466@example.com,315125290
4467,Laura,Hall,customer4467@example.com,411423990
4468,Mia,Davis,customer4468@example.com,732180317
4469,Laura,Clark,customer4469@example.com,816937050
4470,Lucas,Lopez,customer4470@example.com,514271914
4471,Olivia,Walker,customer4471@example.com,547639171
4472,Anna,Wilson,customer4472@example.com,130033265
4473,Mia,Walker,customer4473@example.com,228984845
4474,Oscar,Lopez,customer4474@example.com,111832249
4475,Oscar,Garcia,customer4475@example.com,136596922
4476,Amelia,Walker,customer4476@example.com,145775539
4477,Sarah,Wilson,customer4477@example.com,602411429
4478,James,Martin,customer4478@example.com,109792590
4479,Sophia,Clark,customer4479@example.com,637556364
4480,Daniel,Anderson,customer4480@example.com,474557738
4481,Daniel,Lopez,customer4481@example.com,650878040
4482,Noah,Taylor,customer4482@example.com,804287932
4483,Ava,Clark,customer4483@example.com,804303106
4484,Oscar,Miller,customer4484@example.com,593364765
4485,Ava,Martin,customer4485@example.com,942845386
4486,Mia,Lopez,customer4486@example.com,173240044
4487,Laura,Lopez,customer4487@example.com,606540191
4488,Amelia,Taylor,customer4488@example.com,718517117
4489,Daniel,Young,customer4489@example.com,378341816
4490,Ava,Miller,customer4490@example.com,732275127
4491,Oscar,Clark,customer4491@example.com,727594817
4492,Amelia,Lopez,customer4492@example.com,172552707
4493,Liam,Smith,customer4493@example.com,886921228
4494,Sophia,Thomas,customer4494@example.com,203659505
4495,Olivia,Hall,customer4495@example.com,829416737
4496,Laura,Miller,customer4496@example.com,915946380
4497,Isabella,Thomas,customer4497@example.com,213206543
4498,Sophia,Lopez,customer4498@example.com,911548967
4499,Anna,Brown,customer4499@example.com,166493225
4500,Amelia,Martin,customer4500@example.com,222915292
4501,Liam,Brown,customer4501@example.com,574087562
4502,Sarah,Adams,customer4502@example.com,777846827
4503,Emma,Taylor,customer4503@example.com,444842082
4504,Olivia,Walker,customer4504@example.com,505475993
4505,Ava,Scott,customer4505@example.com,697503207
4506,Mason,Anderson,customer4506@example.com,371114382
4507,Laura,Walker,customer4507@example.com,828908586
4508,Mia,Thomas,customer4508@example.com,316029059
4509,Sophia,Lee,customer4509@example.com,973851617
4510,Daniel,Anderson,customer4510@example.com,192361447
4511,Oscar,Smith,customer4511@example.com,775507797
4512,Olivia,Anderson,customer4512@example.com,135690309
4513,Ava,Smith,customer4513@example.com,486075687
4514,Anna,Scott,customer4514@example.com,686886707
4515,Noah,Miller,customer4515@example.com,298969036
4516,Daniel,Hall,customer4516@example.com,304157942
4517,Mason,Scott,customer4517@example.com,988602683
4518,Laura,Young,customer4518@example.com,478070996
4519,Sarah,Adams,customer4519@example.com,699896664
4520,Ava,Brown,customer4520@example.com,571241735
4521,Anna,Lopez,customer4521@example.com,176093527
4522,Oscar,Brown,customer4522@example.com,236571776
4523,Daniel,Garcia,customer4523@example.com,208354512
4524,Olivia,Hall,customer4524@example.com,347576416
4525,Liam,Adams,customer4525@example.com,680398284
4526,John,Smith,customer4526@example.com,340540953
4527,Mia,Martin,customer4527@example.com,519217161
4528,Sarah,Brown,customer4528@example.com,269504123
4529,Mia,Brown,customer4529@example.com,673833192
4530,Oscar,Thomas,customer4530@example.com,655940297
4531,Amelia,Young,customer4531@example.com,435264420
4532,David,Adams,customer4532@example.com,160825536
4533,Nina,Davis,customer4533@example.com,725747220
4534,Laura,Martin,customer4534@example.com,801402523
4535,Emma,Johnson,customer4535@example.com,462973315
4536,Anna,Martin,customer4536@example.com,315297327
4537,John,Johnson,customer4537@example.com,249560024
4538,Mason,King,customer4538@example.com,976991925
4539,John,Johnson,customer4539@example.com,352992044
4540,Laura,Brown,customer4540@example.com,965073062
4541,Oscar,Adams,customer4541@example.com,854938030
4542,Liam,Clark,customer4542@example.com,175981291
4543,Anna,Adams,customer4543@example.com,893805940
4544,Amelia,Brown,customer4544@example.com,692088353
4545,Laura,Wilson,customer4545@example.com,390456188
4546,Liam,Davis,customer4546@example.com,138225296
4547,Laura,Young,customer4547@example.com,341855018
4548,Sarah,Lee,customer4548@example.com,612811141
4549,Mia,Thomas,customer4549@example.com,123024522
4550,Liam,Smith,customer4550@example.com,930660891
4551,Mason,King,customer4551@example.com,752984167
4552,David,Smith,customer4552@example.com,693238019
4553,Laura,Johnson,customer4553@example.com,515672079
4554,David,Wilson,customer4554@example.com,561406882
4555,Anna,King,customer4555@example.com,247929877
4556,Olivia,Walker,customer4556@example.com,226693542
4557,Amelia,Clark,customer4557@example.com,477730669
4558,Mason,Miller,customer4558@example.com,568714963
4559,Liam,Thomas,customer4559@example.com,349143998
4560,Noah,Scott,customer4560@example.com,110790735
4561,Isabella,Lee,customer4561@example.com,902595907
4562,Nina,Scott,customer4562@example.com,149155595
4563,Emma,Thomas,customer4563@example.com,972546113
4564,Liam,Brown,customer4564@example.com,160832400
4565,Ava,Walker,customer4565@example.com,293910773
4566,Mia,Johnson,customer4566@example.com,437290100
4567,Sarah,Adams,customer4567@example.com,803525252
4568,Isabella,Garcia,customer4568@example.com,239281757
4569,Amelia,Lopez,customer4569@example.com,614001677
4570,Olivia,Brown,customer4570@example.com,182010113
4571,Lucas,King,customer4571@example.com,321041522
4572,Laura,Clark,customer4572@example.com,336531677
4573,James,Garcia,customer4573@example.com,493991984
4574,Nina,Garcia,customer4574@example.com,801844762
4575,Isabella,Young,customer4575@example.com,387263790
4576,John,King,customer4576@example.com,640570384
4577,Olivia,Johnson,customer4577@example.com,472196982
4578,Anna,Adams,customer4578@example.com,622061542
4579,Lucas,Brown,customer4579@example.com,318565444
4580,Ava,Young,customer4580@example.com,347536065
4581,Mia,King,customer4581@example.com,326312174
4582,Olivia,Clark,customer4582@example.com,878366992
4583,Ava,Johnson,customer4583@example.com,352442333
4584,James,Walker,customer4584@example.com,222662806
4585,Emma,Hall,customer4585@example.com,997997354
4586,Liam,Martin,customer4586@example.com,398465149
4587,Oscar,Lopez,customer4587@example.com,422565839
4588,Noah,Johnson,customer4588@example.com,399673271
4589,Amelia,Lopez,customer4589@example.com,631886065
4590,Emma,Lopez,customer4590@example.com,513029019
4591,James,Johnson,customer4591@example.com,340999692
4592,Mason,Lopez,customer4592@example.com,298026764
4593,Anna,King,customer4593@example.com,156113369
4594,Mia,Johnson,customer4594@example.com,681483989
4595,Sarah,Smith,customer4595@example.com,753628836
4596,John,Martin,customer4596@example.com,969992528
4597,Oscar,Anderson,customer4597@example.com,913093378
4598,Emma,Miller,customer4598@example.com,879307086
4599,Amelia,Lee,customer4599@example.com,559077447
4600,Liam,Davis,customer4600@example.com,694095087
4601,David,Garcia,customer4601@example.com,674195660
4602,James,Lee,customer4602@example.com,714827309
4603,Oscar,Young,customer4603@example.com,379281010
4604,Sophia,Lopez,customer4604@example.com,601794417
4605,Isabella,Wilson,customer4605@example.com,116303070
4606,Lucas,Martin,customer4606@example.com,191844510
4607,Isabella,King,customer4607@example.com,417639590
4608,John,Scott,customer4608@example.com,523699821
4609,Liam,Adams,customer4609@example.com,394495044
4610,Sarah,Martin,customer4610@example.com,807842761
4611,Lucas,Adams,customer4611@example.com,113249027
4612,Olivia,Garcia,customer4612@example.com,710358959
4613,John,Martin,customer4613@example.com,291968281
4614,James,Walker,customer4614@example.com,118539966
4615,James,Smith,customer4615@example.com,600835600
4616,Liam,Clark,customer4616@example.com,615619319
4617,Nina,Anderson,customer4617@example.com,538742603
4618,Liam,Scott,customer4618@example.com,185412831
4619,Lucas,Adams,customer4619@example.com,692112642
4620,John,Brown,customer4620@example.com,572918333
4621,Sophia,Martin,customer4621@example.com,922461359
4622,Lucas,Martin,customer4622@example.com,631425891
4623,Ava,Thomas,customer4623@example.com,776820465
4624,Sophia,Wilson,customer4624@example.com,763518015
4625,Liam,Thomas,customer4625@example.com,222886061
4626,Liam,Taylor,customer4626@example.com,834913342
4627,Daniel,Walker,customer4627@example.com,722652915
4628,John,Johnson,customer4628@example.com,694217022
4629,Isabella,Johnson,customer4629@example.com,867241747
4630,Lucas,Martin,customer4630@example.com,117306759
4631,Sarah,King,customer4631@example.com,871289477
4632,Liam,Adams,customer4632@example.com,352003839
4633,Sarah,Davis,customer4633@example.com,183192595
4634,Daniel,Walker,customer4634@example.com,221528853
4635,Daniel,Brown,customer4635@example.com,354453959
4636,Mason,Miller,customer4636@example.com,712425712
4637,Sarah,Lee,customer4637@example.com,176657833
4638,Anna,Garcia,customer4638@example.com,253630427
4639,Emma,Miller,customer4639@example.com,751725570
4640,Sarah,Miller,customer4640@example.com,538234355
4641,Sarah,Hall,customer4641@example.com,415747781
4642,Amelia,Smith,customer4642@example.com,272134580
4643,Sarah,Johnson,customer4643@example.com,412322106
4644,Ava,Scott,customer4644@example.com,127418311
4645,Olivia,Adams,customer4645@example.com,327074541
4646,John,Young,customer4646@example.com,868550002
4647,Daniel,Scott,customer4647@example.com,865406379
4648,Sarah,Anderson,customer4648@example.com,506776019
4649,Oscar,Johnson,customer4649@example.com,805512080
4650,Ava,Lopez,customer4650@example.com,918848216
4651,Noah,Brown,customer4651@example.com,341142023
4652,Oscar,Young,customer4652@example.com,716799441
4653,Nina,Lee,customer4653@example.com,678711823
4654,Olivia,Young,customer4654@example.com,957066684
4655,Liam,Adams,customer4655@example.com,607159571
4656,Daniel,Young,customer4656@example.com,573538845
4657,John,Martin,customer4657@example.com,309404989
4658,Oscar,Garcia,customer4658@example.com,362024137
4659,John,Thomas,customer4659@example.com,957926104
4660,Sarah,Thomas,customer4660@example.com,589434256
4661,John,Davis,customer4661@example.com,844181609
4662,Isabella,Walker,customer4662@example.com,886836215
4663,Anna,Clark,customer4663@example.com,185566562
4664,Sarah,King,customer4664@example.com,642930517
4665,Noah,Clark,customer4665@example.com,801507664
4666,Laura,Adams,customer4666@example.com,347336252
4667,James,Lee,customer4667@example.com,346706467
4668,Oscar,Wilson,customer4668@example.com,677260679
4669,Isabella,Lee,customer4669@example.com,823814870
4670,Oscar,Wilson,customer4670@example.com,750199707
4671,Lucas,Garcia,customer4671@example.com,466759935
4672,John,Davis,customer4672@example.com,187516357
4673,Anna,Lee,customer4673@example.com,642267469
4674,Ava,Scott,customer4674@example.com,630643461
4675,Mason,Taylor,customer4675@example.com,587553038
4676,Emma,Taylor,customer4676@example.com,229696032
4677,Anna,Martin,customer4677@example.com,921959627
4678,Nina,Hall,customer4678@example.com,897633403
4679,Olivia,Wilson,customer4679@example.com,136588469
4680,Anna,Smith,customer4680@example.com,840931861
4681,Sophia,Brown,customer4681@example.com,242139534
4682,Daniel,Young,customer4682@example.com,516734375
4683,Anna,Clark,customer4683@example.com,236851601
4684,David,King,customer4684@example.com,359238756
4685,Mia,Davis,customer4685@example.com,461645150
4686,John,Scott,customer4686@example.com,753648327
4687,Amelia,Davis,customer4687@example.com,875434424
4688,Liam,Brown,customer4688@example.com,893225078
4689,Sarah,Walker,customer4689@example.com,539025895
4690,James,Lee,customer4690@example.com,410623993
4691,Laura,Wilson,customer4691@example.com,887528569
4692,Sophia,Scott,customer4692@example.com,980582182
4693,Daniel,Brown,customer4693@example.com,263484058
4694,Emma,Scott,customer4694@example.com,736780736
4695,Sarah,Walker,customer4695@example.com,507350359
4696,John,Walker,customer4696@example.com,289754082
4697,Daniel,Scott,customer4697@example.com,399895640
4698,Olivia,Thomas,customer4698@example.com,419275555
4699,Laura,Miller,customer4699@example.com,151848784
4700,Oscar,Young,customer4700@example.com,663922382
4701,Oscar,Young,customer4701@example.com,558154399
4702,Mia,Miller,customer4702@example.com,512389604
4703,John,Taylor,customer4703@example.com,253756136
4704,Liam,Anderson,customer4704@example.com,562286280
4705,Daniel,Martin,customer4705@example.com,717549533
4706,Amelia,Miller,customer4706@example.com,206801382
4707,Sarah,Garcia,customer4707@example.com,277803636
4708,Olivia,Garcia,customer4708@example.com,394042584
4709,Laura,Walker,customer4709@example.com,340124494
4710,Sophia,Garcia,customer4710@example.com,378559780
4711,Amelia,Davis,customer4711@example.com,348758691
4712,Lucas,Wilson,customer4712@example.com,203053463
4713,Mason,King,customer4713@example.com,646210500
4714,Sophia,Smith,customer4714@example.com,742518018
4715,Liam,King,customer4715@example.com,677582816
4716,Mason,Smith,customer4716@example.com,624378881
4717,Emma,Clark,customer4717@example.com,318120920
4718,Mia,Scott,customer4718@example.com,557953635
4719,James,Young,customer4719@example.com,235483349
4720,James,Garcia,customer4720@example.com,217698079
4721,Olivia,Walker,customer4721@example.com,564142028
4722,Laura,Martin,customer4722@example.com,193269322
4723,Ava,Martin,customer4723@example.com,885585745
4724,Olivia,Clark,customer4724@example.com,962903047
4725,Noah,Thomas,customer4725@example.com,880998560
4726,Noah,Miller,customer4726@example.com,268284543
4727,Daniel,Miller,customer4727@example.com,396468739
4728,James,Young,customer4728@example.com,821641990
4729,Noah,Miller,customer4729@example.com,141185351
4730,Anna,Davis,customer4730@example.com,857099319
4731,Daniel,Miller,customer4731@example.com,304439023
4732,Nina,Johnson,customer4732@example.com,781286134
4733,Emma,Thomas,customer4733@example.com,246968057
4734,Oscar,Lopez,customer4734@example.com,336448207
4735,Mason,Martin,customer4735@example.com,604782577
4736,Ava,Hall,customer4736@example.com,973885029
4737,Sophia,Hall,customer4737@example.com,403439088
4738,Ava,Anderson,customer4738@example.com,781582020
4739,Noah,Young,customer4739@example.com,876619853
4740,Mason,Smith,customer4740@example.com,566346244
4741,Noah,Hall,customer4741@example.com,698865714
4742,Amelia,Anderson,customer4742@example.com,862346505
4743,Sophia,Johnson,customer4743@example.com,548995177
4744,Lucas,Adams,customer4744@example.com,508333520
4745,Oscar,Thomas,customer4745@example.com,784740871
4746,Sarah,Hall,customer4746@example.com,669578311
4747,Sophia,Garcia,customer4747@example.com,348993575
4748,Mia,Hall,customer4748@example.com,626371835
4749,David,Adams,customer4749@example.com,483463134
4750,Nina,Hall,customer4750@example.com,417201826
4751,Olivia,Thomas,customer4751@example.com,220653592
4752,Mia,Lee,customer4752@example.com,580148263
4753,John,Thomas,customer4753@example.com,811266117
4754,Anna,Davis,customer4754@example.com,289187343
4755,James,Miller,customer4755@example.com,809327660
4756,Olivia,Clark,customer4756@example.com,848364317
4757,David,Wilson,customer4757@example.com,930734482
4758,Laura,Hall,customer4758@example.com,745381960
4759,Anna,Thomas,customer4759@example.com,131098297
4760,Mia,Martin,customer4760@example.com,644910454
4761,Mason,Lee,customer4761@example.com,165287000
4762,Nina,Miller,customer4762@example.com,380896497
4763,John,Lee,customer4763@example.com,520239344
4764,James,Lee,customer4764@example.com,528078864
4765,Lucas,Johnson,customer4765@example.com,388103439
4766,Laura,Thomas,customer4766@example.com,464902095
4767,Liam,Garcia,customer4767@example.com,580645869
4768,Anna,Thomas,customer4768@example.com,714723307
4769,Sophia,King,customer4769@example.com,321406443
4770,Olivia,Adams,customer4770@example.com,755789323
4771,John,Wilson,customer4771@example.com,749572144
4772,Nina,Smith,customer4772@example.com,875487184
4773,Emma,Lopez,customer4773@example.com,196908109
4774,John,Clark,customer4774@example.com,923390378
4775,Nina,Brown,customer4775@example.com,803227434
4776,Liam,Young,customer4776@example.com,325983349
4777,Sarah,King,customer4777@example.com,313073127
4778,Sophia,King,customer4778@example.com,524693118
4779,Isabella,Garcia,customer4779@example.com,960373645
4780,Sophia,Clark,customer4780@example.com,455947683
4781,Anna,Anderson,customer4781@example.com,693726794
4782,Isabella,Smith,customer4782@example.com,138735200
4783,Emma,Young,customer4783@example.com,210080796
4784,Daniel,Lopez,customer4784@example.com,949698571
4785,Laura,Johnson,customer4785@example.com,268518952
4786,Mia,Garcia,customer4786@example.com,126032185
4787,Isabella,Thomas,customer4787@example.com,136268864
4788,Lucas,Davis,customer4788@example.com,972947639
4789,David,Lopez,customer4789@example.com,240867612
4790,Lucas,Brown,customer4790@example.com,182170332
4791,Noah,Young,customer4791@example.com,875362788
4792,Anna,Smith,customer4792@example.com,115828870
4793,Nina,Adams,customer4793@example.com,263045077
4794,Olivia,Scott,customer4794@example.com,951069250
4795,David,Anderson,customer4795@example.com,992785957
4796,Amelia,Garcia,customer4796@example.com,942642258
4797,John,Lee,customer4797@example.com,650137670
4798,Emma,Garcia,customer4798@example.com,394258670
4799,James,Anderson,customer4799@example.com,207029747
4800,Lucas,Scott,customer4800@example.com,606162272
4801,David,Garcia,customer4801@example.com,561209234
4802,Noah,Thomas,customer4802@example.com,536294281
4803,Nina,Martin,customer4803@example.com,618992599
4804,Mia,King,customer4804@example.com,643950633
4805,Isabella,Lopez,customer4805@example.com,118481810
4806,Laura,Lopez,customer4806@example.com,500224021
4807,Nina,Davis,customer4807@example.com,585621597
4808,Isabella,Scott,customer4808@example.com,126727441
4809,David,Thomas,customer4809@example.com,580054173
4810,Sarah,Hall,customer4810@example.com,704681222
4811,Olivia,Garcia,customer4811@example.com,456949875
4812,Ava,Brown,customer4812@example.com,202423196
4813,Nina,Taylor,customer4813@example.com,322996651
4814,Laura,Scott,customer4814@example.com,368402236
4815,Noah,Wilson,customer4815@example.com,532927410
4816,Amelia,Hall,customer4816@example.com,662002554
4817,Oscar,Thomas,customer4817@example.com,163278782
4818,Laura,Martin,customer4818@example.com,542229789
4819,Mia,Miller,customer4819@example.com,995847952
4820,Ava,Johnson,customer4820@example.com,445146772
4821,Oscar,Adams,customer4821@example.com,536512863
4822,Emma,Martin,customer4822@example.com,841308499
4823,Mason,King,customer4823@example.com,953298111
4824,Laura,King,customer4824@example.com,636672774
4825,John,Thomas,customer4825@example.com,445570872
4826,James,Hall,customer4826@example.com,652366203
4827,Nina,Brown,customer4827@example.com,212790003
4828,Anna,Brown,customer4828@example.com,503389825
4829,Ava,Smith,customer4829@example.com,274046155
4830,Daniel,Davis,customer4830@example.com,278452642
4831,Mason,Walker,customer4831@example.com,222046425
4832,Liam,Lee,customer4832@example.com,631700342
4833,Sophia,Young,customer4833@example.com,623119911
4834,Ava,King,customer4834@example.com,548982293
4835,David,Smith,customer4835@example.com,418633988
4836,Olivia,Lee,customer4836@example.com,415920240
4837,Lucas,Young,customer4837@example.com,446159485
4838,Amelia,Clark,customer4838@example.com,705386785
4839,Sophia,Wilson,customer4839@example.com,411596420
4840,Daniel,Anderson,customer4840@example.com,962014673
4841,Amelia,Clark,customer4841@example.com,657679799
4842,Amelia,Martin,customer4842@example.com,606924290
4843,James,Anderson,customer4843@example.com,454525036
4844,Ava,Taylor,customer4844@example.com,663047076
4845,Laura,Smith,customer4845@example.com,441114921
4846,Anna,Taylor,customer4846@example.com,261436089
4847,Laura,Brown,customer4847@example.com,106015564
4848,Mia,Anderson,customer4848@example.com,313961999
4849,Olivia,King,customer4849@example.com,592411109
4850,John,Davis,customer4850@example.com,165613988
4851,Amelia,Walker,customer4851@example.com,738290623
4852,Sophia,Brown,customer4852@example.com,476295823
4853,Nina,Thomas,customer4853@example.com,470395234
4854,Emma,Anderson,customer4854@example.com,394828690
4855,Mia,Lee,customer4855@example.com,727568144
4856,Mia,Clark,customer4856@example.com,770552774
4857,David,Martin,customer4857@example.com,702489740
4858,Nina,Anderson,customer4858@example.com,183189355
4859,Oscar,Wilson,customer4859@example.com,210569940
4860,Mason,Martin,customer4860@example.com,291475293
4861,Lucas,Scott,customer4861@example.com,209867551
4862,Ava,Young,customer4862@example.com,730626895
4863,David,Miller,customer4863@example.com,718105609
4864,Oscar,Adams,customer4864@example.com,397681497
4865,Amelia,Hall,customer4865@example.com,324741375
4866,Sophia,Smith,customer4866@example.com,941131677
4867,Isabella,Anderson,customer4867@example.com,198073715
4868,Amelia,Wilson,customer4868@example.com,253902993
4869,Sophia,Hall,customer4869@example.com,100265072
4870,John,Brown,customer4870@example.com,156037713
4871,Ava,Young,customer4871@example.com,966761327
4872,James,Lee,customer4872@example.com,813868911
4873,Laura,Miller,customer4873@example.com,424869522
4874,Daniel,Davis,customer4874@example.com,358527922
4875,Nina,Lopez,customer4875@example.com,505133040
4876,David,Hall,customer4876@example.com,481169366
4877,Mia,Young,customer4877@example.com,440346008
4878,Daniel,Brown,customer4878@example.com,750022893
4879,Mason,Taylor,customer4879@example.com,780505229
4880,Lucas,Wilson,customer4880@example.com,569486359
4881,Nina,Walker,customer4881@example.com,626233893
4882,Lucas,Davis,customer4882@example.com,699046021
4883,Anna,Clark,customer4883@example.com,291139369
4884,Emma,Clark,customer4884@example.com,600445166
4885,Sarah,Lee,customer4885@example.com,329544484
4886,Amelia,King,customer4886@example.com,305067526
4887,David,Clark,customer4887@example.com,292205795
4888,Emma,Anderson,customer4888@example.com,574680393
4889,Sarah,Young,customer4889@example.com,309260052
4890,Emma,Scott,customer4890@example.com,433279476
4891,John,Davis,customer4891@example.com,496068382
4892,Lucas,Young,customer4892@example.com,113952742
4893,Amelia,Martin,customer4893@example.com,136000620
4894,Lucas,Hall,customer4894@example.com,527664933
4895,Liam,Martin,customer4895@example.com,394391911
4896,Liam,Scott,customer4896@example.com,984039248
4897,Emma,Hall,customer4897@example.com,752347835
4898,James,Hall,customer4898@example.com,286585153
4899,Laura,King,customer4899@example.com,966972099
4900,Olivia,Johnson,customer4900@example.com,496783962
4901,Emma,Adams,customer4901@example.com,865911268
4902,Ava,Taylor,customer4902@example.com,241356185
4903,Noah,Lee,customer4903@example.com,995569858
4904,Olivia,Johnson,customer4904@example.com,576073508
4905,Liam,Miller,customer4905@example.com,204663479
4906,Nina,Martin,customer4906@example.com,308501740
4907,Amelia,Smith,customer4907@example.com,457196310
4908,John,Taylor,customer4908@example.com,730122695
4909,Sarah,Young,customer4909@example.com,115216218
4910,David,Lee,customer4910@example.com,999491426
4911,Liam,Brown,customer4911@example.com,307167679
4912,Daniel,Wilson,customer4912@example.com,882711695
4913,Lucas,Brown,customer4913@example.com,285311976
4914,James,Johnson,customer4914@example.com,395843204
4915,Amelia,Anderson,customer4915@example.com,839503930
4916,Daniel,Lee,customer4916@example.com,285723207
4917,Emma,Garcia,customer4917@example.com,393950935
4918,Nina,Clark,customer4918@example.com,226395063
4919,John,Walker,customer4919@example.com,710071396
4920,Noah,Scott,customer4920@example.com,597148239
4921,Noah,Davis,customer4921@example.com,197239910
4922,Sophia,Brown,customer4922@example.com,299349714
4923,John,Scott,customer4923@example.com,772833401
4924,Emma,Taylor,customer4924@example.com,946899566
4925,Emma,Anderson,customer4925@example.com,784988889
4926,Sarah,Walker,customer4926@example.com,187268291
4927,Isabella,Garcia,customer4927@example.com,999052967
4928,Mason,Wilson,customer4928@example.com,433382948
4929,Liam,Lopez,customer4929@example.com,857969344
4930,Mia,Taylor,customer4930@example.com,399534668
4931,Ava,Scott,customer4931@example.com,438809548
4932,Anna,Thomas,customer4932@example.com,996869990
4933,Mason,Martin,customer4933@example.com,313915836
4934,Sophia,Garcia,customer4934@example.com,378479334
4935,James,Martin,customer4935@example.com,199226690
4936,Laura,Clark,customer4936@example.com,721370276
4937,Sarah,Clark,customer4937@example.com,929326555
4938,Daniel,Walker,customer4938@example.com,990668920
4939,Sophia,Johnson,customer4939@example.com,996278276
4940,Oscar,Lopez,customer4940@example.com,267186137
4941,Nina,Scott,customer4941@example.com,326197454
4942,Anna,Clark,customer4942@example.com,793645789
4943,Mia,Anderson,customer4943@example.com,467414224
4944,Daniel,King,customer4944@example.com,991052897
4945,Lucas,Brown,customer4945@example.com,651122099
4946,Mason,Martin,customer4946@example.com,334349438
4947,James,Martin,customer4947@example.com,133767082
4948,Olivia,Young,customer4948@example.com,806878792
4949,Sophia,Hall,customer4949@example.com,250125515
4950,James,Scott,customer4950@example.com,446808902
4951,Sarah,Scott,customer4951@example.com,505777943
4952,Oscar,Johnson,customer4952@example.com,446144349
4953,Olivia,Clark,customer4953@example.com,108480736
4954,Sophia,Lee,customer4954@example.com,610559862
4955,John,Miller,customer4955@example.com,795657256
4956,Olivia,Taylor,customer4956@example.com,484404444
4957,Mia,Taylor,customer4957@example.com,601266959
4958,Nina,Taylor,customer4958@example.com,907502360
4959,Emma,Walker,customer4959@example.com,968894784
4960,Amelia,Walker,customer4960@example.com,737346037
4961,Oscar,Lee,customer4961@example.com,884856806
4962,David,Hall,customer4962@example.com,995604200
4963,Isabella,Martin,customer4963@example.com,876715256
4964,Sarah,Adams,customer4964@example.com,462794021
4965,Laura,Lopez,customer4965@example.com,422308625
4966,Liam,Thomas,customer4966@example.com,919450756
4967,Daniel,Davis,customer4967@example.com,552030261
4968,Anna,Martin,customer4968@example.com,720073011
4969,David,Scott,customer4969@example.com,130660886
4970,Sophia,Young,customer4970@example.com,278654244
4971,Mia,Adams,customer4971@example.com,849076127
4972,Daniel,Anderson,customer4972@example.com,709872762
4973,Ava,Wilson,customer4973@example.com,812327223
4974,John,Johnson,customer4974@example.com,197064811
4975,Mia,Wilson,customer4975@example.com,960592930
4976,Sarah,Walker,customer4976@example.com,525195177
4977,Sophia,Walker,customer4977@example.com,100905387
4978,Ava,Anderson,customer4978@example.com,284757079
4979,Mia,Garcia,customer4979@example.com,186302290
4980,Sophia,Thomas,customer4980@example.com,318315314
4981,Anna,Brown,customer4981@example.com,877533383
4982,Isabella,Wilson,customer4982@example.com,835205605
4983,Nina,Clark,customer4983@example.com,105309416
4984,Laura,Taylor,customer4984@example.com,470131551
4985,Olivia,Hall,customer4985@example.com,690374468
4986,David,Anderson,customer4986@example.com,607134650
4987,David,Walker,customer4987@example.com,858302352
4988,Isabella,Davis,customer4988@example.com,516154320
4989,Ava,Miller,customer4989@example.com,919312568
4990,Ava,Lopez,customer4990@example.com,930282074
4991,John,Garcia,customer4991@example.com,980243961
4992,Anna,Adams,customer4992@example.com,522893604
4993,Nina,Brown,customer4993@example.com,472445806
4994,Laura,Scott,customer4994@example.com,128879653
4995,Isabella,Adams,customer4995@example.com,291297872
4996,Isabella,Clark,customer4996@example.com,488995663
4997,John,Young,customer4997@example.com,983945228
4998,Emma,Adams,customer4998@example.com,743354090
4999,David,Brown,customer4999@example.com,793183317
5000,Isabella,Wilson,customer5000@example.com,636816895
5001,Mason,Johnson,customer5001@example.com,326809000
5002,Mia,Lee,customer5002@example.com,199697311
5003,John,Lopez,customer5003@example.com,802275407
5004,Sophia,Lee,customer5004@example.com,261863973
5005,Mia,Garcia,customer5005@example.com,515339993
5006,Laura,Johnson,customer5006@example.com,380267549
5007,Anna,Taylor,customer5007@example.com,275602826
5008,David,Young,customer5008@example.com,995750327
5009,Olivia,Walker,customer5009@example.com,965681730
5010,Noah,Clark,customer5010@example.com,836657349
5011,Olivia,Lopez,customer5011@example.com,962805514
5012,Emma,Taylor,customer5012@example.com,442551325
5013,Ava,Scott,customer5013@example.com,644355354
5014,David,Walker,customer5014@example.com,112443230
5015,Laura,Lopez,customer5015@example.com,553609821
5016,Liam,Garcia,customer5016@example.com,556320088
5017,Lucas,Davis,customer5017@example.com,748149267
5018,James,Young,customer5018@example.com,500318129
5019,Laura,Miller,customer5019@example.com,674477822
5020,Sarah,Davis,customer5020@example.com,943418541
5021,Sophia,Lee,customer5021@example.com,670921009
5022,David,Brown,customer5022@example.com,261477051
5023,Emma,Miller,customer5023@example.com,859741828
5024,Oscar,Martin,customer5024@example.com,312185392
5025,Daniel,Adams,customer5025@example.com,881285439
5026,James,Lee,customer5026@example.com,152123292
5027,James,Garcia,customer5027@example.com,142782651
5028,Olivia,Hall,customer5028@example.com,594190442
5029,Sarah,Johnson,customer5029@example.com,743523776
5030,Sarah,Martin,customer5030@example.com,557094619
5031,John,Garcia,customer5031@example.com,923381466
5032,Emma,King,customer5032@example.com,386941953
5033,Sophia,Garcia,customer5033@example.com,483202737
5034,Anna,Smith,customer5034@example.com,579715798
5035,John,Garcia,customer5035@example.com,782881227
5036,Liam,Adams,customer5036@example.com,219919013
5037,Sarah,Johnson,customer5037@example.com,670445247
5038,David,Thomas,customer5038@example.com,288155696
5039,Noah,King,customer5039@example.com,201546534
5040,Ava,Wilson,customer5040@example.com,779592700
5041,Laura,Lee,customer5041@example.com,394952837
5042,Sarah,Walker,customer5042@example.com,839799487
5043,Amelia,Thomas,customer5043@example.com,986450549
5044,Daniel,Scott,customer5044@example.com,592224271
5045,Liam,Brown,customer5045@example.com,450671708
5046,Sarah,Johnson,customer5046@example.com,257572094
5047,Amelia,Davis,customer5047@example.com,510075954
5048,Daniel,Brown,customer5048@example.com,462680716
5049,Mia,Lee,customer5049@example.com,530290856
5050,Emma,Taylor,customer5050@example.com,901834996
5051,Lucas,Brown,customer5051@example.com,998564400
5052,Anna,Davis,customer5052@example.com,952169608
5053,Mason,Scott,customer5053@example.com,380220571
5054,Mia,Adams,customer5054@example.com,651945791
5055,Nina,Thomas,customer5055@example.com,845452922
5056,Liam,Clark,customer5056@example.com,715614860
5057,Laura,Anderson,customer5057@example.com,916815851
5058,Anna,Martin,customer5058@example.com,901945329
5059,Sophia,Martin,customer5059@example.com,638549262
5060,Liam,Adams,customer5060@example.com,528069335
5061,Sophia,Garcia,customer5061@example.com,392787282
5062,Emma,Lee,customer5062@example.com,322410957
5063,Emma,Lee,customer5063@example.com,805676856
5064,Ava,Martin,customer5064@example.com,386746273
5065,James,Adams,customer5065@example.com,948533297
5066,John,Davis,customer5066@example.com,337644501
5067,Isabella,Smith,customer5067@example.com,861292088
5068,John,Thomas,customer5068@example.com,168421465
5069,Amelia,Garcia,customer5069@example.com,881860106
5070,Amelia,Walker,customer5070@example.com,731268027
5071,Anna,Adams,customer5071@example.com,452994790
5072,Nina,Lopez,customer5072@example.com,610674706
5073,Nina,Smith,customer5073@example.com,468240534
5074,John,Miller,customer5074@example.com,471907995
5075,James,Wilson,customer5075@example.com,596012400
5076,Laura,Anderson,customer5076@example.com,671488738
5077,Sophia,Lopez,customer5077@example.com,374547837
5078,David,Johnson,customer5078@example.com,809419607
5079,Oscar,Brown,customer5079@example.com,777943476
5080,Laura,King,customer5080@example.com,470762184
5081,Noah,Anderson,customer5081@example.com,903170583
5082,Daniel,Clark,customer5082@example.com,426452658
5083,Mia,Miller,customer5083@example.com,584793554
5084,James,Smith,customer5084@example.com,267396883
5085,Amelia,Scott,customer5085@example.com,279029593
5086,Amelia,Clark,customer5086@example.com,706548633
5087,Anna,Lee,customer5087@example.com,921348247
5088,Emma,Garcia,customer5088@example.com,697472351
5089,Laura,Thomas,customer5089@example.com,502958483
5090,Nina,Wilson,customer5090@example.com,506334876
5091,Amelia,Davis,customer5091@example.com,204131289
5092,David,Anderson,customer5092@example.com,326887199
5093,Olivia,Scott,customer5093@example.com,410686099
5094,Sophia,Taylor,customer5094@example.com,923425368
5095,David,King,customer5095@example.com,538640915
5096,Sarah,Anderson,customer5096@example.com,549017351
5097,Amelia,Martin,customer5097@example.com,442956891
5098,Sarah,Davis,customer5098@example.com,813216442
5099,John,Young,customer5099@example.com,675125160
5100,Nina,Lopez,customer5100@example.com,341698434
5101,David,Hall,customer5101@example.com,912638078
5102,James,Garcia,customer5102@example.com,987059388
5103,James,Taylor,customer5103@example.com,290725138
5104,David,Garcia,customer5104@example.com,103583486
5105,Nina,Miller,customer5105@example.com,919195114
5106,James,Taylor,customer5106@example.com,833743378
5107,Olivia,Lopez,customer5107@example.com,722939720
5108,Anna,Lee,customer5108@example.com,540549617
5109,Mason,Smith,customer5109@example.com,764513013
5110,Isabella,Wilson,customer5110@example.com,754666903
5111,Amelia,Young,customer5111@example.com,186442457
5112,Amelia,Scott,customer5112@example.com,886137921
5113,Anna,Smith,customer5113@example.com,448987901
5114,Amelia,Thomas,customer5114@example.com,278733850
5115,Oscar,Hall,customer5115@example.com,834829245
5116,Noah,Clark,customer5116@example.com,124394894
5117,Amelia,Lopez,customer5117@example.com,692767076
5118,Daniel,Anderson,customer5118@example.com,273279673
5119,James,Clark,customer5119@example.com,876379876
5120,Isabella,Taylor,customer5120@example.com,606987486
5121,Mason,Miller,customer5121@example.com,242431913
5122,Mia,Brown,customer5122@example.com,133167626
5123,Mason,Scott,customer5123@example.com,595187813
5124,James,Thomas,customer5124@example.com,834086245
5125,Amelia,Walker,customer5125@example.com,359720591
5126,Sophia,Walker,customer5126@example.com,637101700
5127,Olivia,Adams,customer5127@example.com,999661919
5128,John,Taylor,customer5128@example.com,362920130
5129,James,Brown,customer5129@example.com,107390903
5130,Liam,Lee,customer5130@example.com,658096119
5131,Laura,Lopez,customer5131@example.com,175554497
5132,Anna,Martin,customer5132@example.com,868773997
5133,Nina,Davis,customer5133@example.com,868578864
5134,Amelia,King,customer5134@example.com,867472238
5135,Emma,Walker,customer5135@example.com,616263188
5136,Liam,Garcia,customer5136@example.com,971515860
5137,David,Johnson,customer5137@example.com,490169075
5138,David,Young,customer5138@example.com,775671577
5139,James,Lee,customer5139@example.com,945489578
5140,Olivia,Davis,customer5140@example.com,256748846
5141,Lucas,Scott,customer5141@example.com,909148057
5142,Olivia,Taylor,customer5142@example.com,493488269
5143,Anna,Miller,customer5143@example.com,252417753
5144,Isabella,Hall,customer5144@example.com,325577036
5145,Lucas,Davis,customer5145@example.com,454362380
5146,Noah,Walker,customer5146@example.com,861371949
5147,Laura,Thomas,customer5147@example.com,912801709
5148,Lucas,Miller,customer5148@example.com,417067441
5149,James,Miller,customer5149@example.com,945436339
5150,James,Martin,customer5150@example.com,710133596
5151,Lucas,Adams,customer5151@example.com,138380513
5152,Ava,Wilson,customer5152@example.com,660256254
5153,Mia,Smith,customer5153@example.com,337320065
5154,Sarah,Scott,customer5154@example.com,489472182
5155,Mia,Garcia,customer5155@example.com,868623785
5156,Sophia,Scott,customer5156@example.com,780639124
5157,Mia,Hall,customer5157@example.com,865662572
5158,James,Garcia,customer5158@example.com,265830066
5159,Ava,Wilson,customer5159@example.com,752243849
5160,Mia,Lopez,customer5160@example.com,376279955
5161,Isabella,Smith,customer5161@example.com,327270384
5162,Oscar,Garcia,customer5162@example.com,259303944
5163,Oscar,Smith,customer5163@example.com,378551365
5164,Sarah,Young,customer5164@example.com,900428613
5165,Daniel,Lopez,customer5165@example.com,612147289
5166,Amelia,Taylor,customer5166@example.com,469596475
5167,Ava,Scott,customer5167@example.com,638046968
5168,John,Young,customer5168@example.com,501968761
5169,David,Hall,customer5169@example.com,796188973
5170,Sophia,Young,customer5170@example.com,617599918
5171,Sophia,Hall,customer5171@example.com,507884854
5172,Emma,Brown,customer5172@example.com,467613766
5173,Isabella,Garcia,customer5173@example.com,321651732
5174,Isabella,Wilson,customer5174@example.com,398839041
5175,Amelia,Davis,customer5175@example.com,797928604
5176,Mason,Clark,customer5176@example.com,635571949
5177,James,Scott,customer5177@example.com,785730802
5178,Emma,Young,customer5178@example.com,345211832
5179,Mason,Clark,customer5179@example.com,813226657
5180,Liam,Lopez,customer5180@example.com,772594060
5181,Olivia,Miller,customer5181@example.com,644834323
5182,Noah,Martin,customer5182@example.com,694084681
5183,Nina,King,customer5183@example.com,185305878
5184,Liam,Walker,customer5184@example.com,708491814
5185,Daniel,Thomas,customer5185@example.com,362736302
5186,Lucas,Taylor,customer5186@example.com,840558696
5187,Isabella,Thomas,customer5187@example.com,840492575
5188,James,Taylor,customer5188@example.com,143199628
5189,Amelia,Martin,customer5189@example.com,692679345
5190,Lucas,Brown,customer5190@example.com,897908769
5191,Mason,Brown,customer5191@example.com,242323343
5192,Daniel,Garcia,customer5192@example.com,165353422
5193,Mason,Thomas,customer5193@example.com,361929216
5194,Oscar,Scott,customer5194@example.com,612477973
5195,James,Davis,customer5195@example.com,676528107
5196,Liam,Miller,customer5196@example.com,948273358
5197,Noah,Anderson,customer5197@example.com,613569694
5198,Olivia,Walker,customer5198@example.com,189535259
5199,Laura,Anderson,customer5199@example.com,207240942
5200,Nina,Scott,customer5200@example.com,330847988
5201,Amelia,Hall,customer5201@example.com,422080630
5202,Oscar,Smith,customer5202@example.com,724610167
5203,Anna,Davis,customer5203@example.com,873074192
5204,James,Anderson,customer5204@example.com,732366865
5205,Amelia,Walker,customer5205@example.com,100531633
5206,Lucas,Lee,customer5206@example.com,745699103
5207,Lucas,Hall,customer5207@example.com,777668740
5208,Sophia,Miller,customer5208@example.com,644701690
5209,Laura,Young,customer5209@example.com,404680363
5210,Mia,Martin,customer5210@example.com,671434688
5211,Isabella,Miller,customer5211@example.com,395588615
5212,Nina,Young,customer5212@example.com,431575791
5213,James,Davis,customer5213@example.com,912406191
5214,Sophia,Hall,customer5214@example.com,106997884
5215,John,Young,customer5215@example.com,605202323
5216,Laura,Taylor,customer5216@example.com,291979848
5217,Noah,Lee,customer5217@example.com,822602684
5218,Mia,Davis,customer5218@example.com,575880586
5219,John,King,customer5219@example.com,983214584
5220,Sophia,Anderson,customer5220@example.com,936221327
5221,Olivia,Thomas,customer5221@example.com,328939416
5222,Mia,Young,customer5222@example.com,427903381
5223,John,Young,customer5223@example.com,606672610
5224,Olivia,Garcia,customer5224@example.com,754474303
5225,Mason,Scott,customer5225@example.com,821433431
5226,Ava,Miller,customer5226@example.com,267920042
5227,Mason,Lopez,customer5227@example.com,943758275
5228,Sophia,Taylor,customer5228@example.com,755114828
5229,Sophia,Miller,customer5229@example.com,654551457
5230,Laura,Adams,customer5230@example.com,946912399
5231,Anna,Martin,customer5231@example.com,345590089
5232,Lucas,Hall,customer5232@example.com,995972094
5233,Mia,Clark,customer5233@example.com,255678099
5234,Mia,Miller,customer5234@example.com,880298529
5235,Sarah,Miller,customer5235@example.com,582870156
5236,Mia,Lee,customer5236@example.com,704824173
5237,David,Lee,customer5237@example.com,106090827
5238,David,Johnson,customer5238@example.com,538932531
5239,Sarah,Wilson,customer5239@example.com,590581599
5240,Lucas,Smith,customer5240@example.com,978893191
5241,Mason,Anderson,customer5241@example.com,810875738
5242,Lucas,Garcia,customer5242@example.com,993945616
5243,Sarah,Smith,customer5243@example.com,445579291
5244,Anna,Lopez,customer5244@example.com,449701750
5245,Nina,King,customer5245@example.com,893513422
5246,Mason,Anderson,customer5246@example.com,763095528
5247,Daniel,Walker,customer5247@example.com,394165554
5248,Olivia,Brown,customer5248@example.com,361067244
5249,Sophia,Miller,customer5249@example.com,876153361
5250,Laura,Scott,customer5250@example.com,604520959
5251,Liam,Lopez,customer5251@example.com,838520660
5252,Laura,Thomas,customer5252@example.com,400800837
5253,Amelia,Scott,customer5253@example.com,502673550
5254,Liam,Davis,customer5254@example.com,160252553
5255,John,Martin,customer5255@example.com,677561127
5256,Sarah,Walker,customer5256@example.com,405195367
5257,Olivia,Hall,customer5257@example.com,244187130
5258,Noah,Miller,customer5258@example.com,932410732
5259,Anna,Wilson,customer5259@example.com,261511790
5260,Oscar,Garcia,customer5260@example.com,716422428
5261,Mason,King,customer5261@example.com,194494822
5262,James,Thomas,customer5262@example.com,452017789
5263,Oscar,King,customer5263@example.com,919036478
5264,Lucas,King,customer5264@example.com,670186413
5265,Mia,Smith,customer5265@example.com,250825897
5266,Noah,Miller,customer5266@example.com,487867336
5267,James,Anderson,customer5267@example.com,297718851
5268,John,Walker,customer5268@example.com,344471988
5269,James,Clark,customer5269@example.com,457569023
5270,Mason,Martin,customer5270@example.com,374188326
5271,Amelia,Smith,customer5271@example.com,250613697
5272,Olivia,Lee,customer5272@example.com,558843089
5273,David,Hall,customer5273@example.com,956950131
5274,Liam,Young,customer5274@example.com,164731980
5275,Daniel,Clark,customer5275@example.com,117395980
5276,Oscar,Lee,customer5276@example.com,134449945
5277,Daniel,Miller,customer5277@example.com,948403687
5278,Nina,Hall,customer5278@example.com,403489287
5279,Oscar,Miller,customer5279@example.com,781153731
5280,Noah,Brown,customer5280@example.com,706993563
5281,Noah,King,customer5281@example.com,938150211
5282,Olivia,King,customer5282@example.com,269891638
5283,Daniel,Brown,customer5283@example.com,716247535
5284,James,Adams,customer5284@example.com,798119008
5285,Mason,Brown,customer5285@example.com,923683760
5286,Anna,Martin,customer5286@example.com,600057851
5287,James,Wilson,customer5287@example.com,798408604
5288,John,Brown,customer5288@example.com,295070777
5289,Oscar,Miller,customer5289@example.com,587529337
5290,Daniel,Lee,customer5290@example.com,123067767
5291,David,Scott,customer5291@example.com,415480159
5292,Emma,Adams,customer5292@example.com,989297289
5293,David,Smith,customer5293@example.com,109167505
5294,Isabella,Miller,customer5294@example.com,558648441
5295,Ava,Martin,customer5295@example.com,339326299
5296,Oscar,Miller,customer5296@example.com,671621787
5297,James,Anderson,customer5297@example.com,926703710
5298,Oscar,Clark,customer5298@example.com,867622823
5299,Oscar,Wilson,customer5299@example.com,302773320
5300,Ava,Anderson,customer5300@example.com,431229665
5301,Sophia,Davis,customer5301@example.com,128158333
5302,Nina,Adams,customer5302@example.com,142361888
5303,Ava,King,customer5303@example.com,474220071
5304,Noah,Miller,customer5304@example.com,438589714
5305,Isabella,Anderson,customer5305@example.com,316575262
5306,Mia,Taylor,customer5306@example.com,555571081
5307,Lucas,Thomas,customer5307@example.com,333255174
5308,Sarah,Smith,customer5308@example.com,247437812
5309,James,Davis,customer5309@example.com,995669512
5310,David,Smith,customer5310@example.com,576690322
5311,Mason,Lopez,customer5311@example.com,152843440
5312,James,Walker,customer5312@example.com,528614334
5313,Mason,Anderson,customer5313@example.com,927837480
5314,David,Scott,customer5314@example.com,974562092
5315,Olivia,Brown,customer5315@example.com,288008739
5316,Daniel,Scott,customer5316@example.com,877945646
5317,Daniel,Davis,customer5317@example.com,274894283
5318,Mason,Davis,customer5318@example.com,625176174
5319,Amelia,Clark,customer5319@example.com,904965545
5320,John,Lee,customer5320@example.com,305064440
5321,Mason,Brown,customer5321@example.com,958769279
5322,Daniel,Clark,customer5322@example.com,613225993
5323,Lucas,Young,customer5323@example.com,220250872
5324,James,Smith,customer5324@example.com,107790637
5325,David,Lee,customer5325@example.com,529827812
5326,Olivia,Clark,customer5326@example.com,486968435
5327,Mia,Brown,customer5327@example.com,566163810
5328,Mia,Thomas,customer5328@example.com,852922731
5329,Noah,Lopez,customer5329@example.com,606120516
5330,Emma,Martin,customer5330@example.com,883433291
5331,John,Johnson,customer5331@example.com,251113932
5332,Isabella,Taylor,customer5332@example.com,706212352
5333,Emma,Wilson,customer5333@example.com,656866156
5334,Ava,Wilson,customer5334@example.com,846325953
5335,Laura,Johnson,customer5335@example.com,165693093
5336,Amelia,Anderson,customer5336@example.com,894407040
5337,Mia,Clark,customer5337@example.com,763094664
5338,Anna,Taylor,customer5338@example.com,550154608
5339,Sophia,Taylor,customer5339@example.com,656842161
5340,Ava,Taylor,customer5340@example.com,491988789
5341,Olivia,Taylor,customer5341@example.com,132190917
5342,Laura,Anderson,customer5342@example.com,428634596
5343,David,Clark,customer5343@example.com,384736299
5344,Amelia,Miller,customer5344@example.com,130578211
5345,Emma,Miller,customer5345@example.com,130598303
5346,Laura,Johnson,customer5346@example.com,889147448
5347,Ava,Lee,customer5347@example.com,149928404
5348,Nina,Lopez,customer5348@example.com,918730606
5349,Amelia,Young,customer5349@example.com,282257190
5350,Sophia,Davis,customer5350@example.com,116040051
5351,Sarah,Thomas,customer5351@example.com,198917281
5352,Anna,Brown,customer5352@example.com,220699944
5353,Laura,Walker,customer5353@example.com,545685360
5354,Nina,Walker,customer5354@example.com,244316695
5355,Amelia,Smith,customer5355@example.com,434396365
5356,Laura,Hall,customer5356@example.com,375803064
5357,Ava,Miller,customer5357@example.com,804776508
5358,Nina,Clark,customer5358@example.com,758858259
5359,Olivia,Hall,customer5359@example.com,629141800
5360,Oscar,Anderson,customer5360@example.com,235112134
5361,Isabella,Young,customer5361@example.com,239379856
5362,Ava,Thomas,customer5362@example.com,807821273
5363,Noah,Davis,customer5363@example.com,870160720
5364,David,Garcia,customer5364@example.com,760366848
5365,Olivia,Thomas,customer5365@example.com,342905531
5366,Lucas,Taylor,customer5366@example.com,883864035
5367,Mia,Miller,customer5367@example.com,862851119
5368,James,Scott,customer5368@example.com,658256551
5369,Daniel,Scott,customer5369@example.com,386394724
5370,Ava,Miller,customer5370@example.com,553141549
5371,Sarah,Wilson,customer5371@example.com,722092254
5372,Liam,Lopez,customer5372@example.com,778476227
5373,Liam,Anderson,customer5373@example.com,295606203
5374,Emma,Wilson,customer5374@example.com,781429478
5375,Liam,Thomas,customer5375@example.com,273822919
5376,David,Miller,customer5376@example.com,112576213
5377,Oscar,Hall,customer5377@example.com,619524460
5378,Sarah,Anderson,customer5378@example.com,775075356
5379,Oscar,Lopez,customer5379@example.com,585443094
5380,Mason,Walker,customer5380@example.com,767129282
5381,Lucas,King,customer5381@example.com,572299301
5382,Olivia,Martin,customer5382@example.com,803795357
5383,Daniel,Miller,customer5383@example.com,462124359
5384,Sophia,Martin,customer5384@example.com,466127696
5385,Laura,King,customer5385@example.com,589965577
5386,Olivia,Miller,customer5386@example.com,919554196
5387,Daniel,Martin,customer5387@example.com,167772190
5388,Sarah,Lee,customer5388@example.com,789656532
5389,Emma,King,customer5389@example.com,235536465
5390,Olivia,Thomas,customer5390@example.com,591165414
5391,Olivia,Davis,customer5391@example.com,691057043
5392,Mia,Wilson,customer5392@example.com,473258690
5393,Mia,Walker,customer5393@example.com,568327642
5394,Nina,Brown,customer5394@example.com,641942969
5395,Sophia,Lopez,customer5395@example.com,980496878
5396,Daniel,Anderson,customer5396@example.com,252158258
5397,Isabella,Smith,customer5397@example.com,313327931
5398,Sarah,Young,customer5398@example.com,745250434
5399,Ava,Scott,customer5399@example.com,669686115
5400,Daniel,Johnson,customer5400@example.com,959272620
5401,Nina,Clark,customer5401@example.com,679237767
5402,Isabella,Young,customer5402@example.com,279050174
5403,Sarah,Taylor,customer5403@example.com,207522432
5404,Sophia,Adams,customer5404@example.com,342942130
5405,Ava,King,customer5405@example.com,754623401
5406,Anna,Anderson,customer5406@example.com,398952685
5407,Liam,Lopez,customer5407@example.com,418360616
5408,David,Young,customer5408@example.com,552328921
5409,Laura,Walker,customer5409@example.com,445660346
5410,Ava,Garcia,customer5410@example.com,100379688
5411,Noah,Martin,customer5411@example.com,860575419
5412,Nina,Garcia,customer5412@example.com,324148755
5413,Amelia,Adams,customer5413@example.com,171741852
5414,Liam,Lee,customer5414@example.com,250649491
5415,Ava,Hall,customer5415@example.com,983089574
5416,Sophia,Thomas,customer5416@example.com,520088892
5417,Sophia,Lee,customer5417@example.com,519832695
5418,Oscar,Anderson,customer5418@example.com,366903551
5419,Sarah,Brown,customer5419@example.com,342993210
5420,Lucas,Wilson,customer5420@example.com,531043494
5421,Olivia,Scott,customer5421@example.com,821895231
5422,Ava,Anderson,customer5422@example.com,576077104
5423,Ava,Martin,customer5423@example.com,916671494
5424,John,Smith,customer5424@example.com,783712200
5425,Olivia,Young,customer5425@example.com,434106140
5426,Daniel,Davis,customer5426@example.com,928561496
5427,Amelia,Hall,customer5427@example.com,349302636
5428,James,Garcia,customer5428@example.com,982873873
5429,Olivia,King,customer5429@example.com,897695393
5430,Amelia,Walker,customer5430@example.com,265009000
5431,Noah,Miller,customer5431@example.com,392168140
5432,Liam,Lopez,customer5432@example.com,999771426
5433,Lucas,Davis,customer5433@example.com,773126960
5434,James,Lee,customer5434@example.com,728115961
5435,Sophia,Hall,customer5435@example.com,914389724
5436,Mia,Thomas,customer5436@example.com,661394434
5437,Olivia,Brown,customer5437@example.com,885720569
5438,Amelia,Adams,customer5438@example.com,489284435
5439,Isabella,Hall,customer5439@example.com,998409575
5440,Anna,Lee,customer5440@example.com,160830178
5441,Olivia,Martin,customer5441@example.com,877445311
5442,Lucas,Martin,customer5442@example.com,787479760
5443,Daniel,Miller,customer5443@example.com,550590774
5444,Lucas,Clark,customer5444@example.com,189220818
5445,Emma,Davis,customer5445@example.com,865680590
5446,Laura,Thomas,customer5446@example.com,728980907
5447,Laura,Thomas,customer5447@example.com,734672082
5448,Anna,Martin,customer5448@example.com,211632051
5449,Laura,King,customer5449@example.com,751375404
5450,Oscar,Lopez,customer5450@example.com,751361677
5451,Daniel,Lopez,customer5451@example.com,145205850
5452,Amelia,Davis,customer5452@example.com,733876003
5453,Olivia,Scott,customer5453@example.com,201912670
5454,Olivia,Thomas,customer5454@example.com,487299562
5455,Oscar,Adams,customer5455@example.com,552935791
5456,David,Johnson,customer5456@example.com,472915318
5457,James,Walker,customer5457@example.com,715624421
5458,Daniel,Johnson,customer5458@example.com,528093064
5459,Anna,Smith,customer5459@example.com,331970687
5460,Oscar,Taylor,customer5460@example.com,125924873
5461,John,Davis,customer5461@example.com,413829870
5462,Anna,Smith,customer5462@example.com,882819390
5463,James,Martin,customer5463@example.com,485031934
5464,Sarah,Clark,customer5464@example.com,367040757
5465,Lucas,Walker,customer5465@example.com,941501994
5466,Liam,Miller,customer5466@example.com,591993412
5467,Lucas,Taylor,customer5467@example.com,324821156
5468,Nina,King,customer5468@example.com,796092768
5469,John,Lopez,customer5469@example.com,908870287
5470,Sarah,Taylor,customer5470@example.com,636695255
5471,Noah,Miller,customer5471@example.com,477747416
5472,Amelia,King,customer5472@example.com,894417896
5473,Isabella,Miller,customer5473@example.com,989791716
5474,Mia,Davis,customer5474@example.com,875177891
5475,Noah,Lopez,customer5475@example.com,435999953
5476,Amelia,Hall,customer5476@example.com,786631056
5477,Sophia,Lopez,customer5477@example.com,317055967
5478,Lucas,Hall,customer5478@example.com,476447338
5479,John,Walker,customer5479@example.com,488118171
5480,Sophia,Taylor,customer5480@example.com,446560674
5481,Emma,Davis,customer5481@example.com,303785198
5482,Oscar,Garcia,customer5482@example.com,643441434
5483,Nina,Garcia,customer5483@example.com,912576217
5484,Nina,King,customer5484@example.com,291027373
5485,David,Adams,customer5485@example.com,846933565
5486,Noah,Anderson,customer5486@example.com,200248486
5487,Noah,Adams,customer5487@example.com,812095032
5488,David,Martin,customer5488@example.com,256514450
5489,John,King,customer5489@example.com,479889481
5490,David,Wilson,customer5490@example.com,513648472
5491,Olivia,Garcia,customer5491@example.com,758654741
5492,Oscar,Brown,customer5492@example.com,447716573
5493,Isabella,Walker,customer5493@example.com,987054668
5494,Liam,Thomas,customer5494@example.com,688396797
5495,Ava,Martin,customer5495@example.com,128302963
5496,Laura,Thomas,customer5496@example.com,994693184
5497,Isabella,Thomas,customer5497@example.com,342485962
5498,James,Anderson,customer5498@example.com,256097045
5499,Emma,Garcia,customer5499@example.com,361649622
5500,Emma,Adams,customer5500@example.com,618910736
5501,James,Lee,customer5501@example.com,697346574
5502,Nina,Scott,customer5502@example.com,306415172
5503,Anna,Taylor,customer5503@example.com,656811785
5504,Oscar,Lopez,customer5504@example.com,773510042
5505,Oscar,Lopez,customer5505@example.com,901862642
5506,Lucas,Clark,customer5506@example.com,962672189
5507,Lucas,Lee,customer5507@example.com,497529831
5508,Sarah,Thomas,customer5508@example.com,443763518
5509,Nina,Clark,customer5509@example.com,182721548
5510,Ava,Miller,customer5510@example.com,988465406
5511,Isabella,King,customer5511@example.com,721651927
5512,Ava,Davis,customer5512@example.com,942048319
5513,Daniel,Hall,customer5513@example.com,674838329
5514,John,Davis,customer5514@example.com,966781918
5515,Amelia,Thomas,customer5515@example.com,873208192
5516,Sarah,King,customer5516@example.com,981625287
5517,Isabella,Walker,customer5517@example.com,388979831
5518,Oscar,Johnson,customer5518@example.com,594177720
5519,Amelia,Walker,customer5519@example.com,633792439
5520,Oscar,Lee,customer5520@example.com,169425739
5521,Sophia,Smith,customer5521@example.com,701251106
5522,James,King,customer5522@example.com,798230228
5523,Liam,Clark,customer5523@example.com,611773745
5524,Ava,Brown,customer5524@example.com,832299454
5525,Sarah,Brown,customer5525@example.com,871879492
5526,Lucas,Scott,customer5526@example.com,370595900
5527,Emma,Adams,customer5527@example.com,627003026
5528,Anna,Wilson,customer5528@example.com,525465922
5529,Mason,Walker,customer5529@example.com,432672358
5530,Nina,Garcia,customer5530@example.com,454907373
5531,Isabella,Scott,customer5531@example.com,957293021
5532,Daniel,Lee,customer5532@example.com,254869079
5533,Nina,Scott,customer5533@example.com,437647343
5534,Emma,Adams,customer5534@example.com,156877091
5535,Sarah,Scott,customer5535@example.com,228509048
5536,Noah,Adams,customer5536@example.com,168320833
5537,Daniel,Lee,customer5537@example.com,884239926
5538,Sophia,Anderson,customer5538@example.com,367146461
5539,Amelia,Taylor,customer5539@example.com,997368360
5540,Sophia,Smith,customer5540@example.com,797295469
5541,Laura,Davis,customer5541@example.com,456256926
5542,Noah,Davis,customer5542@example.com,533314189
5543,Oscar,Lopez,customer5543@example.com,964269773
5544,Anna,Lopez,customer5544@example.com,847769975
5545,Laura,Wilson,customer5545@example.com,468610566
5546,Sophia,Davis,customer5546@example.com,434143501
5547,Sarah,Taylor,customer5547@example.com,859417815
5548,Anna,Martin,customer5548@example.com,636529272
5549,Noah,Taylor,customer5549@example.com,379715724
5550,David,Anderson,customer5550@example.com,343353068
5551,Sarah,Brown,customer5551@example.com,464771758
5552,James,Davis,customer5552@example.com,662498203
5553,Lucas,Smith,customer5553@example.com,750858728
5554,Liam,King,customer5554@example.com,163507748
5555,Sarah,Davis,customer5555@example.com,280939576
5556,Emma,Young,customer5556@example.com,113506041
5557,Emma,Miller,customer5557@example.com,513125946
5558,Mia,Smith,customer5558@example.com,959034445
5559,Oscar,Scott,customer5559@example.com,502477106
5560,Noah,Taylor,customer5560@example.com,302381105
5561,Amelia,Hall,customer5561@example.com,295191987
5562,Nina,Anderson,customer5562@example.com,470707181
5563,Olivia,Wilson,customer5563@example.com,743942625
5564,Sarah,Scott,customer5564@example.com,289975300
5565,James,Taylor,customer5565@example.com,644740074
5566,Ava,Walker,customer5566@example.com,132579118
5567,Amelia,Johnson,customer5567@example.com,677232702
5568,Olivia,Garcia,customer5568@example.com,412921596
5569,Olivia,Clark,customer5569@example.com,833400081
5570,Sophia,Scott,customer5570@example.com,656723166
5571,Sophia,Davis,customer5571@example.com,634348745
5572,Mason,Adams,customer5572@example.com,266701228
5573,Amelia,Miller,customer5573@example.com,588195070
5574,Nina,Lopez,customer5574@example.com,941880862
5575,James,Davis,customer5575@example.com,818016609
5576,Nina,Brown,customer5576@example.com,463294047
5577,Isabella,Clark,customer5577@example.com,251807098
5578,Isabella,Hall,customer5578@example.com,302228735
5579,David,Johnson,customer5579@example.com,484744683
5580,Liam,Hall,customer5580@example.com,970705148
5581,Oscar,Davis,customer5581@example.com,658178034
5582,Noah,Miller,customer5582@example.com,666224316
5583,Oscar,Scott,customer5583@example.com,853987850
5584,Nina,Young,customer5584@example.com,523252826
5585,Nina,Anderson,customer5585@example.com,403398162
5586,John,Wilson,customer5586@example.com,580933864
5587,Mason,Garcia,customer5587@example.com,772526678
5588,Anna,Lopez,customer5588@example.com,567226752
5589,David,Brown,customer5589@example.com,626633153
5590,Emma,Hall,customer5590@example.com,212011137
5591,John,King,customer5591@example.com,619803232
5592,Amelia,Lopez,customer5592@example.com,428455028
5593,Laura,Garcia,customer5593@example.com,927686082
5594,Liam,Young,customer5594@example.com,992555626
5595,Liam,Anderson,customer5595@example.com,195764351
5596,Mia,Scott,customer5596@example.com,902999305
5597,Oscar,King,customer5597@example.com,286142551
5598,John,Johnson,customer5598@example.com,673691810
5599,Emma,Johnson,customer5599@example.com,425285707
5600,David,Anderson,customer5600@example.com,477705443
5601,Nina,Johnson,customer5601@example.com,984490665
5602,Anna,Young,customer5602@example.com,662624007
5603,Sophia,Young,customer5603@example.com,498169157
5604,Liam,Anderson,customer5604@example.com,205925419
5605,James,Taylor,customer5605@example.com,337905905
5606,John,Brown,customer5606@example.com,866688784
5607,Mason,Hall,customer5607@example.com,321982099
5608,Oscar,Adams,customer5608@example.com,116742547
5609,Liam,Lopez,customer5609@example.com,321222848
5610,Olivia,Garcia,customer5610@example.com,105088230
5611,Isabella,Miller,customer5611@example.com,290114308
5612,David,Thomas,customer5612@example.com,499199790
5613,David,Johnson,customer5613@example.com,267427481
5614,Ava,Adams,customer5614@example.com,364326419
5615,Amelia,Martin,customer5615@example.com,554021632
5616,Oscar,Garcia,customer5616@example.com,319984231
5617,Lucas,Lee,customer5617@example.com,841183862
5618,Emma,Lee,customer5618@example.com,984285361
5619,Anna,Lopez,customer5619@example.com,398593298
5620,Mason,Hall,customer5620@example.com,372113539
5621,Amelia,Smith,customer5621@example.com,772739082
5622,David,Johnson,customer5622@example.com,847326207
5623,James,Wilson,customer5623@example.com,811851133
5624,Isabella,Brown,customer5624@example.com,784614627
5625,Olivia,Davis,customer5625@example.com,270643164
5626,Laura,Brown,customer5626@example.com,296879759
5627,Nina,Miller,customer5627@example.com,279708658
5628,Lucas,Lopez,customer5628@example.com,405808958
5629,Nina,Garcia,customer5629@example.com,405699476
5630,Oscar,Martin,customer5630@example.com,216492455
5631,Olivia,Lopez,customer5631@example.com,983557960
5632,Mason,Brown,customer5632@example.com,695658257
5633,Laura,Anderson,customer5633@example.com,236488723
5634,Daniel,Johnson,customer5634@example.com,603538733
5635,Laura,Davis,customer5635@example.com,219621956
5636,Isabella,Johnson,customer5636@example.com,994528661
5637,David,Taylor,customer5637@example.com,189773437
5638,Noah,Thomas,customer5638@example.com,568096274
5639,Amelia,Clark,customer5639@example.com,570415484
5640,Ava,Walker,customer5640@example.com,741025454
5641,Liam,Young,customer5641@example.com,923334686
5642,Mason,Anderson,customer5642@example.com,878366359
5643,John,Johnson,customer5643@example.com,710745805
5644,Emma,Wilson,customer5644@example.com,466519073
5645,Lucas,Taylor,customer5645@example.com,475935498
5646,James,Anderson,customer5646@example.com,791634879
5647,Liam,Lopez,customer5647@example.com,508058768
5648,Ava,Garcia,customer5648@example.com,642878064
5649,Noah,Thomas,customer5649@example.com,297528940
5650,Mason,Miller,customer5650@example.com,806535237
5651,James,Smith,customer5651@example.com,573016016
5652,Noah,Thomas,customer5652@example.com,746027566
5653,Daniel,Garcia,customer5653@example.com,697916497
5654,Sophia,Wilson,customer5654@example.com,687469231
5655,John,Johnson,customer5655@example.com,219578115
5656,Noah,Lee,customer5656@example.com,656249065
5657,Nina,Smith,customer5657@example.com,764201903
5658,Sophia,Miller,customer5658@example.com,497684067
5659,Liam,Wilson,customer5659@example.com,211446453
5660,Isabella,Smith,customer5660@example.com,509324767
5661,Emma,Scott,customer5661@example.com,162725352
5662,David,Scott,customer5662@example.com,228464715
5663,Isabella,Johnson,customer5663@example.com,705202509
5664,Nina,Brown,customer5664@example.com,121252959
5665,Laura,Scott,customer5665@example.com,792338157
5666,David,Garcia,customer5666@example.com,836168115
5667,Amelia,Lopez,customer5667@example.com,582830779
5668,Isabella,Hall,customer5668@example.com,757783372
5669,Lucas,Clark,customer5669@example.com,783648813
5670,James,Hall,customer5670@example.com,264430586
5671,James,King,customer5671@example.com,486692169
5672,Isabella,Wilson,customer5672@example.com,408017346
5673,Sophia,Lopez,customer5673@example.com,376178153
5674,Sophia,Clark,customer5674@example.com,894574943
5675,Emma,Lee,customer5675@example.com,964845867
5676,Mia,Wilson,customer5676@example.com,145692965
5677,James,Lee,customer5677@example.com,863093090
5678,Nina,Thomas,customer5678@example.com,531892193
5679,Ava,Clark,customer5679@example.com,323446663
5680,David,Lee,customer5680@example.com,548529473
5681,James,Walker,customer5681@example.com,576626352
5682,David,Walker,customer5682@example.com,490369859
5683,John,Miller,customer5683@example.com,814439275
5684,David,Wilson,customer5684@example.com,876645741
5685,Daniel,Anderson,customer5685@example.com,364148131
5686,Mason,Anderson,customer5686@example.com,710300456
5687,Mason,Adams,customer5687@example.com,490213781
5688,James,King,customer5688@example.com,920313601
5689,Anna,Clark,customer5689@example.com,791489784
5690,Mia,Anderson,customer5690@example.com,521797528
5691,Ava,Hall,customer5691@example.com,216662246
5692,Nina,Walker,customer5692@example.com,422466437
5693,Amelia,Lee,customer5693@example.com,154638116
5694,Mason,Anderson,customer5694@example.com,462584525
5695,Nina,Taylor,customer5695@example.com,808295367
5696,David,Young,customer5696@example.com,563624345
5697,Sophia,Walker,customer5697@example.com,125593061
5698,Mason,Lopez,customer5698@example.com,709233495
5699,Sophia,Martin,customer5699@example.com,900981010
5700,Oscar,Wilson,customer5700@example.com,788524209
5701,David,Scott,customer5701@example.com,939514608
5702,Mason,Wilson,customer5702@example.com,541618988
5703,John,Walker,customer5703@example.com,363816732
5704,Ava,Hall,customer5704@example.com,439532843
5705,Amelia,Adams,customer5705@example.com,669714642
5706,Liam,Davis,customer5706@example.com,944994295
5707,Noah,Brown,customer5707@example.com,123049022
5708,Emma,Johnson,customer5708@example.com,455954685
5709,Noah,Miller,customer5709@example.com,482999793
5710,Mason,Wilson,customer5710@example.com,328719736
5711,Mia,Brown,customer5711@example.com,489703924
5712,Amelia,Miller,customer5712@example.com,726473076
5713,James,Hall,customer5713@example.com,463591283
5714,Sophia,Garcia,customer5714@example.com,425601984
5715,Olivia,King,customer5715@example.com,271597258
5716,Ava,Taylor,customer5716@example.com,545802434
5717,Olivia,King,customer5717@example.com,763882641
5718,Anna,Taylor,customer5718@example.com,703082206
5719,Nina,Hall,customer5719@example.com,851471754
5720,Lucas,Thomas,customer5720@example.com,221719840
5721,Ava,Walker,customer5721@example.com,204226974
5722,Liam,Wilson,customer5722@example.com,509041030
5723,Laura,Lopez,customer5723@example.com,612046054
5724,Sophia,Smith,customer5724@example.com,729401014
5725,Sarah,Walker,customer5725@example.com,728022146
5726,Oscar,Taylor,customer5726@example.com,580320597
5727,Emma,Hall,customer5727@example.com,821298658
5728,Oscar,Clark,customer5728@example.com,464832392
5729,Noah,Clark,customer5729@example.com,173970067
5730,Sophia,Wilson,customer5730@example.com,770048289
5731,Mia,Lopez,customer5731@example.com,260509374
5732,Olivia,Anderson,customer5732@example.com,780991511
5733,John,Garcia,customer5733@example.com,863868715
5734,Noah,Clark,customer5734@example.com,747265048
5735,Laura,Smith,customer5735@example.com,767719443
5736,Oscar,Lee,customer5736@example.com,281526961
5737,Sarah,Martin,customer5737@example.com,306183282
5738,Daniel,Martin,customer5738@example.com,658809180
5739,Emma,Hall,customer5739@example.com,442059298
5740,Sophia,Johnson,customer5740@example.com,797293434
5741,Isabella,Garcia,customer5741@example.com,382515849
5742,James,Lee,customer5742@example.com,462407010
5743,Liam,Martin,customer5743@example.com,905303808
5744,James,Brown,customer5744@example.com,457468907
5745,Nina,Johnson,customer5745@example.com,240284211
5746,Amelia,Smith,customer5746@example.com,888815055
5747,Oscar,Smith,customer5747@example.com,425032890
5748,David,Anderson,customer5748@example.com,604788545
5749,David,Lopez,customer5749@example.com,138636619
5750,Lucas,Lopez,customer5750@example.com,460385246
5751,Sarah,Young,customer5751@example.com,941942818
5752,Anna,Lee,customer5752@example.com,859436678
5753,John,Wilson,customer5753@example.com,471771396
5754,Lucas,King,customer5754@example.com,307128485
5755,Laura,Garcia,customer5755@example.com,386337455
5756,Noah,Walker,customer5756@example.com,821348271
5757,Noah,Miller,customer5757@example.com,646310475
5758,Olivia,Smith,customer5758@example.com,970541642
5759,Ava,Davis,customer5759@example.com,360877421
5760,Noah,Taylor,customer5760@example.com,500922627
5761,Noah,Wilson,customer5761@example.com,714082400
5762,Isabella,Brown,customer5762@example.com,180972534
5763,Emma,Smith,customer5763@example.com,890814637
5764,John,Adams,customer5764@example.com,175572930
5765,Ava,Scott,customer5765@example.com,772298073
5766,James,Miller,customer5766@example.com,944102411
5767,Olivia,Adams,customer5767@example.com,230973310
5768,Liam,Wilson,customer5768@example.com,314234368
5769,Noah,Taylor,customer5769@example.com,198466292
5770,Noah,Smith,customer5770@example.com,564897319
5771,Isabella,Anderson,customer5771@example.com,153685617
5772,Noah,Lopez,customer5772@example.com,444032199
5773,Daniel,Anderson,customer5773@example.com,611148466
5774,Mason,Hall,customer5774@example.com,750105387
5775,Sophia,Hall,customer5775@example.com,409305817
5776,Oscar,Johnson,customer5776@example.com,575148289
5777,Sophia,Young,customer5777@example.com,106778955
5778,Noah,Taylor,customer5778@example.com,312300775
5779,Lucas,Wilson,customer5779@example.com,681966388
5780,Oscar,Anderson,customer5780@example.com,851583869
5781,Olivia,Brown,customer5781@example.com,302076618
5782,Sophia,Miller,customer5782@example.com,912056164
5783,Isabella,Taylor,customer5783@example.com,523771505
5784,Oscar,Garcia,customer5784@example.com,745913649
5785,Anna,Young,customer5785@example.com,787833622
5786,Mia,Anderson,customer5786@example.com,557975918
5787,Lucas,Clark,customer5787@example.com,889676079
5788,Isabella,Young,customer5788@example.com,107498009
5789,Lucas,Garcia,customer5789@example.com,909920336
5790,Sophia,Brown,customer5790@example.com,166163516
5791,Noah,Hall,customer5791@example.com,469606903
5792,Liam,Adams,customer5792@example.com,911373139
5793,Anna,Brown,customer5793@example.com,823739596
5794,James,Smith,customer5794@example.com,899152426
5795,Noah,Miller,customer5795@example.com,731509036
5796,Sarah,Adams,customer5796@example.com,828206923
5797,Noah,Scott,customer5797@example.com,381789907
5798,John,Walker,customer5798@example.com,484520396
5799,Laura,Clark,customer5799@example.com,636543350
5800,Mia,Hall,customer5800@example.com,436590868
5801,Nina,Anderson,customer5801@example.com,344932992
5802,Oscar,Taylor,customer5802@example.com,145848218
5803,Sarah,Lee,customer5803@example.com,599230693
5804,James,Miller,customer5804@example.com,954968700
5805,David,Walker,customer5805@example.com,598637732
5806,James,Wilson,customer5806@example.com,252560338
5807,David,Lee,customer5807@example.com,126285005
5808,Ava,Miller,customer5808@example.com,509586709
5809,Ava,Lopez,customer5809@example.com,492678179
5810,Emma,Lee,customer5810@example.com,949732551
5811,Sophia,Wilson,customer5811@example.com,736661428
5812,Sophia,Anderson,customer5812@example.com,201840340
5813,Emma,Lopez,customer5813@example.com,607115620
5814,Ava,Martin,customer5814@example.com,462189456
5815,Mason,Smith,customer5815@example.com,633995897
5816,David,Taylor,customer5816@example.com,425904401
5817,Nina,Martin,customer5817@example.com,344533205
5818,Mason,Hall,customer5818@example.com,751573378
5819,Laura,Lee,customer5819@example.com,567193199
5820,Sophia,Hall,customer5820@example.com,814885719
5821,Liam,Clark,customer5821@example.com,213828988
5822,Noah,Miller,customer5822@example.com,858087611
5823,Laura,Adams,customer5823@example.com,410656982
5824,Ava,Thomas,customer5824@example.com,657017204
5825,Laura,Anderson,customer5825@example.com,547047480
5826,Laura,Smith,customer5826@example.com,430720723
5827,Sophia,Miller,customer5827@example.com,776950239
5828,Mia,Adams,customer5828@example.com,560632480
5829,Amelia,Davis,customer5829@example.com,743295718
5830,Ava,Young,customer5830@example.com,402684735
5831,John,Clark,customer5831@example.com,966643102
5832,Ava,Clark,customer5832@example.com,707015982
5833,Laura,Brown,customer5833@example.com,119015738
5834,James,Clark,customer5834@example.com,547750962
5835,Isabella,Anderson,customer5835@example.com,450255245
5836,Isabella,Miller,customer5836@example.com,780614261
5837,Laura,Martin,customer5837@example.com,695922147
5838,John,Scott,customer5838@example.com,952355607
5839,John,Anderson,customer5839@example.com,236507849
5840,John,Scott,customer5840@example.com,345808173
5841,Oscar,Adams,customer5841@example.com,354496000
5842,Isabella,Hall,customer5842@example.com,704836641
5843,Laura,Smith,customer5843@example.com,436575164
5844,Daniel,Davis,customer5844@example.com,512470771
5845,Ava,Adams,customer5845@example.com,445374359
5846,Noah,Young,customer5846@example.com,627143325
5847,James,Adams,customer5847@example.com,881498108
5848,Lucas,Brown,customer5848@example.com,582630761
5849,David,Anderson,customer5849@example.com,949632125
5850,Lucas,Wilson,customer5850@example.com,490608439
5851,Liam,Hall,customer5851@example.com,364769288
5852,Isabella,Smith,customer5852@example.com,451343765
5853,Sarah,Adams,customer5853@example.com,618137470
5854,Nina,Wilson,customer5854@example.com,941474579
5855,Lucas,Miller,customer5855@example.com,620440200
5856,John,Adams,customer5856@example.com,675858660
5857,Mason,Anderson,customer5857@example.com,741654357
5858,Amelia,Davis,customer5858@example.com,417419100
5859,Liam,Anderson,customer5859@example.com,662106192
5860,Daniel,Garcia,customer5860@example.com,366531138
5861,David,Lee,customer5861@example.com,852313014
5862,Emma,Garcia,customer5862@example.com,380233602
5863,Mason,Wilson,customer5863@example.com,417938579
5864,Emma,Smith,customer5864@example.com,799687716
5865,Anna,Brown,customer5865@example.com,495815219
5866,James,Wilson,customer5866@example.com,579624470
5867,David,King,customer5867@example.com,268554291
5868,Amelia,Walker,customer5868@example.com,914391910
5869,John,Davis,customer5869@example.com,393724281
5870,James,Martin,customer5870@example.com,312365395
5871,Amelia,Walker,customer5871@example.com,405761709
5872,Sophia,Scott,customer5872@example.com,238014139
5873,John,Smith,customer5873@example.com,233052656
5874,Liam,Miller,customer5874@example.com,693323022
5875,Laura,Clark,customer5875@example.com,252205955
5876,John,Lopez,customer5876@example.com,690694502
5877,Emma,Lee,customer5877@example.com,793989745
5878,John,Lopez,customer5878@example.com,291124362
5879,John,Adams,customer5879@example.com,997726891
5880,Liam,Garcia,customer5880@example.com,447907555
5881,Oscar,Scott,customer5881@example.com,142285535
5882,Daniel,Johnson,customer5882@example.com,876075538
5883,Ava,Hall,customer5883@example.com,168588368
5884,Noah,Wilson,customer5884@example.com,262746974
5885,Olivia,Young,customer5885@example.com,275429796
5886,Isabella,Brown,customer5886@example.com,910309537
5887,Sarah,Clark,customer5887@example.com,463094446
5888,Noah,Lee,customer5888@example.com,468908800
5889,Noah,Hall,customer5889@example.com,530097895
5890,Nina,Johnson,customer5890@example.com,663370153
5891,Anna,Lopez,customer5891@example.com,845806690
5892,Ava,King,customer5892@example.com,983524116
5893,Noah,Anderson,customer5893@example.com,581571218
5894,Sophia,Davis,customer5894@example.com,919011687
5895,Lucas,Thomas,customer5895@example.com,356909240
5896,Liam,King,customer5896@example.com,126011615
5897,Liam,Thomas,customer5897@example.com,613992947
5898,Liam,Johnson,customer5898@example.com,335150429
5899,Isabella,Wilson,customer5899@example.com,247825381
5900,Daniel,Miller,customer5900@example.com,446765196
5901,David,Lopez,customer5901@example.com,120675681
5902,Daniel,Garcia,customer5902@example.com,628525007
5903,Emma,Lee,customer5903@example.com,690591380
5904,Noah,Johnson,customer5904@example.com,314881943
5905,Oscar,Johnson,customer5905@example.com,324236606
5906,Isabella,Scott,customer5906@example.com,627706578
5907,Emma,Clark,customer5907@example.com,853578008
5908,Noah,Scott,customer5908@example.com,495263942
5909,Daniel,Taylor,customer5909@example.com,526470378
5910,Mason,Wilson,customer5910@example.com,675772566
5911,Emma,Adams,customer5911@example.com,402169366
5912,Lucas,King,customer5912@example.com,501902191
5913,Daniel,Lopez,customer5913@example.com,271651932
5914,Mason,Adams,customer5914@example.com,375176652
5915,John,Anderson,customer5915@example.com,451175939
5916,Lucas,Lopez,customer5916@example.com,227955302
5917,Mia,Walker,customer5917@example.com,130942528
5918,James,Adams,customer5918@example.com,799444677
5919,Daniel,Lopez,customer5919@example.com,319676904
5920,Sophia,Davis,customer5920@example.com,144732180
5921,David,Davis,customer5921@example.com,897589822
5922,Mason,Anderson,customer5922@example.com,915785316
5923,Oscar,Garcia,customer5923@example.com,994351449
5924,Mason,Scott,customer5924@example.com,978170803
5925,Mia,Clark,customer5925@example.com,597979740
5926,Liam,Thomas,customer5926@example.com,708646894
5927,Lucas,Anderson,customer5927@example.com,648788785
5928,Emma,Garcia,customer5928@example.com,113271809
5929,Mason,Taylor,customer5929@example.com,458556774
5930,Mason,Hall,customer5930@example.com,873031951
5931,David,Miller,customer5931@example.com,591649559
5932,David,Adams,customer5932@example.com,909449553
5933,Sophia,Hall,customer5933@example.com,615584596
5934,Nina,Adams,customer5934@example.com,406384144
5935,Isabella,Brown,customer5935@example.com,761822587
5936,Olivia,Smith,customer5936@example.com,133500672
5937,Amelia,Johnson,customer5937@example.com,112038691
5938,Lucas,Smith,customer5938@example.com,425823255
5939,James,Lopez,customer5939@example.com,882487451
5940,Oscar,Taylor,customer5940@example.com,204402785
5941,Liam,Clark,customer5941@example.com,331185888
5942,Mason,Lee,customer5942@example.com,896551594
5943,Sarah,Brown,customer5943@example.com,400624818
5944,Anna,Smith,customer5944@example.com,419405897
5945,Liam,Davis,customer5945@example.com,424323843
5946,Ava,Martin,customer5946@example.com,590622322
5947,Mason,Davis,customer5947@example.com,783661925
5948,Emma,Hall,customer5948@example.com,287455232
5949,Emma,Davis,customer5949@example.com,192444088
5950,Isabella,Walker,customer5950@example.com,722530817
5951,Nina,Martin,customer5951@example.com,389982059
5952,Emma,Scott,customer5952@example.com,615100796
5953,Noah,Wilson,customer5953@example.com,331365141
5954,Noah,Lopez,customer5954@example.com,828017647
5955,David,Smith,customer5955@example.com,139901496
5956,Laura,Lee,customer5956@example.com,991690203
5957,James,Lee,customer5957@example.com,287929395
5958,Emma,Scott,customer5958@example.com,147280833
5959,Noah,Martin,customer5959@example.com,862251199
5960,Mia,Hall,customer5960@example.com,317645994
5961,Lucas,Smith,customer5961@example.com,820741213
5962,Lucas,Anderson,customer5962@example.com,352134447
5963,James,Smith,customer5963@example.com,798127845
5964,Liam,Scott,customer5964@example.com,996995844
5965,Anna,King,customer5965@example.com,854783521
5966,Laura,Thomas,customer5966@example.com,868336705
5967,Liam,Garcia,customer5967@example.com,490879384
5968,Noah,Adams,customer5968@example.com,494382316
5969,James,Hall,customer5969@example.com,684749861
5970,Sophia,Clark,customer5970@example.com,807167807
5971,Sarah,King,customer5971@example.com,680644162
5972,Ava,Miller,customer5972@example.com,889409574
5973,Sarah,Lee,customer5973@example.com,286791061
5974,Oscar,Lopez,customer5974@example.com,499549977
5975,James,Clark,customer5975@example.com,923896371
5976,Mia,Wilson,customer5976@example.com,974270101
5977,Laura,King,customer5977@example.com,537899599
5978,Sarah,Lee,customer5978@example.com,192820212
5979,Amelia,Martin,customer5979@example.com,247791426
5980,John,Clark,customer5980@example.com,793061844
5981,James,Walker,customer5981@example.com,909282771
5982,Nina,Taylor,customer5982@example.com,145908616
5983,John,Young,customer5983@example.com,771156085
5984,Ava,Adams,customer5984@example.com,466843761
5985,Nina,Taylor,customer5985@example.com,957635762
5986,Oscar,Wilson,customer5986@example.com,976450587
5987,Mason,Lopez,customer5987@example.com,187771298
5988,Anna,Davis,customer5988@example.com,638356589
5989,Nina,Johnson,customer5989@example.com,657882800
5990,Olivia,Scott,customer5990@example.com,104338455
5991,Lucas,King,customer5991@example.com,813648478
5992,Sophia,Thomas,customer5992@example.com,834450885
5993,John,Hall,customer5993@example.com,225543343
5994,John,Clark,customer5994@example.com,688894456
5995,David,Young,customer5995@example.com,805332300
5996,David,Thomas,customer5996@example.com,719569898
5997,Sarah,Lee,customer5997@example.com,838520633
5998,Olivia,Thomas,customer5998@example.com,787698723
5999,James,Wilson,customer5999@example.com,995875717
6000,Mason,Smith,customer6000@example.com,952115057
6001,Daniel,Davis,customer6001@example.com,631720085
6002,Ava,Brown,customer6002@example.com,846183342
6003,Mia,Thomas,customer6003@example.com,911534685
6004,David,Garcia,customer6004@example.com,986086066
6005,Mason,King,customer6005@example.com,785314233
6006,Olivia,Anderson,customer6006@example.com,125238967
6007,Emma,Smith,customer6007@example.com,417595733
6008,Olivia,Anderson,customer6008@example.com,299409014
6009,Noah,Brown,customer6009@example.com,372122580
6010,James,Davis,customer6010@example.com,553030493
6011,Sarah,Lopez,customer6011@example.com,111347785
6012,Amelia,Garcia,customer6012@example.com,468475537
6013,David,Clark,customer6013@example.com,323819775
6014,Mia,Lee,customer6014@example.com,764922971
6015,Oscar,Hall,customer6015@example.com,782061852
6016,Amelia,Scott,customer6016@example.com,144962808
6017,Laura,Johnson,customer6017@example.com,636865376
6018,John,Clark,customer6018@example.com,133329291
6019,Lucas,Hall,customer6019@example.com,956665307
6020,David,King,customer6020@example.com,926552926
6021,Olivia,Lee,customer6021@example.com,839369106
6022,Oscar,Adams,customer6022@example.com,476942350
6023,Laura,Smith,customer6023@example.com,507986780
6024,Liam,Hall,customer6024@example.com,915023166
6025,Noah,Hall,customer6025@example.com,370750852
6026,Nina,Brown,customer6026@example.com,189082650
6027,Isabella,Davis,customer6027@example.com,588215591
6028,David,Miller,customer6028@example.com,359178336
6029,Amelia,Hall,customer6029@example.com,136874602
6030,John,Garcia,customer6030@example.com,693377394
6031,James,Anderson,customer6031@example.com,758973884
6032,Anna,Davis,customer6032@example.com,111053043
6033,Ava,Scott,customer6033@example.com,825036318
6034,Emma,Young,customer6034@example.com,577203049
6035,Noah,Young,customer6035@example.com,294597747
6036,James,Martin,customer6036@example.com,848538764
6037,Oscar,Lopez,customer6037@example.com,960397564
6038,Nina,Johnson,customer6038@example.com,371876053
6039,Oscar,Davis,customer6039@example.com,849704323
6040,Daniel,Hall,customer6040@example.com,286743752
6041,James,Garcia,customer6041@example.com,274747388
6042,Liam,Garcia,customer6042@example.com,745448057
6043,John,Lee,customer6043@example.com,217762169
6044,Ava,Brown,customer6044@example.com,313806776
6045,Laura,Hall,customer6045@example.com,367407522
6046,Emma,Lopez,customer6046@example.com,932944604
6047,Sophia,Lopez,customer6047@example.com,147110078
6048,Mia,Taylor,customer6048@example.com,339898241
6049,John,Scott,customer6049@example.com,629731650
6050,Isabella,Walker,customer6050@example.com,968032765
6051,Olivia,Davis,customer6051@example.com,276558895
6052,Ava,Wilson,customer6052@example.com,894951620
6053,Amelia,Scott,customer6053@example.com,125424279
6054,James,Hall,customer6054@example.com,493714969
6055,Anna,Smith,customer6055@example.com,860648163
6056,Daniel,Clark,customer6056@example.com,781645666
6057,Nina,Davis,customer6057@example.com,549494734
6058,Laura,Johnson,customer6058@example.com,399468967
6059,Anna,King,customer6059@example.com,853818040
6060,Anna,Brown,customer6060@example.com,169981491
6061,Noah,Martin,customer6061@example.com,813718675
6062,Sarah,Hall,customer6062@example.com,530921552
6063,Daniel,Thomas,customer6063@example.com,247668785
6064,Olivia,Smith,customer6064@example.com,273941155
6065,Noah,Scott,customer6065@example.com,300565007
6066,Mason,Walker,customer6066@example.com,808521384
6067,Nina,Clark,customer6067@example.com,698469846
6068,Lucas,Hall,customer6068@example.com,171746227
6069,Sophia,Scott,customer6069@example.com,543730000
6070,Olivia,King,customer6070@example.com,142687424
6071,Isabella,Anderson,customer6071@example.com,258255838
6072,Mia,Wilson,customer6072@example.com,901700901
6073,David,Smith,customer6073@example.com,499280091
6074,Liam,Young,customer6074@example.com,946202078
6075,Emma,Davis,customer6075@example.com,663245360
6076,Lucas,Scott,customer6076@example.com,669640764
6077,Emma,Garcia,customer6077@example.com,971300408
6078,Ava,Miller,customer6078@example.com,361645266
6079,Laura,Anderson,customer6079@example.com,302579662
6080,Laura,Hall,customer6080@example.com,614037098
6081,Mason,Davis,customer6081@example.com,285132385
6082,David,King,customer6082@example.com,780104381
6083,Nina,Brown,customer6083@example.com,256886986
6084,Ava,Young,customer6084@example.com,256124866
6085,Noah,Hall,customer6085@example.com,651242503
6086,Noah,Scott,customer6086@example.com,276880410
6087,Isabella,Lee,customer6087@example.com,771758113
6088,Sarah,Thomas,customer6088@example.com,989032072
6089,Lucas,Lee,customer6089@example.com,164073412
6090,Anna,Johnson,customer6090@example.com,444120916
6091,David,Smith,customer6091@example.com,306808785
6092,Sarah,Lopez,customer6092@example.com,582999503
6093,Amelia,Thomas,customer6093@example.com,903812257
6094,Ava,Hall,customer6094@example.com,760239309
6095,Daniel,Lee,customer6095@example.com,793681192
6096,Sophia,Thomas,customer6096@example.com,743148646
6097,Daniel,Garcia,customer6097@example.com,633793013
6098,Noah,Lee,customer6098@example.com,744053736
6099,Emma,Lee,customer6099@example.com,171225563
6100,Nina,Brown,customer6100@example.com,856423593
6101,Ava,Johnson,customer6101@example.com,496770295
6102,Lucas,Lopez,customer6102@example.com,401542652
6103,James,Miller,customer6103@example.com,425877298
6104,Nina,Adams,customer6104@example.com,451207812
6105,Mia,Hall,customer6105@example.com,649154475
6106,Laura,Lopez,customer6106@example.com,913271066
6107,Oscar,King,customer6107@example.com,832489265
6108,Amelia,Adams,customer6108@example.com,809752821
6109,Oscar,Wilson,customer6109@example.com,603937212
6110,John,Brown,customer6110@example.com,842410947
6111,Laura,Miller,customer6111@example.com,672024267
6112,Daniel,Adams,customer6112@example.com,777923949
6113,Noah,Martin,customer6113@example.com,775513932
6114,Lucas,Martin,customer6114@example.com,410254439
6115,Amelia,Young,customer6115@example.com,344643732
6116,John,Miller,customer6116@example.com,357069675
6117,Oscar,Anderson,customer6117@example.com,474213212
6118,Mia,Anderson,customer6118@example.com,986626439
6119,John,Young,customer6119@example.com,825956975
6120,Anna,Martin,customer6120@example.com,383371360
6121,Amelia,Lee,customer6121@example.com,819068385
6122,Mason,Adams,customer6122@example.com,944920338
6123,Ava,Garcia,customer6123@example.com,303974495
6124,Sarah,King,customer6124@example.com,693675284
6125,John,Anderson,customer6125@example.com,956878875
6126,James,Scott,customer6126@example.com,658466741
6127,Sophia,Davis,customer6127@example.com,878025484
6128,Mia,Thomas,customer6128@example.com,320905013
6129,Amelia,Miller,customer6129@example.com,296578324
6130,Laura,Clark,customer6130@example.com,363747299
6131,David,Hall,customer6131@example.com,869917396
6132,Lucas,Scott,customer6132@example.com,592932560
6133,Nina,Miller,customer6133@example.com,257131290
6134,Lucas,Adams,customer6134@example.com,177363365
6135,Lucas,Davis,customer6135@example.com,504330388
6136,Nina,Lopez,customer6136@example.com,103507992
6137,Noah,Anderson,customer6137@example.com,971868892
6138,Lucas,Hall,customer6138@example.com,588295435
6139,Nina,Scott,customer6139@example.com,981711944
6140,Lucas,Young,customer6140@example.com,709298704
6141,Anna,Anderson,customer6141@example.com,385294502
6142,Liam,Lee,customer6142@example.com,774430898
6143,Laura,Adams,customer6143@example.com,216049131
6144,Laura,Lee,customer6144@example.com,515414277
6145,John,Davis,customer6145@example.com,250031116
6146,Sophia,Davis,customer6146@example.com,487980424
6147,Liam,Johnson,customer6147@example.com,175462552
6148,Lucas,Davis,customer6148@example.com,688937402
6149,Nina,Martin,customer6149@example.com,236818449
6150,Olivia,Lee,customer6150@example.com,320001908
6151,Liam,Scott,customer6151@example.com,164295540
6152,Emma,Davis,customer6152@example.com,462501562
6153,Amelia,Martin,customer6153@example.com,405144652
6154,Anna,Thomas,customer6154@example.com,347484964
6155,Isabella,Adams,customer6155@example.com,748176377
6156,Oscar,Martin,customer6156@example.com,693366694
6157,Sarah,Thomas,customer6157@example.com,262889747
6158,Emma,King,customer6158@example.com,727194083
6159,John,Thomas,customer6159@example.com,284514302
6160,David,Anderson,customer6160@example.com,681658051
6161,Amelia,Smith,customer6161@example.com,272223663
6162,Noah,Scott,customer6162@example.com,895058691
6163,Amelia,Martin,customer6163@example.com,969248053
6164,Laura,Davis,customer6164@example.com,202739549
6165,Isabella,Lee,customer6165@example.com,337268477
6166,Isabella,Walker,customer6166@example.com,754560757
6167,Sophia,Taylor,customer6167@example.com,336590009
6168,Lucas,Davis,customer6168@example.com,103402003
6169,Isabella,Garcia,customer6169@example.com,567285228
6170,Oscar,Adams,customer6170@example.com,515219499
6171,James,Anderson,customer6171@example.com,349302163
6172,Olivia,Brown,customer6172@example.com,538660699
6173,James,Walker,customer6173@example.com,261475232
6174,David,Adams,customer6174@example.com,906051743
6175,David,Smith,customer6175@example.com,681178463
6176,Lucas,Anderson,customer6176@example.com,822962352
6177,Laura,Lee,customer6177@example.com,947813397
6178,Daniel,Miller,customer6178@example.com,445830787
6179,Emma,Hall,customer6179@example.com,644987682
6180,Amelia,Lopez,customer6180@example.com,574797329
6181,Amelia,Anderson,customer6181@example.com,500463881
6182,Ava,Brown,customer6182@example.com,745268953
6183,David,Taylor,customer6183@example.com,946183669
6184,David,Anderson,customer6184@example.com,333998798
6185,John,Clark,customer6185@example.com,534975269
6186,Lucas,Thomas,customer6186@example.com,867654308
6187,Mia,Thomas,customer6187@example.com,507424954
6188,Amelia,Hall,customer6188@example.com,126066135
6189,Oscar,Thomas,customer6189@example.com,793075924
6190,Noah,Walker,customer6190@example.com,865652721
6191,Emma,Lopez,customer6191@example.com,713811510
6192,Sarah,Clark,customer6192@example.com,509064426
6193,Emma,Hall,customer6193@example.com,568464805
6194,James,Lee,customer6194@example.com,196057919
6195,Anna,Martin,customer6195@example.com,473909171
6196,Isabella,Martin,customer6196@example.com,493628113
6197,Lucas,Hall,customer6197@example.com,269756649
6198,Sophia,Thomas,customer6198@example.com,728670022
6199,Daniel,Adams,customer6199@example.com,670088786
6200,Mason,Johnson,customer6200@example.com,509572465
6201,Sarah,Johnson,customer6201@example.com,916806401
6202,Isabella,Brown,customer6202@example.com,859247723
6203,Sophia,Brown,customer6203@example.com,760834357
6204,Nina,Johnson,customer6204@example.com,368855421
6205,Noah,Young,customer6205@example.com,373960211
6206,James,Wilson,customer6206@example.com,414770435
6207,Ava,Lee,customer6207@example.com,399051550
6208,Sophia,Thomas,customer6208@example.com,539659024
6209,Mia,Taylor,customer6209@example.com,658891180
6210,Noah,Thomas,customer6210@example.com,199075213
6211,Amelia,Johnson,customer6211@example.com,714834284
6212,Sophia,Garcia,customer6212@example.com,688344539
6213,Laura,Lee,customer6213@example.com,280309400
6214,Isabella,Smith,customer6214@example.com,967292114
6215,Mason,Adams,customer6215@example.com,865072262
6216,Noah,Brown,customer6216@example.com,929826679
6217,Olivia,Martin,customer6217@example.com,977558198
6218,Sophia,King,customer6218@example.com,233291386
6219,James,King,customer6219@example.com,916967506
6220,Sarah,Taylor,customer6220@example.com,263980356
6221,Nina,Taylor,customer6221@example.com,363760967
6222,Emma,Miller,customer6222@example.com,284462987
6223,Lucas,Young,customer6223@example.com,973280418
6224,Emma,Young,customer6224@example.com,641713214
6225,Liam,Lopez,customer6225@example.com,244900502
6226,Sophia,Johnson,customer6226@example.com,603656740
6227,Ava,Wilson,customer6227@example.com,359765594
6228,Amelia,Clark,customer6228@example.com,716182316
6229,Lucas,Walker,customer6229@example.com,363913847
6230,James,Taylor,customer6230@example.com,862581310
6231,Olivia,Thomas,customer6231@example.com,274039487
6232,Amelia,Johnson,customer6232@example.com,172020184
6233,David,Wilson,customer6233@example.com,100615675
6234,Mia,Walker,customer6234@example.com,667894591
6235,Laura,Lopez,customer6235@example.com,690897037
6236,Nina,Lopez,customer6236@example.com,663768984
6237,James,Young,customer6237@example.com,480035335
6238,Amelia,Scott,customer6238@example.com,871328723
6239,David,Martin,customer6239@example.com,662072076
6240,Anna,Taylor,customer6240@example.com,640255935
6241,Laura,Wilson,customer6241@example.com,964189002
6242,Liam,Anderson,customer6242@example.com,178830977
6243,Amelia,Clark,customer6243@example.com,420449851
6244,Olivia,Adams,customer6244@example.com,542825092
6245,David,Lopez,customer6245@example.com,421604966
6246,Sarah,Smith,customer6246@example.com,437740312
6247,Laura,Anderson,customer6247@example.com,905640705
6248,Emma,Anderson,customer6248@example.com,567654869
6249,Ava,Walker,customer6249@example.com,733969290
6250,Ava,Garcia,customer6250@example.com,525589139
6251,Isabella,Wilson,customer6251@example.com,117585787
6252,Isabella,Walker,customer6252@example.com,371570728
6253,Laura,Lopez,customer6253@example.com,600738478
6254,James,Clark,customer6254@example.com,319786814
6255,James,Wilson,customer6255@example.com,546461873
6256,Liam,Thomas,customer6256@example.com,256269664
6257,Olivia,Garcia,customer6257@example.com,501617715
6258,Liam,Clark,customer6258@example.com,599385959
6259,David,Lee,customer6259@example.com,183884443
6260,Amelia,Garcia,customer6260@example.com,480936094
6261,Daniel,King,customer6261@example.com,612290927
6262,Liam,Hall,customer6262@example.com,172752081
6263,Sarah,Miller,customer6263@example.com,307746818
6264,Mia,Young,customer6264@example.com,278182519
6265,Emma,Davis,customer6265@example.com,256700837
6266,Nina,Martin,customer6266@example.com,164303137
6267,Emma,Young,customer6267@example.com,334820678
6268,Daniel,Clark,customer6268@example.com,125919966
6269,James,Lopez,customer6269@example.com,458673718
6270,Amelia,Walker,customer6270@example.com,472508682
6271,Amelia,Miller,customer6271@example.com,405938220
6272,Sarah,Johnson,customer6272@example.com,960307675
6273,Daniel,Scott,customer6273@example.com,232389996
6274,James,Hall,customer6274@example.com,565368486
6275,Daniel,Johnson,customer6275@example.com,815455665
6276,Nina,Scott,customer6276@example.com,643257249
6277,Noah,Wilson,customer6277@example.com,985528811
6278,David,Miller,customer6278@example.com,809331304
6279,James,Martin,customer6279@example.com,254566722
6280,Ava,Anderson,customer6280@example.com,200061572
6281,Amelia,Lopez,customer6281@example.com,396094861
6282,David,Thomas,customer6282@example.com,144980819
6283,Liam,Garcia,customer6283@example.com,113008090
6284,Ava,Anderson,customer6284@example.com,549227674
6285,Oscar,Anderson,customer6285@example.com,548382828
6286,Ava,Lee,customer6286@example.com,687396879
6287,Oscar,Martin,customer6287@example.com,326147192
6288,Emma,Brown,customer6288@example.com,275440219
6289,Liam,Martin,customer6289@example.com,880865787
6290,Laura,Brown,customer6290@example.com,335250877
6291,James,Taylor,customer6291@example.com,822211420
6292,Laura,Davis,customer6292@example.com,185866627
6293,James,Miller,customer6293@example.com,762282187
6294,Sarah,Hall,customer6294@example.com,377114900
6295,Oscar,King,customer6295@example.com,688330371
6296,John,Miller,customer6296@example.com,665549649
6297,Ava,Scott,customer6297@example.com,658397591
6298,Lucas,Adams,customer6298@example.com,935689082
6299,Isabella,Thomas,customer6299@example.com,975026417
6300,Emma,Lee,customer6300@example.com,619042468
6301,Lucas,Miller,customer6301@example.com,646357450
6302,Mia,Hall,customer6302@example.com,877686278
6303,David,Johnson,customer6303@example.com,735325355
6304,Mia,Martin,customer6304@example.com,214350071
6305,Ava,King,customer6305@example.com,340115742
6306,Isabella,Thomas,customer6306@example.com,598589414
6307,Ava,Davis,customer6307@example.com,848807927
6308,Nina,Young,customer6308@example.com,489760664
6309,Anna,Lopez,customer6309@example.com,550210852
6310,Oscar,Miller,customer6310@example.com,421139569
6311,Noah,Thomas,customer6311@example.com,274424500
6312,Amelia,Hall,customer6312@example.com,811764494
6313,Noah,Miller,customer6313@example.com,161099173
6314,Anna,Lopez,customer6314@example.com,975164910
6315,Anna,Wilson,customer6315@example.com,544768448
6316,Laura,Smith,customer6316@example.com,458399824
6317,Sarah,Davis,customer6317@example.com,430720440
6318,Isabella,Hall,customer6318@example.com,628131485
6319,David,Scott,customer6319@example.com,329811428
6320,David,Lee,customer6320@example.com,352448868
6321,Mia,Thomas,customer6321@example.com,755597471
6322,Sophia,Miller,customer6322@example.com,270931110
6323,Amelia,Miller,customer6323@example.com,737207839
6324,David,Brown,customer6324@example.com,208082677
6325,Noah,Brown,customer6325@example.com,954907113
6326,Emma,Wilson,customer6326@example.com,680218353
6327,Anna,Hall,customer6327@example.com,199122523
6328,Ava,Johnson,customer6328@example.com,102241181
6329,Laura,Taylor,customer6329@example.com,135094854
6330,Ava,Garcia,customer6330@example.com,493813053
6331,Sarah,Scott,customer6331@example.com,193974088
6332,Liam,Taylor,customer6332@example.com,432610204
6333,John,Davis,customer6333@example.com,141813915
6334,Oscar,Brown,customer6334@example.com,142427534
6335,Amelia,Smith,customer6335@example.com,982003508
6336,Mason,Taylor,customer6336@example.com,519687196
6337,Laura,Davis,customer6337@example.com,387043716
6338,Oscar,Garcia,customer6338@example.com,760818388
6339,Daniel,Brown,customer6339@example.com,993140824
6340,Amelia,Garcia,customer6340@example.com,248837806
6341,Noah,Walker,customer6341@example.com,750867643
6342,Lucas,Taylor,customer6342@example.com,790914237
6343,Daniel,Davis,customer6343@example.com,633022104
6344,Amelia,Thomas,customer6344@example.com,839842506
6345,Mia,Johnson,customer6345@example.com,522403027
6346,John,Taylor,customer6346@example.com,846152610
6347,Laura,Walker,customer6347@example.com,485206943
6348,Daniel,Garcia,customer6348@example.com,415307795
6349,David,Lee,customer6349@example.com,966472993
6350,Isabella,Garcia,customer6350@example.com,815386249
6351,John,Anderson,customer6351@example.com,358429557
6352,James,Wilson,customer6352@example.com,855092420
6353,Ava,Johnson,customer6353@example.com,185312145
6354,Liam,Scott,customer6354@example.com,226398892
6355,Ava,Davis,customer6355@example.com,582024385
6356,Ava,Wilson,customer6356@example.com,876068092
6357,Noah,Garcia,customer6357@example.com,927174952
6358,John,Miller,customer6358@example.com,721986753
6359,Isabella,Hall,customer6359@example.com,567437221
6360,Anna,Davis,customer6360@example.com,791823689
6361,Nina,Scott,customer6361@example.com,424856288
6362,Mason,Hall,customer6362@example.com,804569703
6363,Liam,Clark,customer6363@example.com,268073839
6364,David,Anderson,customer6364@example.com,470532888
6365,Noah,Johnson,customer6365@example.com,133693489
6366,Lucas,Lopez,customer6366@example.com,300319944
6367,Laura,Walker,customer6367@example.com,806875860
6368,David,Miller,customer6368@example.com,582767472
6369,Ava,Miller,customer6369@example.com,900239651
6370,Anna,Miller,customer6370@example.com,906932134
6371,Oscar,Taylor,customer6371@example.com,107987240
6372,Sophia,Martin,customer6372@example.com,546462966
6373,Noah,Hall,customer6373@example.com,459227061
6374,Ava,Johnson,customer6374@example.com,250689986
6375,Isabella,Young,customer6375@example.com,748456134
6376,Laura,Martin,customer6376@example.com,317170067
6377,Sophia,Lee,customer6377@example.com,141284391
6378,Emma,Clark,customer6378@example.com,863822586
6379,John,Adams,customer6379@example.com,500531359
6380,John,Smith,customer6380@example.com,212310447
6381,Laura,Young,customer6381@example.com,316587933
6382,Mason,Wilson,customer6382@example.com,457038397
6383,Daniel,Martin,customer6383@example.com,670016358
6384,David,Young,customer6384@example.com,734031447
6385,Amelia,Adams,customer6385@example.com,311163153
6386,Anna,Johnson,customer6386@example.com,588501521
6387,Oscar,King,customer6387@example.com,411592665
6388,Nina,Walker,customer6388@example.com,147796183
6389,Mia,Miller,customer6389@example.com,119235979
6390,Anna,Scott,customer6390@example.com,773282001
6391,Noah,Hall,customer6391@example.com,990725496
6392,Anna,Walker,customer6392@example.com,753651567
6393,Oscar,Thomas,customer6393@example.com,438421460
6394,Oscar,Thomas,customer6394@example.com,582401429
6395,Lucas,Garcia,customer6395@example.com,800138394
6396,Liam,Thomas,customer6396@example.com,817723635
6397,Oscar,Martin,customer6397@example.com,523926776
6398,Lucas,Smith,customer6398@example.com,669880762
6399,Isabella,Johnson,customer6399@example.com,338156941
6400,James,Thomas,customer6400@example.com,526254224
6401,Emma,Lee,customer6401@example.com,151285942
6402,Noah,Martin,customer6402@example.com,674728504
6403,Nina,Lee,customer6403@example.com,117548599
6404,Daniel,Garcia,customer6404@example.com,925601009
6405,Amelia,Johnson,customer6405@example.com,633258413
6406,Oscar,Anderson,customer6406@example.com,673474779
6407,Nina,Garcia,customer6407@example.com,937169446
6408,Olivia,Thomas,customer6408@example.com,517714041
6409,Nina,Miller,customer6409@example.com,290306476
6410,Nina,Anderson,customer6410@example.com,115259323
6411,Anna,Brown,customer6411@example.com,453019287
6412,Isabella,Hall,customer6412@example.com,122216686
6413,Olivia,Wilson,customer6413@example.com,904673125
6414,Lucas,Taylor,customer6414@example.com,805939260
6415,Mia,Martin,customer6415@example.com,546220954
6416,Sophia,Lee,customer6416@example.com,319143540
6417,Sophia,Clark,customer6417@example.com,204801830
6418,Mia,Garcia,customer6418@example.com,682311168
6419,Nina,Brown,customer6419@example.com,181846798
6420,Ava,Davis,customer6420@example.com,103573647
6421,Isabella,Brown,customer6421@example.com,936085035
6422,Lucas,Taylor,customer6422@example.com,221730927
6423,James,Miller,customer6423@example.com,230394179
6424,Daniel,King,customer6424@example.com,599609090
6425,Daniel,Davis,customer6425@example.com,616729526
6426,Amelia,Martin,customer6426@example.com,943420985
6427,Noah,Clark,customer6427@example.com,947182332
6428,Noah,Clark,customer6428@example.com,289406490
6429,David,Anderson,customer6429@example.com,685516192
6430,Lucas,Smith,customer6430@example.com,766087112
6431,Noah,Brown,customer6431@example.com,274259849
6432,Ava,Miller,customer6432@example.com,272163578
6433,Daniel,King,customer6433@example.com,308488923
6434,Laura,Clark,customer6434@example.com,131985809
6435,John,Lopez,customer6435@example.com,951117899
6436,Anna,Davis,customer6436@example.com,966804968
6437,Daniel,Lopez,customer6437@example.com,328019798
6438,Sophia,Anderson,customer6438@example.com,766874289
6439,Laura,Scott,customer6439@example.com,902873636
6440,Noah,Thomas,customer6440@example.com,996049540
6441,Laura,King,customer6441@example.com,927682093
6442,James,Lopez,customer6442@example.com,445974650
6443,Sarah,Anderson,customer6443@example.com,145059179
6444,Liam,Walker,customer6444@example.com,301949932
6445,Emma,Scott,customer6445@example.com,481630889
6446,Emma,Clark,customer6446@example.com,796554388
6447,John,Lee,customer6447@example.com,905019323
6448,Emma,Miller,customer6448@example.com,597659232
6449,Noah,Wilson,customer6449@example.com,203054899
6450,Amelia,Young,customer6450@example.com,702811853
6451,Olivia,Scott,customer6451@example.com,245782248
6452,Laura,Hall,customer6452@example.com,694407432
6453,Nina,Miller,customer6453@example.com,228583854
6454,Amelia,Johnson,customer6454@example.com,944118078
6455,John,Thomas,customer6455@example.com,435069915
6456,Nina,Lee,customer6456@example.com,415090954
6457,Liam,Davis,customer6457@example.com,158962391
6458,Mia,Wilson,customer6458@example.com,847224210
6459,Lucas,Lopez,customer6459@example.com,264321971
6460,Lucas,Miller,customer6460@example.com,542413659
6461,Noah,Young,customer6461@example.com,490611429
6462,Noah,Hall,customer6462@example.com,431126013
6463,Mia,Lee,customer6463@example.com,124408555
6464,Emma,Garcia,customer6464@example.com,451923008
6465,Sophia,Brown,customer6465@example.com,247558675
6466,Daniel,Adams,customer6466@example.com,743757550
6467,Olivia,Clark,customer6467@example.com,221734605
6468,Olivia,Martin,customer6468@example.com,924632414
6469,John,Miller,customer6469@example.com,232850821
6470,Sophia,Scott,customer6470@example.com,327966627
6471,Oscar,Brown,customer6471@example.com,348592047
6472,Liam,Martin,customer6472@example.com,434458248
6473,Nina,King,customer6473@example.com,185537642
6474,Nina,Scott,customer6474@example.com,841399637
6475,Nina,Garcia,customer6475@example.com,693099275
6476,Mia,Davis,customer6476@example.com,533415651
6477,Liam,Garcia,customer6477@example.com,551155345
6478,Noah,Miller,customer6478@example.com,388888289
6479,Liam,Wilson,customer6479@example.com,173817121
6480,Olivia,Scott,customer6480@example.com,104305118
6481,Olivia,Hall,customer6481@example.com,145660707
6482,Laura,Clark,customer6482@example.com,535927034
6483,Nina,Davis,customer6483@example.com,383770911
6484,Sophia,Scott,customer6484@example.com,702573674
6485,Isabella,Brown,customer6485@example.com,458697233
6486,Sophia,Taylor,customer6486@example.com,796306277
6487,Oscar,Davis,customer6487@example.com,777358085
6488,Emma,Hall,customer6488@example.com,334524411
6489,Ava,Taylor,customer6489@example.com,892272930
6490,Daniel,Thomas,customer6490@example.com,537990559
6491,Emma,Young,customer6491@example.com,393469118
6492,Oscar,Anderson,customer6492@example.com,628981921
6493,Nina,Thomas,customer6493@example.com,163749838
6494,Anna,Anderson,customer6494@example.com,758480719
6495,David,Anderson,customer6495@example.com,985864250
6496,Daniel,Garcia,customer6496@example.com,469654813
6497,Ava,Lopez,customer6497@example.com,734334597
6498,Anna,Scott,customer6498@example.com,408875535
6499,Lucas,Thomas,customer6499@example.com,761838191
6500,Olivia,Lee,customer6500@example.com,373803392
6501,Amelia,Hall,customer6501@example.com,101559757
6502,Olivia,Lopez,customer6502@example.com,734299414
6503,Mason,Martin,customer6503@example.com,842277684
6504,Ava,Scott,customer6504@example.com,297952816
6505,Oscar,Davis,customer6505@example.com,820506291
6506,Isabella,Wilson,customer6506@example.com,863503662
6507,Liam,Thomas,customer6507@example.com,368431133
6508,Liam,Brown,customer6508@example.com,834512606
6509,David,Wilson,customer6509@example.com,334221394
6510,Lucas,Davis,customer6510@example.com,716944919
6511,Emma,Anderson,customer6511@example.com,870126834
6512,Olivia,Smith,customer6512@example.com,543837453
6513,Olivia,Miller,customer6513@example.com,321548851
6514,James,Wilson,customer6514@example.com,257826680
6515,Olivia,Clark,customer6515@example.com,449085932
6516,Anna,Lopez,customer6516@example.com,808154449
6517,Daniel,Martin,customer6517@example.com,576109760
6518,Mason,Wilson,customer6518@example.com,322029909
6519,David,Clark,customer6519@example.com,301864207
6520,Isabella,Hall,customer6520@example.com,624966887
6521,Lucas,Lee,customer6521@example.com,152541869
6522,Lucas,Smith,customer6522@example.com,565245234
6523,James,Taylor,customer6523@example.com,165932686
6524,Liam,Walker,customer6524@example.com,662943505
6525,Mia,Anderson,customer6525@example.com,543889537
6526,Olivia,Garcia,customer6526@example.com,251073179
6527,Mia,Martin,customer6527@example.com,290116812
6528,Anna,Smith,customer6528@example.com,608131097
6529,Daniel,Brown,customer6529@example.com,729732882
6530,James,Clark,customer6530@example.com,425553894
6531,Isabella,Walker,customer6531@example.com,315740509
6532,Lucas,Hall,customer6532@example.com,519398085
6533,Lucas,Taylor,customer6533@example.com,615772199
6534,Isabella,Walker,customer6534@example.com,243330292
6535,Emma,Thomas,customer6535@example.com,792800081
6536,Laura,Lopez,customer6536@example.com,335012974
6537,Nina,Young,customer6537@example.com,789222523
6538,Ava,Davis,customer6538@example.com,387414693
6539,Sarah,Young,customer6539@example.com,373601416
6540,Olivia,Martin,customer6540@example.com,806837607
6541,Daniel,Garcia,customer6541@example.com,901444044
6542,David,Smith,customer6542@example.com,167611134
6543,Oscar,Davis,customer6543@example.com,359014195
6544,Mia,Martin,customer6544@example.com,969419657
6545,Isabella,King,customer6545@example.com,758841666
6546,Oscar,Young,customer6546@example.com,296438104
6547,Laura,Young,customer6547@example.com,103619410
6548,Ava,Smith,customer6548@example.com,451518025
6549,Nina,Lee,customer6549@example.com,709832815
6550,John,Smith,customer6550@example.com,616490490
6551,Mason,Taylor,customer6551@example.com,216464728
6552,Mia,Lee,customer6552@example.com,369689276
6553,Lucas,Scott,customer6553@example.com,314175750
6554,David,Adams,customer6554@example.com,706895705
6555,Oscar,Clark,customer6555@example.com,203175779
6556,David,Hall,customer6556@example.com,770679790
6557,Mason,Thomas,customer6557@example.com,448660139
6558,Liam,Miller,customer6558@example.com,483197683
6559,Laura,Thomas,customer6559@example.com,671752477
6560,John,Hall,customer6560@example.com,344359676
6561,Anna,King,customer6561@example.com,117643054
6562,Noah,Davis,customer6562@example.com,706834809
6563,Ava,Thomas,customer6563@example.com,541023669
6564,Liam,Anderson,customer6564@example.com,601526417
6565,Anna,King,customer6565@example.com,893082214
6566,Noah,Davis,customer6566@example.com,831176039
6567,Nina,Walker,customer6567@example.com,871409377
6568,Ava,Thomas,customer6568@example.com,892447749
6569,Mason,Anderson,customer6569@example.com,498226134
6570,Olivia,Johnson,customer6570@example.com,375368117
6571,Emma,Scott,customer6571@example.com,539308778
6572,Olivia,Martin,customer6572@example.com,790436639
6573,Oscar,Walker,customer6573@example.com,324502708
6574,Noah,Miller,customer6574@example.com,354164898
6575,Amelia,Davis,customer6575@example.com,200405760
6576,Lucas,Adams,customer6576@example.com,676482414
6577,Isabella,Johnson,customer6577@example.com,611114494
6578,Lucas,King,customer6578@example.com,279355399
6579,Emma,Hall,customer6579@example.com,977317305
6580,Mason,Lee,customer6580@example.com,455133789
6581,Olivia,Brown,customer6581@example.com,640844247
6582,Oscar,Thomas,customer6582@example.com,718126104
6583,Lucas,Smith,customer6583@example.com,558601270
6584,Sarah,Clark,customer6584@example.com,908879120
6585,James,King,customer6585@example.com,847258823
6586,Sophia,Smith,customer6586@example.com,893388588
6587,Olivia,Scott,customer6587@example.com,122936624
6588,Lucas,Anderson,customer6588@example.com,284756848
6589,Sophia,Thomas,customer6589@example.com,891857755
6590,Liam,Taylor,customer6590@example.com,310298839
6591,Mason,Anderson,customer6591@example.com,242408411
6592,Mia,Walker,customer6592@example.com,165793697
6593,James,Thomas,customer6593@example.com,764266315
6594,Ava,Johnson,customer6594@example.com,226568637
6595,Mason,Clark,customer6595@example.com,773376315
6596,Mia,Lee,customer6596@example.com,265280512
6597,Noah,Taylor,customer6597@example.com,608663769
6598,David,Smith,customer6598@example.com,284012669
6599,Sarah,Johnson,customer6599@example.com,672336241
6600,Sophia,Lee,customer6600@example.com,216527215
6601,Noah,Taylor,customer6601@example.com,327402604
6602,Noah,Wilson,customer6602@example.com,545659596
6603,Olivia,Lee,customer6603@example.com,346162961
6604,Sophia,Martin,customer6604@example.com,866326329
6605,Daniel,King,customer6605@example.com,827075412
6606,Daniel,Scott,customer6606@example.com,728805189
6607,John,Walker,customer6607@example.com,269003911
6608,Amelia,King,customer6608@example.com,809224320
6609,Oscar,Anderson,customer6609@example.com,582172975
6610,Anna,Taylor,customer6610@example.com,756001230
6611,James,Martin,customer6611@example.com,439012725
6612,Lucas,Adams,customer6612@example.com,329938696
6613,Emma,Anderson,customer6613@example.com,535741785
6614,Mia,Lopez,customer6614@example.com,929527906
6615,Nina,Walker,customer6615@example.com,197737072
6616,Oscar,Davis,customer6616@example.com,955344669
6617,Ava,Johnson,customer6617@example.com,346679107
6618,Nina,Davis,customer6618@example.com,701365049
6619,Laura,Lopez,customer6619@example.com,797562046
6620,Oscar,Wilson,customer6620@example.com,156727602
6621,Daniel,Taylor,customer6621@example.com,678774087
6622,Isabella,Wilson,customer6622@example.com,358216558
6623,Liam,Young,customer6623@example.com,751655410
6624,Nina,Brown,customer6624@example.com,359302997
6625,Nina,King,customer6625@example.com,189730334
6626,John,Young,customer6626@example.com,677207606
6627,Noah,Martin,customer6627@example.com,380397148
6628,John,King,customer6628@example.com,246222107
6629,Sophia,Johnson,customer6629@example.com,559261608
6630,Laura,Anderson,customer6630@example.com,250015073
6631,Isabella,Brown,customer6631@example.com,656150018
6632,Ava,Adams,customer6632@example.com,574967169
6633,Noah,Lee,customer6633@example.com,874081780
6634,Nina,Brown,customer6634@example.com,892143483
6635,John,Walker,customer6635@example.com,276775091
6636,Lucas,Miller,customer6636@example.com,132169436
6637,Liam,Smith,customer6637@example.com,937569689
6638,Emma,Smith,customer6638@example.com,969298674
6639,Emma,Brown,customer6639@example.com,446278097
6640,Sophia,Scott,customer6640@example.com,187040951
6641,Noah,Anderson,customer6641@example.com,616233458
6642,Olivia,Walker,customer6642@example.com,941437433
6643,Nina,Clark,customer6643@example.com,161469115
6644,Amelia,Smith,customer6644@example.com,872262401
6645,Ava,Clark,customer6645@example.com,435913717
6646,David,Davis,customer6646@example.com,953291422
6647,Daniel,Garcia,customer6647@example.com,908022221
6648,Mia,Martin,customer6648@example.com,271019647
6649,Noah,King,customer6649@example.com,972700716
6650,Ava,Adams,customer6650@example.com,817413695
6651,Oscar,King,customer6651@example.com,611936846
6652,Mia,Hall,customer6652@example.com,660731775
6653,Noah,Wilson,customer6653@example.com,288683245
6654,Mia,Young,customer6654@example.com,767496930
6655,Liam,Miller,customer6655@example.com,507426246
6656,Laura,Johnson,customer6656@example.com,644541387
6657,Anna,Walker,customer6657@example.com,128187183
6658,Liam,Adams,customer6658@example.com,152455667
6659,Emma,Martin,customer6659@example.com,363724780
6660,David,Clark,customer6660@example.com,783616973
6661,John,Brown,customer6661@example.com,488121954
6662,Daniel,Martin,customer6662@example.com,669120990
6663,Ava,Lopez,customer6663@example.com,505575023
6664,Oscar,Davis,customer6664@example.com,353190231
6665,Anna,Wilson,customer6665@example.com,956523994
6666,Lucas,Young,customer6666@example.com,344646436
6667,John,Clark,customer6667@example.com,810091140
6668,Liam,Clark,customer6668@example.com,432995650
6669,Sophia,Scott,customer6669@example.com,503002716
6670,Liam,King,customer6670@example.com,866961022
6671,Liam,Hall,customer6671@example.com,156947746
6672,Anna,Anderson,customer6672@example.com,358116644
6673,Anna,Adams,customer6673@example.com,759501682
6674,Nina,Walker,customer6674@example.com,763670265
6675,Sarah,Smith,customer6675@example.com,929322190
6676,Amelia,Young,customer6676@example.com,298391447
6677,Ava,Brown,customer6677@example.com,165188767
6678,Lucas,Johnson,customer6678@example.com,231437224
6679,David,Martin,customer6679@example.com,996465129
6680,Daniel,Davis,customer6680@example.com,696778659
6681,Daniel,Smith,customer6681@example.com,380899257
6682,Lucas,Taylor,customer6682@example.com,687849670
6683,Laura,Hall,customer6683@example.com,367378177
6684,Daniel,Anderson,customer6684@example.com,505968811
6685,Mason,Young,customer6685@example.com,795508282
6686,Noah,Lopez,customer6686@example.com,387547461
6687,Isabella,Wilson,customer6687@example.com,822628024
6688,Noah,Wilson,customer6688@example.com,848016381
6689,David,Adams,customer6689@example.com,827892854
6690,Mia,Taylor,customer6690@example.com,660196312
6691,Oscar,Garcia,customer6691@example.com,537701423
6692,Mia,Taylor,customer6692@example.com,122236522
6693,Isabella,Lee,customer6693@example.com,912263630
6694,Ava,Clark,customer6694@example.com,875509468
6695,Daniel,Lee,customer6695@example.com,329645802
6696,Olivia,Garcia,customer6696@example.com,935687722
6697,Lucas,Brown,customer6697@example.com,596031443
6698,Liam,Lopez,customer6698@example.com,413130296
6699,David,Taylor,customer6699@example.com,480830539
6700,Sarah,Garcia,customer6700@example.com,145439893
6701,Sophia,Lopez,customer6701@example.com,946816175
6702,Isabella,Clark,customer6702@example.com,464997824
6703,Nina,Taylor,customer6703@example.com,415500894
6704,Mason,Smith,customer6704@example.com,817972904
6705,Noah,Hall,customer6705@example.com,505091795
6706,Mia,Lee,customer6706@example.com,950504212
6707,Lucas,Garcia,customer6707@example.com,650808238
6708,Oscar,Young,customer6708@example.com,642471905
6709,Emma,Thomas,customer6709@example.com,884669128
6710,Olivia,Clark,customer6710@example.com,359247864
6711,Nina,Young,customer6711@example.com,657000250
6712,Sophia,Martin,customer6712@example.com,456000421
6713,Ava,Walker,customer6713@example.com,755084768
6714,Liam,Miller,customer6714@example.com,140309322
6715,Mia,Johnson,customer6715@example.com,412862865
6716,Isabella,Anderson,customer6716@example.com,332071545
6717,Mason,Clark,customer6717@example.com,308659087
6718,Daniel,Martin,customer6718@example.com,730416968
6719,John,Davis,customer6719@example.com,523827368
6720,Isabella,Wilson,customer6720@example.com,965380065
6721,Olivia,Brown,customer6721@example.com,201549009
6722,Amelia,Walker,customer6722@example.com,665015203
6723,James,Davis,customer6723@example.com,684521339
6724,Liam,Adams,customer6724@example.com,313265406
6725,Isabella,Scott,customer6725@example.com,198160064
6726,Mason,Hall,customer6726@example.com,332768176
6727,Ava,Lopez,customer6727@example.com,791520049
6728,John,Thomas,customer6728@example.com,142102640
6729,Anna,Johnson,customer6729@example.com,876702762
6730,Noah,Brown,customer6730@example.com,905351935
6731,Amelia,Young,customer6731@example.com,633291486
6732,John,Lopez,customer6732@example.com,202335967
6733,James,Young,customer6733@example.com,537224982
6734,Nina,Young,customer6734@example.com,109000052
6735,Emma,Taylor,customer6735@example.com,324093733
6736,Emma,Smith,customer6736@example.com,729309655
6737,Olivia,Miller,customer6737@example.com,936050835
6738,Anna,Davis,customer6738@example.com,690279296
6739,Ava,Adams,customer6739@example.com,662500855
6740,Emma,Thomas,customer6740@example.com,839160327
6741,David,Miller,customer6741@example.com,607099287
6742,Laura,Martin,customer6742@example.com,883038200
6743,Mia,Adams,customer6743@example.com,228527911
6744,Anna,Smith,customer6744@example.com,766856058
6745,Mason,Lopez,customer6745@example.com,495034822
6746,Amelia,Clark,customer6746@example.com,243802269
6747,Liam,Brown,customer6747@example.com,434178367
6748,Amelia,Brown,customer6748@example.com,968134885
6749,Olivia,Young,customer6749@example.com,786430773
6750,Oscar,Garcia,customer6750@example.com,216883389
6751,Nina,Garcia,customer6751@example.com,342498240
6752,Isabella,Lopez,customer6752@example.com,668963471
6753,Laura,Miller,customer6753@example.com,999865695
6754,Emma,Scott,customer6754@example.com,249565423
6755,Anna,Anderson,customer6755@example.com,283181090
6756,Sophia,Anderson,customer6756@example.com,751297789
6757,Amelia,Young,customer6757@example.com,258787439
6758,Noah,Thomas,customer6758@example.com,584571024
6759,Lucas,Miller,customer6759@example.com,462596911
6760,Anna,Brown,customer6760@example.com,199025561
6761,Lucas,Johnson,customer6761@example.com,846698400
6762,Mia,Wilson,customer6762@example.com,658002408
6763,Nina,Lee,customer6763@example.com,902241177
6764,Liam,Clark,customer6764@example.com,776970557
6765,Emma,Miller,customer6765@example.com,355173296
6766,Laura,Lopez,customer6766@example.com,560280392
6767,Anna,Johnson,customer6767@example.com,657636273
6768,Olivia,Davis,customer6768@example.com,901379606
6769,Ava,Lee,customer6769@example.com,937848006
6770,Emma,Johnson,customer6770@example.com,307166213
6771,Liam,Young,customer6771@example.com,318165239
6772,Sarah,Lopez,customer6772@example.com,527167042
6773,Amelia,Brown,customer6773@example.com,978505819
6774,Emma,Lopez,customer6774@example.com,265347454
6775,James,Brown,customer6775@example.com,444003485
6776,Mason,Davis,customer6776@example.com,288450446
6777,Mason,Martin,customer6777@example.com,465644957
6778,Sarah,Johnson,customer6778@example.com,977674073
6779,Anna,Young,customer6779@example.com,690870883
6780,Sophia,Lee,customer6780@example.com,714224890
6781,Olivia,Hall,customer6781@example.com,772568561
6782,Laura,Lee,customer6782@example.com,919320828
6783,Nina,Wilson,customer6783@example.com,766985517
6784,Mason,Young,customer6784@example.com,992699868
6785,Lucas,Garcia,customer6785@example.com,904944886
6786,Liam,Davis,customer6786@example.com,359953022
6787,Mia,King,customer6787@example.com,105324697
6788,Daniel,Walker,customer6788@example.com,937779825
6789,Mason,Miller,customer6789@example.com,420447786
6790,Isabella,Hall,customer6790@example.com,816300459
6791,Nina,Young,customer6791@example.com,246560683
6792,Anna,Johnson,customer6792@example.com,327591123
6793,Isabella,Clark,customer6793@example.com,759823520
6794,Olivia,Johnson,customer6794@example.com,210031414
6795,Sarah,Walker,customer6795@example.com,842071325
6796,Emma,Adams,customer6796@example.com,982891591
6797,Liam,Young,customer6797@example.com,495397717
6798,Oscar,Scott,customer6798@example.com,859723045
6799,Noah,Garcia,customer6799@example.com,406837202
6800,Oscar,Taylor,customer6800@example.com,116936434
6801,James,Martin,customer6801@example.com,725883149
6802,Sophia,Lopez,customer6802@example.com,911983662
6803,Amelia,Scott,customer6803@example.com,769773919
6804,Anna,Adams,customer6804@example.com,714948323
6805,David,Garcia,customer6805@example.com,991508710
6806,Nina,Adams,customer6806@example.com,915501167
6807,Amelia,Walker,customer6807@example.com,196265979
6808,Daniel,Garcia,customer6808@example.com,255886966
6809,Nina,Clark,customer6809@example.com,721996718
6810,David,Scott,customer6810@example.com,366503598
6811,Ava,Miller,customer6811@example.com,707029070
6812,Olivia,Garcia,customer6812@example.com,122842097
6813,Daniel,Garcia,customer6813@example.com,711476141
6814,Amelia,Anderson,customer6814@example.com,288037595
6815,Mason,Davis,customer6815@example.com,298593487
6816,Isabella,Garcia,customer6816@example.com,938085684
6817,Ava,Lee,customer6817@example.com,534019517
6818,Oscar,King,customer6818@example.com,158811546
6819,Anna,Adams,customer6819@example.com,851273091
6820,Emma,King,customer6820@example.com,607855782
6821,Ava,Lopez,customer6821@example.com,787451903
6822,Olivia,Walker,customer6822@example.com,920115002
6823,Anna,Smith,customer6823@example.com,789273480
6824,James,Taylor,customer6824@example.com,904529581
6825,Mason,Garcia,customer6825@example.com,703077460
6826,Isabella,Young,customer6826@example.com,751472531
6827,Isabella,Miller,customer6827@example.com,819564389
6828,Amelia,Clark,customer6828@example.com,798135755
6829,Isabella,Young,customer6829@example.com,248738005
6830,Nina,Smith,customer6830@example.com,997617294
6831,Mia,Smith,customer6831@example.com,470100429
6832,Anna,Davis,customer6832@example.com,252961256
6833,Oscar,Adams,customer6833@example.com,566163091
6834,John,Smith,customer6834@example.com,689755049
6835,Ava,Lopez,customer6835@example.com,734057571
6836,Sarah,King,customer6836@example.com,826444529
6837,Ava,Lee,customer6837@example.com,809655953
6838,Lucas,Brown,customer6838@example.com,941385000
6839,Nina,Lopez,customer6839@example.com,715160949
6840,David,Clark,customer6840@example.com,536932332
6841,Noah,Anderson,customer6841@example.com,116034290
6842,Nina,Hall,customer6842@example.com,968380260
6843,Anna,Davis,customer6843@example.com,821566976
6844,Ava,Anderson,customer6844@example.com,966759262
6845,Daniel,Miller,customer6845@example.com,713650989
6846,John,Davis,customer6846@example.com,370508353
6847,Mason,Martin,customer6847@example.com,528069177
6848,Nina,Wilson,customer6848@example.com,358343141
6849,Oscar,Garcia,customer6849@example.com,646568148
6850,Lucas,Johnson,customer6850@example.com,131626098
6851,Sophia,Hall,customer6851@example.com,907811245
6852,Isabella,Smith,customer6852@example.com,106993632
6853,Daniel,Lee,customer6853@example.com,744666473
6854,David,Lopez,customer6854@example.com,167221562
6855,Liam,Davis,customer6855@example.com,995189586
6856,David,Young,customer6856@example.com,316958854
6857,Noah,Brown,customer6857@example.com,817597823
6858,Mason,Adams,customer6858@example.com,459532761
6859,Emma,Johnson,customer6859@example.com,171105799
6860,David,Young,customer6860@example.com,160114780
6861,Amelia,Martin,customer6861@example.com,186011482
6862,Mia,Adams,customer6862@example.com,178557956
6863,John,Johnson,customer6863@example.com,586552040
6864,Anna,Taylor,customer6864@example.com,775960462
6865,Daniel,Anderson,customer6865@example.com,725414272
6866,James,Lee,customer6866@example.com,773212157
6867,Ava,Johnson,customer6867@example.com,883806173
6868,Sarah,Thomas,customer6868@example.com,784513511
6869,Lucas,Martin,customer6869@example.com,118058086
6870,Laura,Walker,customer6870@example.com,575340078
6871,Amelia,Garcia,customer6871@example.com,519551700
6872,Sophia,Johnson,customer6872@example.com,866990285
6873,James,Wilson,customer6873@example.com,879559338
6874,David,Lee,customer6874@example.com,820903200
6875,Ava,Adams,customer6875@example.com,247309981
6876,Sarah,Smith,customer6876@example.com,696425455
6877,Noah,Hall,customer6877@example.com,878450112
6878,Laura,Lopez,customer6878@example.com,151212235
6879,Sophia,Scott,customer6879@example.com,850846526
6880,Amelia,Brown,customer6880@example.com,925828938
6881,Lucas,Smith,customer6881@example.com,526574971
6882,Daniel,King,customer6882@example.com,382178361
6883,Noah,Anderson,customer6883@example.com,313072521
6884,Mason,Walker,customer6884@example.com,349229549
6885,Noah,Wilson,customer6885@example.com,437369840
6886,Sarah,Taylor,customer6886@example.com,317560037
6887,Sarah,Lopez,customer6887@example.com,216730003
6888,James,King,customer6888@example.com,184987555
6889,James,Smith,customer6889@example.com,320027996
6890,Sophia,Davis,customer6890@example.com,184390294
6891,Amelia,Taylor,customer6891@example.com,100498689
6892,David,Davis,customer6892@example.com,335011022
6893,Anna,Thomas,customer6893@example.com,986016715
6894,Daniel,Miller,customer6894@example.com,242116467
6895,James,Hall,customer6895@example.com,686384137
6896,Oscar,Clark,customer6896@example.com,503706644
6897,Olivia,Anderson,customer6897@example.com,334348150
6898,James,Brown,customer6898@example.com,817126543
6899,Nina,Garcia,customer6899@example.com,429744237
6900,Lucas,Scott,customer6900@example.com,152811136
6901,Sophia,Scott,customer6901@example.com,446842944
6902,Liam,Wilson,customer6902@example.com,524759964
6903,Mia,Young,customer6903@example.com,146172245
6904,Olivia,Lee,customer6904@example.com,395699678
6905,Mia,Johnson,customer6905@example.com,353948002
6906,James,Anderson,customer6906@example.com,832344261
6907,Lucas,Davis,customer6907@example.com,527735336
6908,Laura,King,customer6908@example.com,216267573
6909,Ava,Walker,customer6909@example.com,895552988
6910,Laura,Young,customer6910@example.com,282877760
6911,Sophia,Brown,customer6911@example.com,115046900
6912,Sophia,Brown,customer6912@example.com,627824988
6913,Oscar,King,customer6913@example.com,988331077
6914,Sophia,Davis,customer6914@example.com,774595080
6915,Mason,Martin,customer6915@example.com,657727794
6916,Anna,Taylor,customer6916@example.com,714738446
6917,Nina,Miller,customer6917@example.com,888714879
6918,Laura,Adams,customer6918@example.com,570224835
6919,Isabella,Lee,customer6919@example.com,987269085
6920,Isabella,King,customer6920@example.com,360950819
6921,Olivia,Young,customer6921@example.com,290284883
6922,Nina,Miller,customer6922@example.com,538543191
6923,Emma,Miller,customer6923@example.com,345788402
6924,Oscar,Walker,customer6924@example.com,893264863
6925,Emma,Hall,customer6925@example.com,943539825
6926,Oscar,King,customer6926@example.com,872216788
6927,Anna,Lopez,customer6927@example.com,830944708
6928,Olivia,Walker,customer6928@example.com,613593535
6929,Liam,Lopez,customer6929@example.com,633074594
6930,Isabella,Lopez,customer6930@example.com,656496091
6931,Ava,Smith,customer6931@example.com,492008433
6932,Emma,Lopez,customer6932@example.com,680487005
6933,Ava,Brown,customer6933@example.com,807499801
6934,Sophia,Taylor,customer6934@example.com,340419612
6935,Sarah,Miller,customer6935@example.com,823576406
6936,Sophia,Brown,customer6936@example.com,522363610
6937,Sarah,Smith,customer6937@example.com,934605104
6938,John,King,customer6938@example.com,580265736
6939,Olivia,Martin,customer6939@example.com,534795306
6940,Oscar,Wilson,customer6940@example.com,886504775
6941,Noah,Young,customer6941@example.com,799329863
6942,Sophia,Brown,customer6942@example.com,712696696
6943,Ava,Miller,customer6943@example.com,709742590
6944,David,Walker,customer6944@example.com,910635367
6945,Amelia,Johnson,customer6945@example.com,698639425
6946,Oscar,King,customer6946@example.com,929541677
6947,Lucas,Thomas,customer6947@example.com,561667185
6948,Amelia,Adams,customer6948@example.com,681815214
6949,Mia,King,customer6949@example.com,117358415
6950,Sophia,Wilson,customer6950@example.com,140574697
6951,John,Johnson,customer6951@example.com,749792615
6952,Isabella,King,customer6952@example.com,565092207
6953,Amelia,Martin,customer6953@example.com,644774970
6954,Mia,Wilson,customer6954@example.com,420122455
6955,Amelia,Miller,customer6955@example.com,889656269
6956,Amelia,Young,customer6956@example.com,694359978
6957,Noah,Brown,customer6957@example.com,404476600
6958,Sarah,Walker,customer6958@example.com,772233081
6959,Nina,Young,customer6959@example.com,591650757
6960,Liam,Walker,customer6960@example.com,198425304
6961,Sarah,Taylor,customer6961@example.com,352630965
6962,Nina,Lopez,customer6962@example.com,580584473
6963,David,Hall,customer6963@example.com,310441319
6964,Nina,Taylor,customer6964@example.com,128151241
6965,Amelia,Walker,customer6965@example.com,395171674
6966,David,Brown,customer6966@example.com,759303485
6967,Noah,Walker,customer6967@example.com,631392957
6968,Amelia,King,customer6968@example.com,628786900
6969,David,King,customer6969@example.com,260972239
6970,Amelia,Scott,customer6970@example.com,568650265
6971,Daniel,Hall,customer6971@example.com,871526168
6972,Ava,Wilson,customer6972@example.com,443722233
6973,Daniel,Scott,customer6973@example.com,310618309
6974,Laura,Johnson,customer6974@example.com,948822987
6975,Nina,Miller,customer6975@example.com,831822410
6976,Daniel,Smith,customer6976@example.com,527986678
6977,Sophia,Thomas,customer6977@example.com,495868120
6978,Liam,Martin,customer6978@example.com,132102471
6979,Sarah,Lopez,customer6979@example.com,509030342
6980,Amelia,Miller,customer6980@example.com,836170723
6981,James,Scott,customer6981@example.com,141141272
6982,Emma,Davis,customer6982@example.com,280302367
6983,Lucas,King,customer6983@example.com,288878927
6984,John,Clark,customer6984@example.com,388109029
6985,Lucas,Taylor,customer6985@example.com,662194976
6986,David,Walker,customer6986@example.com,737367690
6987,David,Anderson,customer6987@example.com,250704133
6988,Sarah,Adams,customer6988@example.com,415856063
6989,Sophia,Thomas,customer6989@example.com,780697570
6990,Ava,King,customer6990@example.com,893882317
6991,Oscar,Martin,customer6991@example.com,947756854
6992,David,Thomas,customer6992@example.com,308915593
6993,Nina,Scott,customer6993@example.com,210705588
6994,John,Lopez,customer6994@example.com,276546278
6995,Lucas,Brown,customer6995@example.com,834943269
6996,John,Taylor,customer6996@example.com,672347608
6997,John,Hall,customer6997@example.com,291017139
6998,John,Lopez,customer6998@example.com,280044306
6999,Oscar,Taylor,customer6999@example.com,533417397
7000,Oscar,Thomas,customer7000@example.com,845818581
7001,Isabella,Miller,customer7001@example.com,668804976
7002,Amelia,Clark,customer7002@example.com,209758670
7003,Isabella,Young,customer7003@example.com,214042789
7004,Nina,Lopez,customer7004@example.com,496459225
7005,Sarah,Smith,customer7005@example.com,793444837
7006,Laura,Young,customer7006@example.com,382232336
7007,David,King,customer7007@example.com,448296458
7008,Emma,Adams,customer7008@example.com,444071348
7009,Laura,Garcia,customer7009@example.com,985688820
7010,Lucas,Thomas,customer7010@example.com,108162937
7011,Mason,Garcia,customer7011@example.com,774447039
7012,Amelia,Davis,customer7012@example.com,825233908
7013,Daniel,Scott,customer7013@example.com,180004114
7014,Olivia,Hall,customer7014@example.com,743172472
7015,Laura,Taylor,customer7015@example.com,150347583
7016,Mason,Young,customer7016@example.com,994453272
7017,John,Scott,customer7017@example.com,353422413
7018,Lucas,Johnson,customer7018@example.com,192352716
7019,Sarah,Anderson,customer7019@example.com,523624169
7020,Mia,Brown,customer7020@example.com,449230222
7021,Mia,Walker,customer7021@example.com,215451548
7022,John,Miller,customer7022@example.com,317214952
7023,Olivia,Anderson,customer7023@example.com,882685286
7024,Sophia,Clark,customer7024@example.com,765053697
7025,Mason,Lee,customer7025@example.com,610946095
7026,Daniel,Davis,customer7026@example.com,355710363
7027,Anna,Walker,customer7027@example.com,440720011
7028,Liam,Smith,customer7028@example.com,766547575
7029,Lucas,Wilson,customer7029@example.com,848533254
7030,Olivia,Garcia,customer7030@example.com,926522833
7031,Noah,Johnson,customer7031@example.com,933581968
7032,Sarah,Taylor,customer7032@example.com,590305924
7033,David,Adams,customer7033@example.com,668237183
7034,Olivia,Scott,customer7034@example.com,662341139
7035,Laura,King,customer7035@example.com,164577330
7036,Amelia,Wilson,customer7036@example.com,913643760
7037,Laura,Smith,customer7037@example.com,391716359
7038,Sarah,Wilson,customer7038@example.com,352339994
7039,Daniel,Young,customer7039@example.com,698938358
7040,Sarah,Lopez,customer7040@example.com,274793916
7041,Ava,Miller,customer7041@example.com,698510766
7042,Anna,Lee,customer7042@example.com,162673405
7043,John,Scott,customer7043@example.com,643785206
7044,Anna,Walker,customer7044@example.com,678655466
7045,James,Martin,customer7045@example.com,420673181
7046,Sophia,Wilson,customer7046@example.com,629045335
7047,John,Young,customer7047@example.com,462157365
7048,Lucas,King,customer7048@example.com,778789948
7049,John,Scott,customer7049@example.com,553081060
7050,Sarah,Miller,customer7050@example.com,945687419
7051,Amelia,Garcia,customer7051@example.com,290884570
7052,Daniel,Wilson,customer7052@example.com,426999169
7053,Amelia,Davis,customer7053@example.com,189096814
7054,Anna,Miller,customer7054@example.com,127268476
7055,Ava,Smith,customer7055@example.com,142307777
7056,Liam,Wilson,customer7056@example.com,960734521
7057,Mia,Clark,customer7057@example.com,786298234
7058,Isabella,Scott,customer7058@example.com,795076080
7059,Isabella,Brown,customer7059@example.com,353855386
7060,Ava,Davis,customer7060@example.com,958254837
7061,John,Miller,customer7061@example.com,174348652
7062,Mason,Smith,customer7062@example.com,447867218
7063,John,Hall,customer7063@example.com,136280985
7064,Daniel,Anderson,customer7064@example.com,780127237
7065,Anna,King,customer7065@example.com,892588016
7066,Sophia,Davis,customer7066@example.com,404845486
7067,Mia,Garcia,customer7067@example.com,658140676
7068,Daniel,Adams,customer7068@example.com,511315661
7069,David,Scott,customer7069@example.com,765679412
7070,Laura,Wilson,customer7070@example.com,636424728
7071,Isabella,Lee,customer7071@example.com,582114758
7072,James,Garcia,customer7072@example.com,790572323
7073,Anna,Wilson,customer7073@example.com,901977890
7074,Emma,Wilson,customer7074@example.com,493305297
7075,Daniel,Taylor,customer7075@example.com,496032862
7076,Mia,Anderson,customer7076@example.com,174725150
7077,Daniel,Anderson,customer7077@example.com,964775301
7078,Sophia,King,customer7078@example.com,967292573
7079,Olivia,Wilson,customer7079@example.com,304465908
7080,Noah,Wilson,customer7080@example.com,314942814
7081,Amelia,Wilson,customer7081@example.com,792722274
7082,Emma,Garcia,customer7082@example.com,770087764
7083,Noah,Johnson,customer7083@example.com,504968525
7084,Emma,Brown,customer7084@example.com,657906157
7085,Isabella,Lee,customer7085@example.com,381739513
7086,Laura,Taylor,customer7086@example.com,318997197
7087,Nina,Walker,customer7087@example.com,470448556
7088,Emma,King,customer7088@example.com,277230903
7089,Laura,Lopez,customer7089@example.com,656929800
7090,Noah,Walker,customer7090@example.com,289989124
7091,Sophia,Clark,customer7091@example.com,615481523
7092,James,Miller,customer7092@example.com,379538662
7093,Sarah,King,customer7093@example.com,774024817
7094,Lucas,Hall,customer7094@example.com,245670947
7095,David,Wilson,customer7095@example.com,713341529
7096,Liam,Miller,customer7096@example.com,252949979
7097,Amelia,Brown,customer7097@example.com,648604942
7098,James,Lopez,customer7098@example.com,806176226
7099,Nina,Thomas,customer7099@example.com,883355070
7100,Olivia,Lopez,customer7100@example.com,157011895
7101,Nina,Taylor,customer7101@example.com,871257032
7102,James,Davis,customer7102@example.com,793014773
7103,Laura,Taylor,customer7103@example.com,167991414
7104,James,Anderson,customer7104@example.com,312945757
7105,James,Anderson,customer7105@example.com,706110978
7106,Oscar,Taylor,customer7106@example.com,999646413
7107,Emma,Miller,customer7107@example.com,295194735
7108,Sophia,Wilson,customer7108@example.com,719171149
7109,Oscar,Adams,customer7109@example.com,329886507
7110,Anna,Taylor,customer7110@example.com,208243963
7111,Anna,Miller,customer7111@example.com,805713699
7112,Oscar,Brown,customer7112@example.com,787578647
7113,Mia,Thomas,customer7113@example.com,693925686
7114,Nina,Wilson,customer7114@example.com,353891323
7115,Sophia,Miller,customer7115@example.com,801496649
7116,Sarah,Thomas,customer7116@example.com,947559926
7117,Oscar,King,customer7117@example.com,318169853
7118,John,King,customer7118@example.com,430778431
7119,Lucas,Lee,customer7119@example.com,231164596
7120,Laura,Walker,customer7120@example.com,891471133
7121,Laura,Thomas,customer7121@example.com,273475542
7122,David,Garcia,customer7122@example.com,365359505
7123,Emma,Scott,customer7123@example.com,457152483
7124,Lucas,Martin,customer7124@example.com,720202856
7125,Laura,Adams,customer7125@example.com,868252490
7126,Olivia,Taylor,customer7126@example.com,579776538
7127,Amelia,Scott,customer7127@example.com,571153623
7128,Emma,Taylor,customer7128@example.com,713152983
7129,Sophia,Walker,customer7129@example.com,175035741
7130,Sophia,Johnson,customer7130@example.com,455526363
7131,Isabella,Adams,customer7131@example.com,603059869
7132,Daniel,Hall,customer7132@example.com,871767632
7133,Olivia,Anderson,customer7133@example.com,626485141
7134,John,Wilson,customer7134@example.com,722317728
7135,Nina,Young,customer7135@example.com,360948471
7136,Ava,Wilson,customer7136@example.com,130148921
7137,Olivia,Wilson,customer7137@example.com,951728121
7138,Sarah,Lopez,customer7138@example.com,882975849
7139,Liam,King,customer7139@example.com,302336404
7140,Sophia,Johnson,customer7140@example.com,147744586
7141,Lucas,King,customer7141@example.com,625001157
7142,Amelia,Walker,customer7142@example.com,656868272
7143,Daniel,Young,customer7143@example.com,710874601
7144,James,Clark,customer7144@example.com,834007013
7145,Mason,Clark,customer7145@example.com,816559352
7146,Daniel,Clark,customer7146@example.com,298273092
7147,Isabella,King,customer7147@example.com,523425539
7148,Liam,Johnson,customer7148@example.com,316890695
7149,Emma,Martin,customer7149@example.com,424381197
7150,Isabella,Lopez,customer7150@example.com,793000324
7151,Noah,Scott,customer7151@example.com,952818027
7152,Oscar,Miller,customer7152@example.com,217554153
7153,James,Brown,customer7153@example.com,472467580
7154,Sophia,Anderson,customer7154@example.com,881638713
7155,Oscar,Brown,customer7155@example.com,124524881
7156,Ava,Scott,customer7156@example.com,279830352
7157,Oscar,Clark,customer7157@example.com,812973558
7158,Emma,Brown,customer7158@example.com,425118997
7159,Mason,Hall,customer7159@example.com,397624249
7160,Daniel,Anderson,customer7160@example.com,160868961
7161,Amelia,Anderson,customer7161@example.com,105274731
7162,Oscar,Lee,customer7162@example.com,604762395
7163,Noah,Anderson,customer7163@example.com,837417461
7164,Oscar,Hall,customer7164@example.com,199781992
7165,Amelia,Davis,customer7165@example.com,255890191
7166,David,Johnson,customer7166@example.com,779990700
7167,Ava,Wilson,customer7167@example.com,224081173
7168,Mason,Taylor,customer7168@example.com,226786584
7169,James,Lee,customer7169@example.com,600957267
7170,Ava,Johnson,customer7170@example.com,223658456
7171,Amelia,Brown,customer7171@example.com,224483073
7172,Olivia,Lopez,customer7172@example.com,532391853
7173,Olivia,Wilson,customer7173@example.com,294032644
7174,Liam,Davis,customer7174@example.com,763044120
7175,Liam,Walker,customer7175@example.com,246014686
7176,John,Young,customer7176@example.com,915992238
7177,James,Thomas,customer7177@example.com,312548616
7178,Amelia,Anderson,customer7178@example.com,139753175
7179,Mia,Scott,customer7179@example.com,306635789
7180,Anna,Lopez,customer7180@example.com,462187272
7181,Mason,King,customer7181@example.com,114397874
7182,Sophia,Walker,customer7182@example.com,798604907
7183,Mia,Young,customer7183@example.com,211271404
7184,Ava,Garcia,customer7184@example.com,289125842
7185,Olivia,Brown,customer7185@example.com,405426333
7186,Emma,King,customer7186@example.com,833410460
7187,David,Young,customer7187@example.com,250980140
7188,John,Smith,customer7188@example.com,718936517
7189,John,Wilson,customer7189@example.com,261198792
7190,Amelia,Garcia,customer7190@example.com,503272671
7191,Ava,Smith,customer7191@example.com,983945276
7192,Oscar,Anderson,customer7192@example.com,852291107
7193,Sarah,Clark,customer7193@example.com,874784405
7194,David,Brown,customer7194@example.com,970229749
7195,Emma,Anderson,customer7195@example.com,868448390
7196,Oscar,Adams,customer7196@example.com,470697319
7197,Ava,Scott,customer7197@example.com,633175155
7198,Emma,Davis,customer7198@example.com,345740029
7199,James,Davis,customer7199@example.com,252341437
7200,Lucas,Anderson,customer7200@example.com,555118480
7201,Sarah,King,customer7201@example.com,450725895
7202,Nina,Clark,customer7202@example.com,515934026
7203,Mia,Wilson,customer7203@example.com,327646801
7204,Emma,Martin,customer7204@example.com,180475880
7205,Ava,Smith,customer7205@example.com,251232051
7206,Laura,Johnson,customer7206@example.com,553612745
7207,Olivia,Clark,customer7207@example.com,759547154
7208,Sophia,Hall,customer7208@example.com,347826908
7209,Nina,Hall,customer7209@example.com,398425899
7210,Liam,Taylor,customer7210@example.com,743243083
7211,Amelia,Johnson,customer7211@example.com,575790653
7212,Noah,Lee,customer7212@example.com,557627557
7213,Oscar,Smith,customer7213@example.com,542747932
7214,Isabella,Wilson,customer7214@example.com,235809847
7215,Mia,Young,customer7215@example.com,798033404
7216,Olivia,Miller,customer7216@example.com,442990898
7217,Lucas,Taylor,customer7217@example.com,988808735
7218,Emma,Thomas,customer7218@example.com,852908844
7219,Mia,Johnson,customer7219@example.com,368110590
7220,Liam,Davis,customer7220@example.com,118103437
7221,Amelia,Clark,customer7221@example.com,535445261
7222,Laura,Scott,customer7222@example.com,925076625
7223,James,Clark,customer7223@example.com,554395870
7224,Mia,Adams,customer7224@example.com,169666935
7225,Sarah,Walker,customer7225@example.com,733639638
7226,Sarah,Clark,customer7226@example.com,406063244
7227,Anna,Taylor,customer7227@example.com,364245218
7228,Lucas,Hall,customer7228@example.com,214273000
7229,Ava,Martin,customer7229@example.com,595795858
7230,Anna,Smith,customer7230@example.com,218713151
7231,Liam,King,customer7231@example.com,163778626
7232,Olivia,Young,customer7232@example.com,231680283
7233,Liam,Anderson,customer7233@example.com,128610295
7234,Anna,King,customer7234@example.com,346800567
7235,Olivia,Walker,customer7235@example.com,528034660
7236,Lucas,Brown,customer7236@example.com,625042799
7237,Sophia,Lee,customer7237@example.com,654351339
7238,Liam,King,customer7238@example.com,114097170
7239,Daniel,Davis,customer7239@example.com,972239317
7240,Sarah,Walker,customer7240@example.com,215322186
7241,Ava,Scott,customer7241@example.com,132729850
7242,Olivia,Miller,customer7242@example.com,856240418
7243,Liam,Walker,customer7243@example.com,190661379
7244,Mason,Young,customer7244@example.com,145581008
7245,Anna,Walker,customer7245@example.com,209163516
7246,Isabella,Johnson,customer7246@example.com,596010919
7247,Isabella,Miller,customer7247@example.com,185585358
7248,Liam,Garcia,customer7248@example.com,487750861
7249,Daniel,Martin,customer7249@example.com,628316550
7250,Mia,Anderson,customer7250@example.com,960095812
7251,David,Taylor,customer7251@example.com,222627606
7252,Mason,Smith,customer7252@example.com,118714899
7253,Oscar,Lee,customer7253@example.com,295126657
7254,Sarah,King,customer7254@example.com,667067028
7255,Sarah,Walker,customer7255@example.com,557315649
7256,Anna,Adams,customer7256@example.com,372473426
7257,Laura,Smith,customer7257@example.com,319646669
7258,Olivia,King,customer7258@example.com,105869805
7259,John,Anderson,customer7259@example.com,820535276
7260,Mason,Adams,customer7260@example.com,532266824
7261,Sophia,Walker,customer7261@example.com,372967863
7262,Anna,Lopez,customer7262@example.com,569019932
7263,Ava,Brown,customer7263@example.com,479281838
7264,Oscar,Brown,customer7264@example.com,663302051
7265,Isabella,Wilson,customer7265@example.com,851057979
7266,Laura,Smith,customer7266@example.com,134450612
7267,Liam,Martin,customer7267@example.com,532701137
7268,Anna,Lee,customer7268@example.com,207553685
7269,Mia,Miller,customer7269@example.com,773061795
7270,Oscar,Smith,customer7270@example.com,910778211
7271,Noah,Davis,customer7271@example.com,154307238
7272,James,Scott,customer7272@example.com,621466668
7273,James,Davis,customer7273@example.com,370922917
7274,Liam,Smith,customer7274@example.com,904256965
7275,Lucas,Scott,customer7275@example.com,353351501
7276,Nina,King,customer7276@example.com,172955065
7277,Oscar,Martin,customer7277@example.com,716509119
7278,Emma,Miller,customer7278@example.com,367673657
7279,Noah,Miller,customer7279@example.com,942305034
7280,Sophia,Johnson,customer7280@example.com,374364321
7281,Amelia,Adams,customer7281@example.com,638842340
7282,Liam,Scott,customer7282@example.com,419576557
7283,Amelia,Hall,customer7283@example.com,524128244
7284,Amelia,Young,customer7284@example.com,629166199
7285,Isabella,Brown,customer7285@example.com,313313615
7286,James,Scott,customer7286@example.com,571391281
7287,Olivia,Lee,customer7287@example.com,510406943
7288,Amelia,King,customer7288@example.com,905206252
7289,Mia,Davis,customer7289@example.com,541186779
7290,David,Davis,customer7290@example.com,259386090
7291,Mason,Hall,customer7291@example.com,407793491
7292,Liam,Hall,customer7292@example.com,615279977
7293,Oscar,Martin,customer7293@example.com,366547610
7294,Isabella,Taylor,customer7294@example.com,918400762
7295,John,Lee,customer7295@example.com,296511221
7296,Mason,Young,customer7296@example.com,819118723
7297,Oscar,Adams,customer7297@example.com,410425072
7298,Oscar,Scott,customer7298@example.com,222340468
7299,Amelia,Walker,customer7299@example.com,966524048
7300,Emma,Brown,customer7300@example.com,863953230
7301,Lucas,Taylor,customer7301@example.com,562554021
7302,Ava,Smith,customer7302@example.com,330148238
7303,James,Johnson,customer7303@example.com,653590410
7304,James,King,customer7304@example.com,284176984
7305,Olivia,Brown,customer7305@example.com,541030781
7306,Liam,Taylor,customer7306@example.com,809481296
7307,Emma,Martin,customer7307@example.com,202089278
7308,Nina,Brown,customer7308@example.com,352555606
7309,Sarah,Adams,customer7309@example.com,713710527
7310,Daniel,Adams,customer7310@example.com,641656321
7311,Oscar,Walker,customer7311@example.com,257416872
7312,Olivia,Brown,customer7312@example.com,577231868
7313,Emma,King,customer7313@example.com,640789555
7314,Oscar,Garcia,customer7314@example.com,810265553
7315,Daniel,Smith,customer7315@example.com,975441966
7316,Noah,King,customer7316@example.com,528424763
7317,Lucas,Garcia,customer7317@example.com,674563494
7318,Ava,Taylor,customer7318@example.com,913716635
7319,Olivia,Walker,customer7319@example.com,482306700
7320,Daniel,Young,customer7320@example.com,891826149
7321,Isabella,Scott,customer7321@example.com,572826067
7322,Daniel,Clark,customer7322@example.com,569942271
7323,Emma,King,customer7323@example.com,285301039
7324,Liam,Smith,customer7324@example.com,378636734
7325,Nina,Johnson,customer7325@example.com,549669742
7326,Laura,Miller,customer7326@example.com,608175439
7327,Noah,Taylor,customer7327@example.com,302845227
7328,David,Scott,customer7328@example.com,191405534
7329,Mia,Adams,customer7329@example.com,532964389
7330,Noah,Brown,customer7330@example.com,269469724
7331,Daniel,Hall,customer7331@example.com,824067553
7332,Oscar,Martin,customer7332@example.com,949827238
7333,Sophia,Adams,customer7333@example.com,819849775
7334,Anna,King,customer7334@example.com,641903228
7335,Ava,Walker,customer7335@example.com,879757156
7336,David,Scott,customer7336@example.com,819703547
7337,Laura,Johnson,customer7337@example.com,386833451
7338,Liam,Scott,customer7338@example.com,480793141
7339,Isabella,Davis,customer7339@example.com,377724867
7340,Noah,Scott,customer7340@example.com,554754137
7341,Olivia,Clark,customer7341@example.com,558648452
7342,Liam,Hall,customer7342@example.com,692542280
7343,Isabella,Taylor,customer7343@example.com,623456429
7344,Mia,King,customer7344@example.com,699349393
7345,Isabella,Miller,customer7345@example.com,876170716
7346,David,Clark,customer7346@example.com,214899916
7347,James,Scott,customer7347@example.com,956700137
7348,David,Taylor,customer7348@example.com,414445156
7349,Liam,Adams,customer7349@example.com,552724457
7350,Mia,Adams,customer7350@example.com,504064729
7351,David,King,customer7351@example.com,366991189
7352,Lucas,Adams,customer7352@example.com,560966221
7353,Emma,Martin,customer7353@example.com,586469216
7354,Daniel,Garcia,customer7354@example.com,262875248
7355,Noah,Walker,customer7355@example.com,112471777
7356,Ava,King,customer7356@example.com,462943972
7357,Olivia,Lopez,customer7357@example.com,252836083
7358,Sophia,Clark,customer7358@example.com,722767457
7359,Isabella,Lee,customer7359@example.com,395512253
7360,Nina,King,customer7360@example.com,234279687
7361,Emma,Young,customer7361@example.com,716188585
7362,Isabella,Martin,customer7362@example.com,674046082
7363,David,King,customer7363@example.com,848062857
7364,Daniel,Thomas,customer7364@example.com,759363642
7365,Liam,Lee,customer7365@example.com,247595890
7366,Lucas,Lopez,customer7366@example.com,614884547
7367,Ava,Young,customer7367@example.com,578002282
7368,Amelia,Scott,customer7368@example.com,173175357
7369,Anna,Smith,customer7369@example.com,769197840
7370,Noah,Brown,customer7370@example.com,422014834
7371,Noah,Anderson,customer7371@example.com,990879569
7372,Olivia,Scott,customer7372@example.com,912488192
7373,Isabella,Clark,customer7373@example.com,809937839
7374,Amelia,Taylor,customer7374@example.com,981271946
7375,Mason,Lee,customer7375@example.com,215921670
7376,Isabella,Anderson,customer7376@example.com,610145889
7377,Anna,Smith,customer7377@example.com,466928741
7378,Sophia,Thomas,customer7378@example.com,147020072
7379,Lucas,Miller,customer7379@example.com,697315892
7380,Daniel,Davis,customer7380@example.com,530149880
7381,John,Smith,customer7381@example.com,277783040
7382,Sarah,Martin,customer7382@example.com,905817961
7383,Mia,Hall,customer7383@example.com,255310912
7384,Lucas,Davis,customer7384@example.com,761725207
7385,Olivia,Lee,customer7385@example.com,441324993
7386,Liam,Anderson,customer7386@example.com,848413676
7387,Mia,Martin,customer7387@example.com,130338531
7388,Oscar,Lee,customer7388@example.com,531713735
7389,Noah,Hall,customer7389@example.com,911325224
7390,Laura,Brown,customer7390@example.com,929358041
7391,Daniel,Wilson,customer7391@example.com,851828237
7392,Lucas,Adams,customer7392@example.com,677930953
7393,Oscar,King,customer7393@example.com,776980179
7394,Liam,King,customer7394@example.com,680939230
7395,Emma,Lopez,customer7395@example.com,595773511
7396,Nina,Wilson,customer7396@example.com,204043553
7397,Lucas,Brown,customer7397@example.com,575507600
7398,Lucas,Lee,customer7398@example.com,655094022
7399,Olivia,Thomas,customer7399@example.com,450520909
7400,Amelia,Taylor,customer7400@example.com,523612240
7401,David,Martin,customer7401@example.com,686171791
7402,Anna,Adams,customer7402@example.com,812071166
7403,Nina,Adams,customer7403@example.com,964111282
7404,Isabella,Scott,customer7404@example.com,525016611
7405,Amelia,King,customer7405@example.com,572818599
7406,Mia,Young,customer7406@example.com,509270031
7407,Oscar,Garcia,customer7407@example.com,839474334
7408,Noah,Miller,customer7408@example.com,465378226
7409,Oscar,Martin,customer7409@example.com,436677834
7410,Liam,Davis,customer7410@example.com,233269420
7411,Amelia,Wilson,customer7411@example.com,875651322
7412,Amelia,Taylor,customer7412@example.com,162908464
7413,Laura,Clark,customer7413@example.com,364566226
7414,David,Johnson,customer7414@example.com,477163672
7415,Olivia,Brown,customer7415@example.com,609469912
7416,Noah,Lee,customer7416@example.com,833114470
7417,Liam,Thomas,customer7417@example.com,993915858
7418,Amelia,King,customer7418@example.com,908212264
7419,Nina,Lopez,customer7419@example.com,322416531
7420,Anna,Miller,customer7420@example.com,366881610
7421,Anna,Wilson,customer7421@example.com,207383106
7422,Daniel,Scott,customer7422@example.com,379071239
7423,John,Clark,customer7423@example.com,743701616
7424,Liam,Lopez,customer7424@example.com,621310390
7425,Emma,Johnson,customer7425@example.com,126600019
7426,Amelia,Scott,customer7426@example.com,423338835
7427,Ava,Garcia,customer7427@example.com,669462036
7428,Oscar,Martin,customer7428@example.com,292121985
7429,Liam,Garcia,customer7429@example.com,504087177
7430,David,Martin,customer7430@example.com,943442595
7431,Nina,Adams,customer7431@example.com,566978924
7432,Anna,Hall,customer7432@example.com,540728398
7433,Liam,Miller,customer7433@example.com,947373339
7434,Anna,Martin,customer7434@example.com,273762867
7435,Emma,Garcia,customer7435@example.com,437957665
7436,Anna,Clark,customer7436@example.com,626164956
7437,James,Miller,customer7437@example.com,677155507
7438,Emma,Scott,customer7438@example.com,583850916
7439,Mia,Miller,customer7439@example.com,337009909
7440,Mason,Young,customer7440@example.com,964646304
7441,Amelia,Smith,customer7441@example.com,556502904
7442,Ava,Thomas,customer7442@example.com,939913662
7443,Sarah,Martin,customer7443@example.com,957844513
7444,David,Lopez,customer7444@example.com,941039537
7445,Ava,Taylor,customer7445@example.com,927237224
7446,Anna,Miller,customer7446@example.com,852261831
7447,Mia,Johnson,customer7447@example.com,216392212
7448,David,Miller,customer7448@example.com,748164746
7449,Amelia,Clark,customer7449@example.com,345781771
7450,Liam,Smith,customer7450@example.com,846027821
7451,Anna,Taylor,customer7451@example.com,300508459
7452,Olivia,Taylor,customer7452@example.com,263376073
7453,Mia,Taylor,customer7453@example.com,918230535
7454,James,Lee,customer7454@example.com,613640397
7455,Laura,Garcia,customer7455@example.com,530823983
7456,Ava,Miller,customer7456@example.com,758497009
7457,Noah,Lopez,customer7457@example.com,129795156
7458,Olivia,Brown,customer7458@example.com,289920787
7459,Lucas,Davis,customer7459@example.com,199106536
7460,Sarah,Young,customer7460@example.com,975406144
7461,Lucas,King,customer7461@example.com,955645476
7462,Daniel,Lopez,customer7462@example.com,164390815
7463,Emma,King,customer7463@example.com,116121174
7464,Olivia,Hall,customer7464@example.com,732229840
7465,Daniel,Lopez,customer7465@example.com,616684946
7466,Laura,King,customer7466@example.com,237280207
7467,Mason,Brown,customer7467@example.com,285638316
7468,Oscar,Adams,customer7468@example.com,484791405
7469,James,Smith,customer7469@example.com,961048611
7470,Lucas,Walker,customer7470@example.com,244858524
7471,Anna,Martin,customer7471@example.com,276211710
7472,Anna,Brown,customer7472@example.com,258135051
7473,Olivia,Taylor,customer7473@example.com,157414283
7474,Mason,Young,customer7474@example.com,369754569
7475,Isabella,Hall,customer7475@example.com,467381114
7476,Isabella,Lee,customer7476@example.com,471213195
7477,Oscar,Lopez,customer7477@example.com,908054052
7478,Nina,Johnson,customer7478@example.com,595214319
7479,Nina,Clark,customer7479@example.com,979395613
7480,Sophia,Clark,customer7480@example.com,384248553
7481,Daniel,Taylor,customer7481@example.com,432605434
7482,Ava,Davis,customer7482@example.com,821285130
7483,Nina,Thomas,customer7483@example.com,640588944
7484,John,Martin,customer7484@example.com,488725866
7485,Lucas,Johnson,customer7485@example.com,133753643
7486,Anna,Martin,customer7486@example.com,428031438
7487,Sarah,Garcia,customer7487@example.com,800301972
7488,James,Miller,customer7488@example.com,894319323
7489,Ava,Anderson,customer7489@example.com,182360064
7490,Olivia,Wilson,customer7490@example.com,307821754
7491,Ava,Walker,customer7491@example.com,406516742
7492,Nina,Adams,customer7492@example.com,921788291
7493,Laura,Adams,customer7493@example.com,887525023
7494,Noah,Walker,customer7494@example.com,570715914
7495,David,Anderson,customer7495@example.com,360807808
7496,Mia,Taylor,customer7496@example.com,625365994
7497,Sophia,Smith,customer7497@example.com,305759163
7498,Nina,King,customer7498@example.com,507492505
7499,Sophia,Brown,customer7499@example.com,609740476
7500,Sarah,Smith,customer7500@example.com,803359731
7501,Nina,Johnson,customer7501@example.com,960277776
7502,Noah,Adams,customer7502@example.com,941854568
7503,David,Thomas,customer7503@example.com,987664050
7504,Liam,Martin,customer7504@example.com,453208783
7505,Mason,Johnson,customer7505@example.com,515122551
7506,Amelia,Thomas,customer7506@example.com,448965783
7507,Nina,Young,customer7507@example.com,990930317
7508,Ava,Martin,customer7508@example.com,770153362
7509,Isabella,Miller,customer7509@example.com,346443488
7510,Mia,Smith,customer7510@example.com,138401215
7511,Olivia,Young,customer7511@example.com,174220873
7512,David,Walker,customer7512@example.com,609136845
7513,Daniel,Garcia,customer7513@example.com,652105788
7514,Noah,Lee,customer7514@example.com,470806406
7515,Sophia,Martin,customer7515@example.com,372840593
7516,Lucas,Clark,customer7516@example.com,380947516
7517,Lucas,Lee,customer7517@example.com,157431447
7518,Nina,Anderson,customer7518@example.com,979876924
7519,Nina,Clark,customer7519@example.com,839200409
7520,Noah,Hall,customer7520@example.com,747216575
7521,Amelia,Anderson,customer7521@example.com,583545083
7522,Nina,Davis,customer7522@example.com,116717723
7523,John,Thomas,customer7523@example.com,791113267
7524,Amelia,Davis,customer7524@example.com,257929769
7525,Nina,Walker,customer7525@example.com,639382632
7526,Daniel,Martin,customer7526@example.com,678603686
7527,David,Adams,customer7527@example.com,709776411
7528,Oscar,Lee,customer7528@example.com,729562581
7529,Daniel,Young,customer7529@example.com,933665199
7530,Ava,Adams,customer7530@example.com,165413285
7531,Mia,Miller,customer7531@example.com,616728439
7532,Oscar,Wilson,customer7532@example.com,999269991
7533,Laura,Davis,customer7533@example.com,394463869
7534,James,Wilson,customer7534@example.com,372508287
7535,David,Thomas,customer7535@example.com,139115538
7536,Noah,Adams,customer7536@example.com,680300568
7537,David,Martin,customer7537@example.com,287936545
7538,Lucas,Wilson,customer7538@example.com,318758887
7539,Nina,Thomas,customer7539@example.com,736077031
7540,James,Taylor,customer7540@example.com,659917125
7541,Isabella,Thomas,customer7541@example.com,709899502
7542,Olivia,Wilson,customer7542@example.com,221042498
7543,Nina,Hall,customer7543@example.com,132301980
7544,David,Taylor,customer7544@example.com,708361982
7545,Mason,Taylor,customer7545@example.com,655211607
7546,Daniel,Johnson,customer7546@example.com,864172053
7547,Oscar,King,customer7547@example.com,327731112
7548,Sophia,Wilson,customer7548@example.com,230058682
7549,Liam,Davis,customer7549@example.com,116001798
7550,Sophia,Thomas,customer7550@example.com,288687733
7551,Emma,Smith,customer7551@example.com,167678760
7552,Daniel,Lopez,customer7552@example.com,595326907
7553,Anna,Lopez,customer7553@example.com,223066202
7554,Liam,Smith,customer7554@example.com,645378361
7555,Amelia,King,customer7555@example.com,961181927
7556,Laura,Lopez,customer7556@example.com,230677293
7557,Emma,King,customer7557@example.com,189777062
7558,Mia,Anderson,customer7558@example.com,500152809
7559,David,Brown,customer7559@example.com,410057868
7560,Liam,Thomas,customer7560@example.com,693814150
7561,Mia,Miller,customer7561@example.com,797798656
7562,Isabella,Brown,customer7562@example.com,733113217
7563,Daniel,Johnson,customer7563@example.com,944142304
7564,Laura,Martin,customer7564@example.com,552195803
7565,Nina,Wilson,customer7565@example.com,309366141
7566,John,Garcia,customer7566@example.com,538803961
7567,Oscar,Miller,customer7567@example.com,993414965
7568,Olivia,Johnson,customer7568@example.com,103919069
7569,Mason,Smith,customer7569@example.com,590747323
7570,David,Taylor,customer7570@example.com,103767019
7571,Sarah,Martin,customer7571@example.com,453716302
7572,Oscar,Lopez,customer7572@example.com,569799493
7573,Noah,Miller,customer7573@example.com,120986453
7574,Liam,Lee,customer7574@example.com,564770044
7575,David,Lee,customer7575@example.com,388484957
7576,Noah,Brown,customer7576@example.com,114003647
7577,David,Clark,customer7577@example.com,421146315
7578,Noah,Brown,customer7578@example.com,855999768
7579,Isabella,Garcia,customer7579@example.com,101702569
7580,James,King,customer7580@example.com,447818273
7581,Olivia,Lopez,customer7581@example.com,759404712
7582,Oscar,Martin,customer7582@example.com,929386021
7583,Amelia,Hall,customer7583@example.com,145051700
7584,Daniel,Adams,customer7584@example.com,116153797
7585,Sarah,King,customer7585@example.com,916267975
7586,Mason,Lee,customer7586@example.com,550639157
7587,Nina,Anderson,customer7587@example.com,415896019
7588,Nina,Wilson,customer7588@example.com,505789203
7589,Nina,Scott,customer7589@example.com,706236479
7590,Amelia,Lopez,customer7590@example.com,271053100
7591,David,Adams,customer7591@example.com,592969186
7592,Emma,Young,customer7592@example.com,351341315
7593,Nina,Lee,customer7593@example.com,699180220
7594,Nina,Young,customer7594@example.com,782125704
7595,Oscar,Davis,customer7595@example.com,607319842
7596,Daniel,Hall,customer7596@example.com,939225097
7597,Amelia,Brown,customer7597@example.com,490932614
7598,Emma,Clark,customer7598@example.com,962054426
7599,Oscar,Lee,customer7599@example.com,293928606
7600,Sarah,Walker,customer7600@example.com,183251892
7601,Oscar,Walker,customer7601@example.com,504859260
7602,Emma,Adams,customer7602@example.com,354205748
7603,Ava,Smith,customer7603@example.com,193389201
7604,Ava,Lee,customer7604@example.com,853275197
7605,Sarah,Walker,customer7605@example.com,777595235
7606,Daniel,Scott,customer7606@example.com,700294481
7607,Sophia,Lopez,customer7607@example.com,115775993
7608,Mia,Brown,customer7608@example.com,694097076
7609,Emma,Scott,customer7609@example.com,495720862
7610,Ava,Brown,customer7610@example.com,941776099
7611,James,Clark,customer7611@example.com,460363222
7612,Daniel,Miller,customer7612@example.com,226463759
7613,James,Hall,customer7613@example.com,590612133
7614,Mia,Brown,customer7614@example.com,820442333
7615,Ava,Hall,customer7615@example.com,418684278
7616,David,Adams,customer7616@example.com,298511473
7617,Noah,Davis,customer7617@example.com,681764768
7618,Nina,Wilson,customer7618@example.com,401002995
7619,Noah,Adams,customer7619@example.com,865331071
7620,Oscar,Lopez,customer7620@example.com,247930241
7621,Anna,Martin,customer7621@example.com,290080389
7622,Sophia,Wilson,customer7622@example.com,747636547
7623,Laura,Miller,customer7623@example.com,649999301
7624,Oscar,Brown,customer7624@example.com,582409760
7625,Liam,Martin,customer7625@example.com,874174394
7626,Sarah,Martin,customer7626@example.com,241616184
7627,Olivia,King,customer7627@example.com,472171204
7628,Mia,Clark,customer7628@example.com,621952950
7629,Liam,Miller,customer7629@example.com,567204030
7630,Daniel,Wilson,customer7630@example.com,103098968
7631,Oscar,Wilson,customer7631@example.com,235644231
7632,Sarah,Hall,customer7632@example.com,991747462
7633,Emma,Scott,customer7633@example.com,119393727
7634,Liam,Brown,customer7634@example.com,778731816
7635,David,Thomas,customer7635@example.com,856050341
7636,John,Lee,customer7636@example.com,395396016
7637,Liam,Walker,customer7637@example.com,284336848
7638,Mason,Wilson,customer7638@example.com,398979248
7639,Laura,Taylor,customer7639@example.com,640198103
7640,Sophia,King,customer7640@example.com,756084755
7641,John,Martin,customer7641@example.com,105429773
7642,Liam,Brown,customer7642@example.com,621274614
7643,Daniel,Young,customer7643@example.com,296245885
7644,Sophia,Martin,customer7644@example.com,869955304
7645,James,Thomas,customer7645@example.com,196732829
7646,Ava,Lee,customer7646@example.com,177833387
7647,David,King,customer7647@example.com,953454348
7648,Sarah,Smith,customer7648@example.com,616974827
7649,Noah,Johnson,customer7649@example.com,944284468
7650,Sarah,King,customer7650@example.com,788784354
7651,Liam,Brown,customer7651@example.com,224735136
7652,Oscar,Clark,customer7652@example.com,101101330
7653,Amelia,Taylor,customer7653@example.com,598024924
7654,Olivia,Brown,customer7654@example.com,438210820
7655,Sophia,Lee,customer7655@example.com,186834388
7656,Liam,Clark,customer7656@example.com,344182593
7657,James,Johnson,customer7657@example.com,981343937
7658,Oscar,Wilson,customer7658@example.com,314329144
7659,Liam,Johnson,customer7659@example.com,596471866
7660,Noah,Lee,customer7660@example.com,737425155
7661,John,Smith,customer7661@example.com,104942961
7662,Laura,Martin,customer7662@example.com,852329085
7663,Noah,Young,customer7663@example.com,716330484
7664,Mia,King,customer7664@example.com,863834710
7665,John,Garcia,customer7665@example.com,343742981
7666,Ava,Scott,customer7666@example.com,660389049
7667,James,Lee,customer7667@example.com,736834208
7668,Nina,Scott,customer7668@example.com,329070517
7669,Anna,Clark,customer7669@example.com,241202487
7670,Amelia,Martin,customer7670@example.com,399604609
7671,Laura,Davis,customer7671@example.com,543905917
7672,Noah,Adams,customer7672@example.com,951511125
7673,Daniel,Wilson,customer7673@example.com,609098500
7674,Mason,Garcia,customer7674@example.com,970736744
7675,Nina,Brown,customer7675@example.com,328940430
7676,Noah,Johnson,customer7676@example.com,376828821
7677,John,Johnson,customer7677@example.com,265065333
7678,Sarah,King,customer7678@example.com,812951509
7679,Amelia,Lopez,customer7679@example.com,338133430
7680,Sophia,Brown,customer7680@example.com,602803298
7681,Mia,Anderson,customer7681@example.com,941460924
7682,Sarah,Walker,customer7682@example.com,374913960
7683,Daniel,Thomas,customer7683@example.com,462275233
7684,Ava,Lee,customer7684@example.com,669018400
7685,Liam,Lopez,customer7685@example.com,393140634
7686,Nina,Lee,customer7686@example.com,141787662
7687,Anna,Walker,customer7687@example.com,308044071
7688,Oscar,King,customer7688@example.com,335181023
7689,Lucas,Garcia,customer7689@example.com,681905812
7690,Daniel,Anderson,customer7690@example.com,687511227
7691,Mia,Taylor,customer7691@example.com,441363455
7692,Isabella,Lopez,customer7692@example.com,956624381
7693,Mia,Lopez,customer7693@example.com,248068723
7694,Nina,Johnson,customer7694@example.com,455245683
7695,John,Johnson,customer7695@example.com,578369243
7696,James,Martin,customer7696@example.com,856652902
7697,Liam,Lopez,customer7697@example.com,486660965
7698,James,Adams,customer7698@example.com,460308608
7699,Sarah,Brown,customer7699@example.com,491080478
7700,David,Taylor,customer7700@example.com,321180062
7701,Oscar,Taylor,customer7701@example.com,882958075
7702,Emma,Adams,customer7702@example.com,136522577
7703,Nina,Miller,customer7703@example.com,922120921
7704,John,Davis,customer7704@example.com,145639583
7705,Laura,Garcia,customer7705@example.com,884497112
7706,Emma,Adams,customer7706@example.com,209217468
7707,Isabella,Davis,customer7707@example.com,189479909
7708,Olivia,Walker,customer7708@example.com,936347363
7709,Daniel,Lopez,customer7709@example.com,201742108
7710,Amelia,Smith,customer7710@example.com,252819463
7711,John,Garcia,customer7711@example.com,856085608
7712,James,Lopez,customer7712@example.com,157964247
7713,Sophia,Taylor,customer7713@example.com,780586858
7714,Emma,Lopez,customer7714@example.com,869966041
7715,Amelia,Clark,customer7715@example.com,351049259
7716,John,Martin,customer7716@example.com,850151038
7717,Noah,Taylor,customer7717@example.com,100697964
7718,Noah,Wilson,customer7718@example.com,295679658
7719,James,Miller,customer7719@example.com,942816002
7720,Oscar,Clark,customer7720@example.com,163910227
7721,Emma,Taylor,customer7721@example.com,548481302
7722,Liam,Brown,customer7722@example.com,443068609
7723,Olivia,Miller,customer7723@example.com,330423680
7724,Sophia,Clark,customer7724@example.com,956789742
7725,Oscar,Martin,customer7725@example.com,572612347
7726,Amelia,Miller,customer7726@example.com,134349664
7727,James,Garcia,customer7727@example.com,147057682
7728,Laura,Davis,customer7728@example.com,921396359
7729,James,Anderson,customer7729@example.com,238657792
7730,James,Adams,customer7730@example.com,691357443
7731,Liam,Clark,customer7731@example.com,860528097
7732,Oscar,Clark,customer7732@example.com,791396646
7733,Emma,Thomas,customer7733@example.com,815570609
7734,Noah,Johnson,customer7734@example.com,110439717
7735,David,Garcia,customer7735@example.com,827501338
7736,Amelia,Anderson,customer7736@example.com,426484573
7737,Emma,Anderson,customer7737@example.com,840913392
7738,Oscar,Davis,customer7738@example.com,103225730
7739,Lucas,Clark,customer7739@example.com,235352139
7740,Liam,Anderson,customer7740@example.com,559999853
7741,Liam,Young,customer7741@example.com,756673288
7742,Mia,Brown,customer7742@example.com,177318698
7743,Nina,Garcia,customer7743@example.com,773086870
7744,Amelia,Davis,customer7744@example.com,337706453
7745,John,Adams,customer7745@example.com,762068625
7746,Sophia,King,customer7746@example.com,485660331
7747,Sarah,Thomas,customer7747@example.com,501364498
7748,Oscar,Miller,customer7748@example.com,257311688
7749,Liam,Clark,customer7749@example.com,516528453
7750,Noah,Johnson,customer7750@example.com,163699605
7751,Anna,Hall,customer7751@example.com,711382669
7752,Oscar,Smith,customer7752@example.com,791624301
7753,Emma,Lopez,customer7753@example.com,713313768
7754,Anna,King,customer7754@example.com,163125085
7755,Noah,King,customer7755@example.com,515384952
7756,James,Hall,customer7756@example.com,382144922
7757,Liam,Thomas,customer7757@example.com,614302988
7758,Daniel,Martin,customer7758@example.com,845593644
7759,Ava,Anderson,customer7759@example.com,811045104
7760,Mason,Scott,customer7760@example.com,410285655
7761,Mia,Scott,customer7761@example.com,850426644
7762,Sarah,Thomas,customer7762@example.com,122023733
7763,Emma,Lopez,customer7763@example.com,626967265
7764,James,Lopez,customer7764@example.com,914715334
7765,Sophia,Miller,customer7765@example.com,452285821
7766,Emma,Anderson,customer7766@example.com,272528958
7767,Sarah,Smith,customer7767@example.com,178252732
7768,Laura,Anderson,customer7768@example.com,507466706
7769,John,Martin,customer7769@example.com,239594898
7770,David,Taylor,customer7770@example.com,406949571
7771,Olivia,Walker,customer7771@example.com,676855892
7772,Lucas,Taylor,customer7772@example.com,725039025
7773,Liam,Taylor,customer7773@example.com,810271047
7774,Oscar,Wilson,customer7774@example.com,334972432
7775,Isabella,Garcia,customer7775@example.com,455440732
7776,Olivia,Brown,customer7776@example.com,116356679
7777,Liam,Scott,customer7777@example.com,142771234
7778,Anna,Johnson,customer7778@example.com,482434083
7779,Isabella,Smith,customer7779@example.com,784195511
7780,Nina,King,customer7780@example.com,544533991
7781,Daniel,Martin,customer7781@example.com,360893196
7782,Emma,Wilson,customer7782@example.com,225250114
7783,Noah,Lopez,customer7783@example.com,521531792
7784,James,Thomas,customer7784@example.com,953171966
7785,Ava,Adams,customer7785@example.com,106974196
7786,Mia,Miller,customer7786@example.com,590204531
7787,John,Scott,customer7787@example.com,697519663
7788,Nina,Walker,customer7788@example.com,447116699
7789,Oscar,Taylor,customer7789@example.com,194195977
7790,Sophia,Scott,customer7790@example.com,891290436
7791,Oscar,Lee,customer7791@example.com,434669082
7792,Sophia,Lopez,customer7792@example.com,149849765
7793,Isabella,Thomas,customer7793@example.com,549984014
7794,Sophia,Smith,customer7794@example.com,845407515
7795,Ava,Walker,customer7795@example.com,497331717
7796,Sarah,Young,customer7796@example.com,300294311
7797,Noah,Martin,customer7797@example.com,596008318
7798,James,Smith,customer7798@example.com,846146468
7799,Amelia,Wilson,customer7799@example.com,101178290
7800,James,Davis,customer7800@example.com,197532382
7801,Sarah,Taylor,customer7801@example.com,342289595
7802,Nina,Smith,customer7802@example.com,294274844
7803,Mason,Lee,customer7803@example.com,852074582
7804,Sophia,Davis,customer7804@example.com,794748460
7805,Amelia,Taylor,customer7805@example.com,172504595
7806,Sarah,Young,customer7806@example.com,943613555
7807,Olivia,Young,customer7807@example.com,715093779
7808,Laura,Smith,customer7808@example.com,837011510
7809,Sarah,Scott,customer7809@example.com,201429236
7810,Anna,Davis,customer7810@example.com,929790424
7811,Olivia,Young,customer7811@example.com,568721024
7812,Mason,King,customer7812@example.com,498818191
7813,John,King,customer7813@example.com,691203447
7814,Noah,Scott,customer7814@example.com,436024657
7815,Oscar,Walker,customer7815@example.com,841168953
7816,Laura,Taylor,customer7816@example.com,855890305
7817,Olivia,Lopez,customer7817@example.com,697014377
7818,Daniel,Johnson,customer7818@example.com,861100122
7819,Liam,Miller,customer7819@example.com,353760819
7820,Laura,King,customer7820@example.com,922043724
7821,Amelia,Anderson,customer7821@example.com,172121887
7822,Nina,Lopez,customer7822@example.com,753539923
7823,Ava,Young,customer7823@example.com,724793683
7824,Laura,Taylor,customer7824@example.com,962972557
7825,Daniel,Martin,customer7825@example.com,456158918
7826,Mia,Johnson,customer7826@example.com,805831207
7827,Olivia,Young,customer7827@example.com,248286010
7828,Sophia,Hall,customer7828@example.com,274497626
7829,Emma,Johnson,customer7829@example.com,290731191
7830,Nina,Anderson,customer7830@example.com,760396220
7831,Mia,King,customer7831@example.com,236860018
7832,Isabella,Wilson,customer7832@example.com,811338235
7833,Ava,Johnson,customer7833@example.com,370542162
7834,Noah,Martin,customer7834@example.com,399299747
7835,Laura,Martin,customer7835@example.com,803122317
7836,Mason,Wilson,customer7836@example.com,904561269
7837,Daniel,Davis,customer7837@example.com,170908827
7838,Anna,Clark,customer7838@example.com,719843588
7839,Amelia,Anderson,customer7839@example.com,852801235
7840,Emma,Wilson,customer7840@example.com,889972571
7841,Emma,Wilson,customer7841@example.com,138778912
7842,Mason,Johnson,customer7842@example.com,397424571
7843,Ava,Thomas,customer7843@example.com,240875515
7844,Ava,Walker,customer7844@example.com,634752443
7845,Sarah,Wilson,customer7845@example.com,846736540
7846,Olivia,Thomas,customer7846@example.com,500431302
7847,Mason,Johnson,customer7847@example.com,934132137
7848,Ava,Young,customer7848@example.com,200434640
7849,Anna,Miller,customer7849@example.com,150503264
7850,Anna,Martin,customer7850@example.com,525065275
7851,Mason,Smith,customer7851@example.com,832487266
7852,Liam,Clark,customer7852@example.com,867990960
7853,Amelia,Thomas,customer7853@example.com,989248079
7854,James,Walker,customer7854@example.com,593490527
7855,Sarah,Lopez,customer7855@example.com,727668881
7856,Olivia,Adams,customer7856@example.com,676888276
7857,Isabella,Wilson,customer7857@example.com,924531866
7858,Noah,Smith,customer7858@example.com,799823348
7859,Sophia,Adams,customer7859@example.com,196270450
7860,Anna,Brown,customer7860@example.com,604311256
7861,Mia,Lopez,customer7861@example.com,752962225
7862,Liam,Taylor,customer7862@example.com,724961011
7863,Daniel,Anderson,customer7863@example.com,228131366
7864,Emma,Martin,customer7864@example.com,366225137
7865,Nina,Martin,customer7865@example.com,171812746
7866,Amelia,Lopez,customer7866@example.com,520780157
7867,Sophia,Wilson,customer7867@example.com,709336770
7868,Noah,Anderson,customer7868@example.com,227254987
7869,Anna,Hall,customer7869@example.com,115023908
7870,Daniel,Johnson,customer7870@example.com,493947814
7871,David,King,customer7871@example.com,495753745
7872,Anna,Lopez,customer7872@example.com,594463016
7873,Liam,Lopez,customer7873@example.com,351113725
7874,David,Wilson,customer7874@example.com,190315292
7875,Oscar,Young,customer7875@example.com,963483699
7876,David,Clark,customer7876@example.com,488340751
7877,Liam,Garcia,customer7877@example.com,724073270
7878,Mia,Martin,customer7878@example.com,422662742
7879,Liam,Walker,customer7879@example.com,563303681
7880,David,Anderson,customer7880@example.com,835360479
7881,Mia,Adams,customer7881@example.com,927006948
7882,Mason,Thomas,customer7882@example.com,709405267
7883,Anna,Clark,customer7883@example.com,109165609
7884,Mia,Adams,customer7884@example.com,504724239
7885,Sophia,Walker,customer7885@example.com,303766933
7886,Ava,Taylor,customer7886@example.com,513756040
7887,Ava,Lee,customer7887@example.com,995525718
7888,Olivia,Brown,customer7888@example.com,417309724
7889,Ava,Martin,customer7889@example.com,332402979
7890,Anna,Wilson,customer7890@example.com,989862087
7891,John,King,customer7891@example.com,846708348
7892,John,Martin,customer7892@example.com,823171704
7893,Ava,Davis,customer7893@example.com,829261613
7894,Daniel,Young,customer7894@example.com,783149142
7895,Liam,King,customer7895@example.com,889148911
7896,Laura,Adams,customer7896@example.com,837921927
7897,Amelia,Davis,customer7897@example.com,894467258
7898,Amelia,Lee,customer7898@example.com,258397223
7899,Isabella,Garcia,customer7899@example.com,981177622
7900,Noah,Adams,customer7900@example.com,712992364
7901,David,Martin,customer7901@example.com,336870821
7902,Mason,King,customer7902@example.com,463821821
7903,Isabella,Wilson,customer7903@example.com,873271730
7904,Mia,Walker,customer7904@example.com,300423564
7905,Sarah,Johnson,customer7905@example.com,491561974
7906,Nina,Thomas,customer7906@example.com,341498332
7907,Isabella,Martin,customer7907@example.com,317225359
7908,Liam,Thomas,customer7908@example.com,183266881
7909,Noah,Clark,customer7909@example.com,817754648
7910,Daniel,Hall,customer7910@example.com,535582478
7911,Emma,Clark,customer7911@example.com,871771232
7912,Lucas,Clark,customer7912@example.com,601334868
7913,David,Scott,customer7913@example.com,824925532
7914,Lucas,Hall,customer7914@example.com,455220820
7915,James,Lopez,customer7915@example.com,730100168
7916,Lucas,Miller,customer7916@example.com,314070114
7917,Sarah,Thomas,customer7917@example.com,568780797
7918,Sarah,Scott,customer7918@example.com,607008144
7919,Lucas,Lopez,customer7919@example.com,515172178
7920,Amelia,Young,customer7920@example.com,510499835
7921,Noah,Lee,customer7921@example.com,324005882
7922,Lucas,Wilson,customer7922@example.com,184910061
7923,Sophia,Miller,customer7923@example.com,406607743
7924,Sarah,Smith,customer7924@example.com,674974169
7925,Emma,Scott,customer7925@example.com,456525687
7926,Amelia,Garcia,customer7926@example.com,645509776
7927,Noah,Miller,customer7927@example.com,299033911
7928,David,Adams,customer7928@example.com,253110618
7929,John,Clark,customer7929@example.com,718170969
7930,David,Lopez,customer7930@example.com,424363496
7931,James,Taylor,customer7931@example.com,221162822
7932,Isabella,Smith,customer7932@example.com,586620148
7933,Lucas,Wilson,customer7933@example.com,357265666
7934,Sarah,Scott,customer7934@example.com,227413900
7935,Lucas,Taylor,customer7935@example.com,513182261
7936,Olivia,Garcia,customer7936@example.com,156520835
7937,Lucas,King,customer7937@example.com,726551133
7938,Mason,Thomas,customer7938@example.com,951089150
7939,Sophia,Lee,customer7939@example.com,976793968
7940,Olivia,Garcia,customer7940@example.com,934030629
7941,John,Garcia,customer7941@example.com,329234183
7942,Liam,Walker,customer7942@example.com,708351244
7943,Anna,Thomas,customer7943@example.com,806291781
7944,James,Thomas,customer7944@example.com,211937392
7945,Emma,Smith,customer7945@example.com,673547682
7946,Olivia,Hall,customer7946@example.com,669974638
7947,Sarah,Taylor,customer7947@example.com,252566629
7948,Olivia,Brown,customer7948@example.com,495523897
7949,Nina,Walker,customer7949@example.com,199190212
7950,Nina,Martin,customer7950@example.com,441810296
7951,Sophia,Anderson,customer7951@example.com,489497809
7952,Lucas,Taylor,customer7952@example.com,564871767
7953,Daniel,Walker,customer7953@example.com,378916882
7954,Lucas,Hall,customer7954@example.com,152193976
7955,Olivia,Hall,customer7955@example.com,308301139
7956,Sophia,Smith,customer7956@example.com,842493520
7957,Daniel,Lee,customer7957@example.com,955377778
7958,John,Wilson,customer7958@example.com,338976699
7959,James,Walker,customer7959@example.com,586368915
7960,Ava,Scott,customer7960@example.com,561681813
7961,David,Miller,customer7961@example.com,536731210
7962,Mason,Anderson,customer7962@example.com,602544012
7963,Emma,Davis,customer7963@example.com,399206042
7964,Liam,Johnson,customer7964@example.com,919471299
7965,Sarah,Wilson,customer7965@example.com,973673014
7966,James,King,customer7966@example.com,167518831
7967,Emma,Clark,customer7967@example.com,449485406
7968,Daniel,Johnson,customer7968@example.com,139048281
7969,Emma,Wilson,customer7969@example.com,619524536
7970,Sophia,Wilson,customer7970@example.com,170558348
7971,Mia,Taylor,customer7971@example.com,443370407
7972,James,Anderson,customer7972@example.com,228757852
7973,Anna,Smith,customer7973@example.com,748771258
7974,Mia,Thomas,customer7974@example.com,715967316
7975,Olivia,Anderson,customer7975@example.com,919333545
7976,David,Young,customer7976@example.com,965567967
7977,Noah,Hall,customer7977@example.com,276607355
7978,Liam,Anderson,customer7978@example.com,230591845
7979,Mason,Lopez,customer7979@example.com,768333823
7980,Sarah,Clark,customer7980@example.com,861484069
7981,Ava,Young,customer7981@example.com,932757063
7982,David,Taylor,customer7982@example.com,874002333
7983,Emma,Adams,customer7983@example.com,792429622
7984,Sophia,Scott,customer7984@example.com,879809671
7985,Laura,Thomas,customer7985@example.com,469334329
7986,Ava,Clark,customer7986@example.com,760748777
7987,Sarah,Anderson,customer7987@example.com,351933427
7988,Ava,Taylor,customer7988@example.com,261894802
7989,James,Thomas,customer7989@example.com,850878949
7990,Amelia,Anderson,customer7990@example.com,660721366
7991,Amelia,Adams,customer7991@example.com,287160001
7992,Emma,Garcia,customer7992@example.com,490402402
7993,Laura,Thomas,customer7993@example.com,939514385
7994,Sarah,Thomas,customer7994@example.com,238730296
7995,Isabella,Lee,customer7995@example.com,558296079
7996,Noah,Young,customer7996@example.com,475818300
7997,Liam,Hall,customer7997@example.com,526378600
7998,Noah,Johnson,customer7998@example.com,691875560
7999,James,Johnson,customer7999@example.com,649165954
8000,Sophia,Lopez,customer8000@example.com,751905483
8001,Laura,Davis,customer8001@example.com,920866223
8002,Daniel,Taylor,customer8002@example.com,990953276
8003,Mason,Lopez,customer8003@example.com,141418940
8004,Olivia,Smith,customer8004@example.com,627628356
8005,Olivia,Wilson,customer8005@example.com,525658880
8006,Olivia,Clark,customer8006@example.com,792355342
8007,Nina,Thomas,customer8007@example.com,699444096
8008,Nina,Taylor,customer8008@example.com,858155125
8009,Noah,Hall,customer8009@example.com,815348960
8010,Anna,Martin,customer8010@example.com,673520256
8011,Lucas,Lopez,customer8011@example.com,613760094
8012,Mason,Miller,customer8012@example.com,575255545
8013,Lucas,Wilson,customer8013@example.com,255852135
8014,Mason,Anderson,customer8014@example.com,841796333
8015,Ava,Wilson,customer8015@example.com,273286702
8016,Daniel,Smith,customer8016@example.com,781547356
8017,Olivia,Adams,customer8017@example.com,413572258
8018,Lucas,Wilson,customer8018@example.com,471628615
8019,Nina,Scott,customer8019@example.com,265660105
8020,Sophia,Taylor,customer8020@example.com,888397590
8021,Sarah,Lopez,customer8021@example.com,161374984
8022,David,Taylor,customer8022@example.com,981598818
8023,Amelia,Miller,customer8023@example.com,326627746
8024,Sarah,Johnson,customer8024@example.com,518341978
8025,Isabella,Hall,customer8025@example.com,957638433
8026,Isabella,Brown,customer8026@example.com,795520875
8027,Olivia,King,customer8027@example.com,159508781
8028,Lucas,Lopez,customer8028@example.com,834089588
8029,Laura,Martin,customer8029@example.com,212250457
8030,Isabella,Smith,customer8030@example.com,621373414
8031,John,Thomas,customer8031@example.com,700104110
8032,Mia,Davis,customer8032@example.com,801369402
8033,Nina,Miller,customer8033@example.com,259447603
8034,Emma,Brown,customer8034@example.com,335956417
8035,David,Taylor,customer8035@example.com,530884687
8036,Liam,Young,customer8036@example.com,942398871
8037,Mia,Lopez,customer8037@example.com,346143073
8038,Oscar,Hall,customer8038@example.com,805288365
8039,Sarah,Lopez,customer8039@example.com,167922272
8040,John,Martin,customer8040@example.com,949065814
8041,Laura,Johnson,customer8041@example.com,488192167
8042,John,Martin,customer8042@example.com,710612252
8043,Noah,Taylor,customer8043@example.com,772387031
8044,Noah,Clark,customer8044@example.com,192854993
8045,Anna,Martin,customer8045@example.com,177331835
8046,Noah,Scott,customer8046@example.com,922944860
8047,John,Miller,customer8047@example.com,559846264
8048,Lucas,Smith,customer8048@example.com,711576973
8049,Noah,Scott,customer8049@example.com,874056751
8050,David,Scott,customer8050@example.com,327117829
8051,Oscar,Miller,customer8051@example.com,584106465
8052,Nina,Hall,customer8052@example.com,484134039
8053,Sophia,Johnson,customer8053@example.com,612347052
8054,Emma,Wilson,customer8054@example.com,119499324
8055,Lucas,Taylor,customer8055@example.com,566644744
8056,Sophia,Smith,customer8056@example.com,176365212
8057,Amelia,Hall,customer8057@example.com,203180131
8058,Ava,Brown,customer8058@example.com,260708160
8059,Mia,Brown,customer8059@example.com,316665364
8060,Oscar,Thomas,customer8060@example.com,907344076
8061,Anna,Adams,customer8061@example.com,533290977
8062,James,King,customer8062@example.com,708306413
8063,James,Lopez,customer8063@example.com,139015138
8064,Oscar,Young,customer8064@example.com,609561866
8065,Mason,Brown,customer8065@example.com,277139151
8066,Anna,Hall,customer8066@example.com,619554385
8067,Isabella,Brown,customer8067@example.com,956727731
8068,Amelia,Taylor,customer8068@example.com,241574585
8069,James,Lopez,customer8069@example.com,824722131
8070,Emma,Walker,customer8070@example.com,464126140
8071,Oscar,Young,customer8071@example.com,674199717
8072,Amelia,Hall,customer8072@example.com,796588230
8073,Nina,Lee,customer8073@example.com,478404740
8074,Isabella,Anderson,customer8074@example.com,777493723
8075,Oscar,Garcia,customer8075@example.com,317986019
8076,Olivia,Adams,customer8076@example.com,198457305
8077,David,Miller,customer8077@example.com,431535716
8078,Mason,Smith,customer8078@example.com,650286446
8079,Oscar,Miller,customer8079@example.com,295087087
8080,Isabella,Davis,customer8080@example.com,255404503
8081,Liam,Taylor,customer8081@example.com,229977934
8082,Oscar,Brown,customer8082@example.com,477927960
8083,Emma,Clark,customer8083@example.com,622149860
8084,David,Martin,customer8084@example.com,403641609
8085,Oscar,Walker,customer8085@example.com,958500499
8086,Mia,Hall,customer8086@example.com,107395571
8087,Liam,Smith,customer8087@example.com,250624992
8088,Anna,King,customer8088@example.com,598503121
8089,David,Garcia,customer8089@example.com,431986824
8090,Nina,Lee,customer8090@example.com,633018119
8091,David,Garcia,customer8091@example.com,714605373
8092,James,Scott,customer8092@example.com,583332987
8093,Mia,Brown,customer8093@example.com,550745634
8094,Mason,Lopez,customer8094@example.com,473188349
8095,Anna,Johnson,customer8095@example.com,375878162
8096,John,Johnson,customer8096@example.com,124753602
8097,Anna,Thomas,customer8097@example.com,479034438
8098,John,Thomas,customer8098@example.com,604937587
8099,Mason,Johnson,customer8099@example.com,732287160
8100,David,Martin,customer8100@example.com,706713855
8101,Anna,Adams,customer8101@example.com,300222221
8102,James,Walker,customer8102@example.com,184909552
8103,Olivia,Scott,customer8103@example.com,798011488
8104,Sarah,Wilson,customer8104@example.com,711291696
8105,David,Thomas,customer8105@example.com,444774443
8106,Mason,Johnson,customer8106@example.com,845951520
8107,Sarah,Scott,customer8107@example.com,600311770
8108,Emma,Taylor,customer8108@example.com,495144337
8109,Sarah,Davis,customer8109@example.com,273422186
8110,Daniel,Taylor,customer8110@example.com,596790858
8111,Anna,Anderson,customer8111@example.com,558022242
8112,Mia,Thomas,customer8112@example.com,184141769
8113,John,Adams,customer8113@example.com,411364600
8114,Daniel,Adams,customer8114@example.com,700856380
8115,Oscar,Miller,customer8115@example.com,756833711
8116,David,Clark,customer8116@example.com,402465524
8117,Anna,Lee,customer8117@example.com,366302660
8118,Mia,Miller,customer8118@example.com,909299884
8119,Lucas,Garcia,customer8119@example.com,900290963
8120,Isabella,Garcia,customer8120@example.com,861322340
8121,Lucas,Brown,customer8121@example.com,950089047
8122,Mia,Adams,customer8122@example.com,230258063
8123,David,Scott,customer8123@example.com,747982381
8124,Oscar,Thomas,customer8124@example.com,908507722
8125,Amelia,Thomas,customer8125@example.com,995268098
8126,Lucas,Martin,customer8126@example.com,720965639
8127,James,Garcia,customer8127@example.com,343111206
8128,Oscar,Martin,customer8128@example.com,540145946
8129,Lucas,Smith,customer8129@example.com,664599799
8130,Nina,Taylor,customer8130@example.com,256878133
8131,Isabella,Johnson,customer8131@example.com,737073551
8132,John,Young,customer8132@example.com,551109264
8133,Ava,Adams,customer8133@example.com,876261688
8134,Laura,Anderson,customer8134@example.com,718066721
8135,Nina,Young,customer8135@example.com,725601600
8136,Lucas,Davis,customer8136@example.com,367552005
8137,Sophia,Davis,customer8137@example.com,108564266
8138,Oscar,Walker,customer8138@example.com,238608002
8139,Liam,Taylor,customer8139@example.com,223634420
8140,Laura,Johnson,customer8140@example.com,614247371
8141,John,Garcia,customer8141@example.com,656812572
8142,Sarah,Anderson,customer8142@example.com,408234135
8143,Anna,Clark,customer8143@example.com,461505382
8144,Laura,Scott,customer8144@example.com,241639093
8145,Ava,Johnson,customer8145@example.com,362458848
8146,Emma,Johnson,customer8146@example.com,424024403
8147,Lucas,Scott,customer8147@example.com,564755514
8148,Mia,Lopez,customer8148@example.com,168814281
8149,Ava,Adams,customer8149@example.com,339923387
8150,Oscar,Johnson,customer8150@example.com,983647122
8151,Emma,Wilson,customer8151@example.com,891666319
8152,Sarah,Davis,customer8152@example.com,246415887
8153,Olivia,Anderson,customer8153@example.com,887953479
8154,James,Miller,customer8154@example.com,522498407
8155,Sarah,Young,customer8155@example.com,859112695
8156,Amelia,Lopez,customer8156@example.com,304348728
8157,John,Scott,customer8157@example.com,462260974
8158,Laura,Smith,customer8158@example.com,696331764
8159,Anna,Brown,customer8159@example.com,715967127
8160,Amelia,Anderson,customer8160@example.com,173856614
8161,Lucas,Clark,customer8161@example.com,693296553
8162,Mia,Anderson,customer8162@example.com,378501683
8163,John,Lopez,customer8163@example.com,516489739
8164,Isabella,Brown,customer8164@example.com,177823712
8165,Isabella,King,customer8165@example.com,691341906
8166,Sarah,Johnson,customer8166@example.com,319798782
8167,Mia,Taylor,customer8167@example.com,304541049
8168,Anna,Taylor,customer8168@example.com,820210725
8169,Ava,Johnson,customer8169@example.com,366997758
8170,Mason,Garcia,customer8170@example.com,591257600
8171,Mia,Taylor,customer8171@example.com,384673797
8172,Anna,Anderson,customer8172@example.com,804399637
8173,Olivia,Smith,customer8173@example.com,423473126
8174,Isabella,Walker,customer8174@example.com,866872447
8175,Oscar,Lee,customer8175@example.com,641632630
8176,David,King,customer8176@example.com,992488956
8177,Emma,Johnson,customer8177@example.com,692886856
8178,John,Wilson,customer8178@example.com,711045924
8179,Lucas,Lopez,customer8179@example.com,908810245
8180,Oscar,Johnson,customer8180@example.com,264272446
8181,Noah,Hall,customer8181@example.com,570464462
8182,Mia,Brown,customer8182@example.com,600166348
8183,Lucas,Anderson,customer8183@example.com,140308132
8184,Mia,Anderson,customer8184@example.com,442026461
8185,Liam,Wilson,customer8185@example.com,345222112
8186,Nina,Clark,customer8186@example.com,150392501
8187,Sophia,Taylor,customer8187@example.com,975171243
8188,Nina,Adams,customer8188@example.com,401003032
8189,Anna,Lopez,customer8189@example.com,463290298
8190,Sophia,Walker,customer8190@example.com,907031284
8191,John,Taylor,customer8191@example.com,313642767
8192,Mason,Wilson,customer8192@example.com,658682859
8193,Ava,Adams,customer8193@example.com,951700451
8194,Isabella,Smith,customer8194@example.com,246342612
8195,Emma,Wilson,customer8195@example.com,454537802
8196,David,Scott,customer8196@example.com,215757024
8197,Mason,Anderson,customer8197@example.com,110695352
8198,Isabella,Smith,customer8198@example.com,335642938
8199,Mason,Martin,customer8199@example.com,538399633
8200,James,Walker,customer8200@example.com,172714670
8201,Olivia,Lee,customer8201@example.com,941076154
8202,James,Clark,customer8202@example.com,975942568
8203,Emma,Walker,customer8203@example.com,558346197
8204,Ava,Hall,customer8204@example.com,754630876
8205,Amelia,Clark,customer8205@example.com,906276771
8206,John,Thomas,customer8206@example.com,903580651
8207,Liam,Taylor,customer8207@example.com,398493796
8208,Sarah,Anderson,customer8208@example.com,160183273
8209,Noah,Taylor,customer8209@example.com,347852194
8210,Oscar,King,customer8210@example.com,926332891
8211,Lucas,Hall,customer8211@example.com,283209692
8212,Isabella,Smith,customer8212@example.com,332770928
8213,Lucas,Wilson,customer8213@example.com,150108003
8214,Ava,King,customer8214@example.com,417833070
8215,James,Brown,customer8215@example.com,958515558
8216,Oscar,Smith,customer8216@example.com,197567679
8217,James,Taylor,customer8217@example.com,275456486
8218,Ava,Garcia,customer8218@example.com,155962557
8219,Sarah,Johnson,customer8219@example.com,571744824
8220,Anna,Martin,customer8220@example.com,809264290
8221,Nina,Walker,customer8221@example.com,883452833
8222,Olivia,Hall,customer8222@example.com,789549602
8223,Laura,Miller,customer8223@example.com,985665500
8224,Lucas,Lee,customer8224@example.com,213677953
8225,Amelia,Adams,customer8225@example.com,296362399
8226,Lucas,Johnson,customer8226@example.com,514805094
8227,Sarah,King,customer8227@example.com,344158158
8228,Nina,Walker,customer8228@example.com,265448759
8229,Laura,Wilson,customer8229@example.com,464512159
8230,Daniel,Brown,customer8230@example.com,293143303
8231,Ava,Miller,customer8231@example.com,742953607
8232,Liam,Scott,customer8232@example.com,939602878
8233,John,Lopez,customer8233@example.com,523272165
8234,Nina,Garcia,customer8234@example.com,865160823
8235,Lucas,Young,customer8235@example.com,878148313
8236,Ava,Thomas,customer8236@example.com,621267068
8237,Isabella,Anderson,customer8237@example.com,584654326
8238,Oscar,Brown,customer8238@example.com,953011821
8239,Sophia,Davis,customer8239@example.com,239576487
8240,Noah,Brown,customer8240@example.com,150622931
8241,Olivia,Young,customer8241@example.com,591655222
8242,Daniel,Johnson,customer8242@example.com,353087594
8243,Sarah,King,customer8243@example.com,546599993
8244,Amelia,Johnson,customer8244@example.com,818987870
8245,Noah,Walker,customer8245@example.com,153132768
8246,Laura,Garcia,customer8246@example.com,844732251
8247,Liam,Thomas,customer8247@example.com,742381335
8248,Ava,Clark,customer8248@example.com,211206375
8249,Oscar,Adams,customer8249@example.com,762767702
8250,Lucas,Clark,customer8250@example.com,291343796
8251,Amelia,Miller,customer8251@example.com,889435015
8252,Olivia,Hall,customer8252@example.com,209547073
8253,Sophia,Taylor,customer8253@example.com,252584053
8254,Laura,Lopez,customer8254@example.com,903629496
8255,Lucas,Thomas,customer8255@example.com,336558240
8256,Nina,Walker,customer8256@example.com,295193275
8257,Sophia,Smith,customer8257@example.com,487316452
8258,Mia,Wilson,customer8258@example.com,254986002
8259,Olivia,Lopez,customer8259@example.com,289137013
8260,David,Miller,customer8260@example.com,835619677
8261,Lucas,Scott,customer8261@example.com,793689814
8262,David,Anderson,customer8262@example.com,309700414
8263,Emma,King,customer8263@example.com,976660776
8264,Mason,Anderson,customer8264@example.com,411274300
8265,Mia,Garcia,customer8265@example.com,575472865
8266,Emma,Garcia,customer8266@example.com,639236743
8267,Daniel,Hall,customer8267@example.com,646077786
8268,Amelia,Scott,customer8268@example.com,454972201
8269,Emma,Martin,customer8269@example.com,598887226
8270,Emma,Taylor,customer8270@example.com,111085734
8271,Sarah,Adams,customer8271@example.com,833490821
8272,David,Young,customer8272@example.com,834820282
8273,Sarah,Brown,customer8273@example.com,757213142
8274,John,Anderson,customer8274@example.com,946133097
8275,James,Hall,customer8275@example.com,376358226
8276,Amelia,Taylor,customer8276@example.com,526555697
8277,Anna,Anderson,customer8277@example.com,271753941
8278,Amelia,Miller,customer8278@example.com,544652427
8279,Isabella,Martin,customer8279@example.com,298627773
8280,James,Hall,customer8280@example.com,609131114
8281,John,Taylor,customer8281@example.com,271817988
8282,Sarah,Scott,customer8282@example.com,264938514
8283,Emma,Lee,customer8283@example.com,186493560
8284,David,Clark,customer8284@example.com,682759363
8285,Noah,Wilson,customer8285@example.com,969216778
8286,Amelia,Wilson,customer8286@example.com,129825287
8287,Sarah,Scott,customer8287@example.com,878599985
8288,Sophia,Wilson,customer8288@example.com,736223347
8289,Mia,Davis,customer8289@example.com,176596310
8290,John,Lee,customer8290@example.com,334469035
8291,Liam,Wilson,customer8291@example.com,735024208
8292,John,Miller,customer8292@example.com,913306642
8293,Oscar,Lopez,customer8293@example.com,349743101
8294,Anna,Thomas,customer8294@example.com,597434896
8295,Ava,Lee,customer8295@example.com,285070646
8296,Amelia,Garcia,customer8296@example.com,813050798
8297,Sophia,Johnson,customer8297@example.com,563281431
8298,David,Brown,customer8298@example.com,459944564
8299,Lucas,Adams,customer8299@example.com,652302795
8300,Emma,King,customer8300@example.com,464688293
8301,Olivia,Anderson,customer8301@example.com,319862291
8302,Olivia,Thomas,customer8302@example.com,802980150
8303,Nina,Johnson,customer8303@example.com,146825230
8304,Lucas,Scott,customer8304@example.com,673842730
8305,Isabella,Taylor,customer8305@example.com,168968950
8306,Noah,Taylor,customer8306@example.com,263036971
8307,Olivia,Taylor,customer8307@example.com,939785263
8308,Noah,Clark,customer8308@example.com,904429430
8309,Mia,Young,customer8309@example.com,811618397
8310,Olivia,Clark,customer8310@example.com,678023583
8311,Ava,Lee,customer8311@example.com,683514119
8312,Anna,King,customer8312@example.com,636337835
8313,David,Garcia,customer8313@example.com,109058194
8314,Olivia,Scott,customer8314@example.com,217827354
8315,Daniel,Miller,customer8315@example.com,381474844
8316,Nina,King,customer8316@example.com,162800627
8317,David,Garcia,customer8317@example.com,428129811
8318,Ava,Smith,customer8318@example.com,145720181
8319,David,Taylor,customer8319@example.com,712051373
8320,Daniel,Hall,customer8320@example.com,574856057
8321,Daniel,Hall,customer8321@example.com,362585662
8322,John,Young,customer8322@example.com,451427352
8323,David,Lopez,customer8323@example.com,402547134
8324,David,Garcia,customer8324@example.com,932225920
8325,Olivia,Adams,customer8325@example.com,567447503
8326,Ava,Anderson,customer8326@example.com,418036205
8327,Sophia,Davis,customer8327@example.com,755535503
8328,Ava,Lee,customer8328@example.com,968295630
8329,Ava,Taylor,customer8329@example.com,180642002
8330,Mason,Taylor,customer8330@example.com,118369308
8331,Mia,Brown,customer8331@example.com,148825334
8332,Mia,Taylor,customer8332@example.com,756844639
8333,Lucas,King,customer8333@example.com,332957049
8334,Olivia,Garcia,customer8334@example.com,886772430
8335,Laura,Young,customer8335@example.com,710263266
8336,Olivia,Brown,customer8336@example.com,605796219
8337,Amelia,Walker,customer8337@example.com,264738025
8338,Anna,Scott,customer8338@example.com,754349393
8339,Amelia,Adams,customer8339@example.com,398162084
8340,Oscar,Young,customer8340@example.com,203653745
8341,Sophia,Young,customer8341@example.com,849803546
8342,Mason,Davis,customer8342@example.com,889582334
8343,Nina,Smith,customer8343@example.com,161217307
8344,Isabella,Lee,customer8344@example.com,553385696
8345,Anna,Smith,customer8345@example.com,891885100
8346,Sophia,Smith,customer8346@example.com,166988563
8347,Emma,Clark,customer8347@example.com,311214114
8348,Sophia,King,customer8348@example.com,461486522
8349,Mason,King,customer8349@example.com,525233621
8350,Mason,Davis,customer8350@example.com,104132664
8351,John,Johnson,customer8351@example.com,450724299
8352,Sophia,Martin,customer8352@example.com,362284837
8353,Daniel,Thomas,customer8353@example.com,690379021
8354,Emma,Clark,customer8354@example.com,693941069
8355,Sophia,Lee,customer8355@example.com,970070946
8356,Amelia,Taylor,customer8356@example.com,808653239
8357,Oscar,Adams,customer8357@example.com,167052783
8358,Liam,Walker,customer8358@example.com,527464758
8359,Nina,Lee,customer8359@example.com,276108792
8360,James,Lee,customer8360@example.com,362063464
8361,Isabella,Taylor,customer8361@example.com,696796440
8362,Mason,Young,customer8362@example.com,754353069
8363,David,Anderson,customer8363@example.com,330307055
8364,Laura,Lee,customer8364@example.com,902067778
8365,Noah,Young,customer8365@example.com,461016148
8366,Olivia,King,customer8366@example.com,971153864
8367,David,Taylor,customer8367@example.com,526972789
8368,James,Davis,customer8368@example.com,366107754
8369,Anna,King,customer8369@example.com,427172135
8370,Olivia,Smith,customer8370@example.com,179870922
8371,Mason,Wilson,customer8371@example.com,812775601
8372,Daniel,Taylor,customer8372@example.com,315956412
8373,Isabella,Adams,customer8373@example.com,263589464
8374,Olivia,King,customer8374@example.com,645570167
8375,Isabella,Clark,customer8375@example.com,300612515
8376,James,Adams,customer8376@example.com,882030764
8377,Noah,Young,customer8377@example.com,612036034
8378,John,Smith,customer8378@example.com,536004269
8379,Laura,Hall,customer8379@example.com,514080751
8380,Olivia,Johnson,customer8380@example.com,553647257
8381,Sarah,Scott,customer8381@example.com,279366591
8382,Emma,King,customer8382@example.com,661187595
8383,Olivia,Martin,customer8383@example.com,365603228
8384,Noah,Adams,customer8384@example.com,236832997
8385,James,Adams,customer8385@example.com,577379903
8386,Anna,Davis,customer8386@example.com,594613062
8387,Daniel,Davis,customer8387@example.com,478325727
8388,Oscar,Lee,customer8388@example.com,722292864
8389,Nina,Thomas,customer8389@example.com,680913418
8390,Mia,Clark,customer8390@example.com,809465411
8391,Laura,Taylor,customer8391@example.com,888582016
8392,Emma,Wilson,customer8392@example.com,853224738
8393,David,Lopez,customer8393@example.com,495823594
8394,David,King,customer8394@example.com,512823891
8395,Sophia,Adams,customer8395@example.com,479999237
8396,Oscar,Davis,customer8396@example.com,248569163
8397,John,Walker,customer8397@example.com,319193678
8398,Mia,Adams,customer8398@example.com,644633854
8399,Oscar,Scott,customer8399@example.com,274491262
8400,John,Miller,customer8400@example.com,339998152
8401,Amelia,Martin,customer8401@example.com,820655221
8402,Anna,Smith,customer8402@example.com,920334754
8403,James,Garcia,customer8403@example.com,246569717
8404,Oscar,Adams,customer8404@example.com,124132145
8405,James,Martin,customer8405@example.com,773667319
8406,Laura,Wilson,customer8406@example.com,921232299
8407,Amelia,Lee,customer8407@example.com,554247940
8408,Oscar,Garcia,customer8408@example.com,167569640
8409,James,Scott,customer8409@example.com,764362601
8410,David,Hall,customer8410@example.com,123186044
8411,Nina,Smith,customer8411@example.com,694043150
8412,Amelia,Walker,customer8412@example.com,429631784
8413,Laura,Martin,customer8413@example.com,700382710
8414,Sarah,Adams,customer8414@example.com,713083580
8415,Mia,Lopez,customer8415@example.com,396137576
8416,Noah,Young,customer8416@example.com,307813331
8417,Amelia,Young,customer8417@example.com,424558846
8418,Olivia,Lee,customer8418@example.com,596115253
8419,Isabella,Garcia,customer8419@example.com,592134043
8420,Daniel,Miller,customer8420@example.com,321467715
8421,David,Scott,customer8421@example.com,675992495
8422,Nina,Davis,customer8422@example.com,508903050
8423,Mia,Scott,customer8423@example.com,673060518
8424,Emma,Martin,customer8424@example.com,411402048
8425,John,Smith,customer8425@example.com,950763485
8426,Amelia,Taylor,customer8426@example.com,811763420
8427,Daniel,Lopez,customer8427@example.com,110643751
8428,John,Taylor,customer8428@example.com,226988835
8429,Liam,Taylor,customer8429@example.com,527855608
8430,Ava,Walker,customer8430@example.com,141966685
8431,David,Lopez,customer8431@example.com,411254113
8432,Nina,Adams,customer8432@example.com,165720036
8433,Emma,King,customer8433@example.com,292351716
8434,Lucas,King,customer8434@example.com,995032341
8435,Lucas,Clark,customer8435@example.com,658435365
8436,Olivia,Thomas,customer8436@example.com,100584937
8437,Nina,King,customer8437@example.com,715398372
8438,Nina,Anderson,customer8438@example.com,814817198
8439,Liam,Miller,customer8439@example.com,618045651
8440,Mia,King,customer8440@example.com,691701787
8441,Isabella,Adams,customer8441@example.com,738881101
8442,Laura,Martin,customer8442@example.com,994864548
8443,Olivia,King,customer8443@example.com,473268072
8444,Anna,Thomas,customer8444@example.com,115643227
8445,Ava,Walker,customer8445@example.com,946433675
8446,Sarah,Smith,customer8446@example.com,150727105
8447,Emma,Anderson,customer8447@example.com,149310804
8448,Sarah,Lopez,customer8448@example.com,915799285
8449,David,Davis,customer8449@example.com,735841848
8450,Amelia,Clark,customer8450@example.com,792616427
8451,Mason,Smith,customer8451@example.com,483794405
8452,David,Garcia,customer8452@example.com,204251102
8453,Nina,Martin,customer8453@example.com,923832833
8454,Oscar,Anderson,customer8454@example.com,986339543
8455,James,King,customer8455@example.com,814002285
8456,Mia,Lee,customer8456@example.com,581922713
8457,Oscar,Johnson,customer8457@example.com,639720207
8458,Laura,Smith,customer8458@example.com,801827399
8459,Olivia,Young,customer8459@example.com,606917907
8460,Sophia,Lee,customer8460@example.com,790135801
8461,Liam,Smith,customer8461@example.com,221331300
8462,Mason,Lee,customer8462@example.com,499819829
8463,Olivia,Johnson,customer8463@example.com,347955119
8464,Lucas,Garcia,customer8464@example.com,425361053
8465,Lucas,Wilson,customer8465@example.com,745805220
8466,Amelia,Johnson,customer8466@example.com,522404300
8467,Laura,Martin,customer8467@example.com,814323020
8468,John,Lee,customer8468@example.com,699820199
8469,David,Clark,customer8469@example.com,276989901
8470,Mia,Johnson,customer8470@example.com,505691670
8471,Ava,Wilson,customer8471@example.com,225444347
8472,John,Clark,customer8472@example.com,756358865
8473,Amelia,Lee,customer8473@example.com,612912295
8474,Ava,Miller,customer8474@example.com,556845156
8475,Sophia,Taylor,customer8475@example.com,294132566
8476,Olivia,Adams,customer8476@example.com,108498023
8477,John,Thomas,customer8477@example.com,331342886
8478,Mia,Walker,customer8478@example.com,951614917
8479,Emma,Martin,customer8479@example.com,635694031
8480,Mia,Hall,customer8480@example.com,517468282
8481,Mia,King,customer8481@example.com,409853650
8482,John,Clark,customer8482@example.com,741332810
8483,Isabella,Adams,customer8483@example.com,569303994
8484,John,Taylor,customer8484@example.com,203496796
8485,Isabella,King,customer8485@example.com,341832608
8486,John,Smith,customer8486@example.com,625165952
8487,Noah,Wilson,customer8487@example.com,408668408
8488,John,Clark,customer8488@example.com,334248982
8489,Olivia,Taylor,customer8489@example.com,853247905
8490,Amelia,Johnson,customer8490@example.com,103569442
8491,Isabella,Lopez,customer8491@example.com,237144535
8492,Sophia,Brown,customer8492@example.com,173003126
8493,Laura,Thomas,customer8493@example.com,936231141
8494,Ava,Walker,customer8494@example.com,631130130
8495,Sophia,Lee,customer8495@example.com,929359146
8496,Lucas,King,customer8496@example.com,789919981
8497,Nina,Thomas,customer8497@example.com,763020012
8498,Sarah,King,customer8498@example.com,444655032
8499,John,King,customer8499@example.com,448669756
8500,Sophia,Taylor,customer8500@example.com,727554783
8501,Mia,Taylor,customer8501@example.com,831505779
8502,Sarah,Wilson,customer8502@example.com,865366017
8503,John,Davis,customer8503@example.com,536025317
8504,Olivia,Young,customer8504@example.com,451856326
8505,Laura,Clark,customer8505@example.com,760295153
8506,Noah,Walker,customer8506@example.com,171468379
8507,Liam,Miller,customer8507@example.com,156076637
8508,Daniel,Johnson,customer8508@example.com,490061214
8509,Mia,Adams,customer8509@example.com,199585411
8510,Lucas,Walker,customer8510@example.com,587594775
8511,Mia,Martin,customer8511@example.com,606393748
8512,Isabella,Clark,customer8512@example.com,785722215
8513,Mason,Clark,customer8513@example.com,929333768
8514,Ava,Garcia,customer8514@example.com,570685902
8515,Daniel,Garcia,customer8515@example.com,220404019
8516,James,Davis,customer8516@example.com,482689226
8517,Oscar,Garcia,customer8517@example.com,854118769
8518,Oscar,Walker,customer8518@example.com,314145782
8519,Lucas,Garcia,customer8519@example.com,747503441
8520,Mason,Johnson,customer8520@example.com,457953357
8521,Isabella,Hall,customer8521@example.com,648193635
8522,Nina,Smith,customer8522@example.com,338634331
8523,Mason,Davis,customer8523@example.com,668923329
8524,Mason,Lee,customer8524@example.com,189277215
8525,Noah,Anderson,customer8525@example.com,357317854
8526,Daniel,Adams,customer8526@example.com,295657042
8527,Anna,Johnson,customer8527@example.com,650807925
8528,Laura,Young,customer8528@example.com,674395925
8529,Sophia,King,customer8529@example.com,173355224
8530,Sarah,Taylor,customer8530@example.com,615309123
8531,Nina,Hall,customer8531@example.com,310774725
8532,Emma,Garcia,customer8532@example.com,988209893
8533,Nina,Lee,customer8533@example.com,297519631
8534,John,Brown,customer8534@example.com,436576114
8535,Sophia,Davis,customer8535@example.com,577998010
8536,Mia,Lee,customer8536@example.com,450807271
8537,Mason,Miller,customer8537@example.com,882691805
8538,Isabella,Hall,customer8538@example.com,972058531
8539,Daniel,Johnson,customer8539@example.com,209013966
8540,Daniel,Scott,customer8540@example.com,215298327
8541,Sarah,Lee,customer8541@example.com,836113452
8542,Laura,Anderson,customer8542@example.com,414109605
8543,Lucas,Lopez,customer8543@example.com,633181562
8544,Noah,Hall,customer8544@example.com,575338076
8545,David,Taylor,customer8545@example.com,736181145
8546,David,Scott,customer8546@example.com,170120064
8547,Mia,Thomas,customer8547@example.com,325378563
8548,David,Wilson,customer8548@example.com,730995948
8549,Amelia,Scott,customer8549@example.com,375900673
8550,David,Lee,customer8550@example.com,381312969
8551,John,Johnson,customer8551@example.com,754543767
8552,Oscar,Scott,customer8552@example.com,729037950
8553,Emma,Johnson,customer8553@example.com,220436830
8554,Liam,King,customer8554@example.com,739496339
8555,Nina,Miller,customer8555@example.com,615063822
8556,Isabella,Scott,customer8556@example.com,118212699
8557,Nina,Thomas,customer8557@example.com,994062201
8558,John,Taylor,customer8558@example.com,202219858
8559,Noah,King,customer8559@example.com,738286878
8560,Anna,Young,customer8560@example.com,411932065
8561,Mia,Taylor,customer8561@example.com,798523925
8562,Mia,Lopez,customer8562@example.com,397357066
8563,Daniel,Young,customer8563@example.com,419482003
8564,Amelia,Adams,customer8564@example.com,877600763
8565,James,Scott,customer8565@example.com,498049146
8566,James,Taylor,customer8566@example.com,702412114
8567,Sarah,Hall,customer8567@example.com,452824489
8568,Oscar,Clark,customer8568@example.com,909852292
8569,Daniel,Wilson,customer8569@example.com,656534054
8570,Olivia,Scott,customer8570@example.com,155128199
8571,Sophia,Wilson,customer8571@example.com,176726487
8572,James,Scott,customer8572@example.com,596885595
8573,Nina,Adams,customer8573@example.com,809027332
8574,Noah,Wilson,customer8574@example.com,421306214
8575,Daniel,King,customer8575@example.com,301360343
8576,Amelia,Walker,customer8576@example.com,187992381
8577,James,Smith,customer8577@example.com,452365773
8578,Oscar,Young,customer8578@example.com,421315842
8579,Lucas,Miller,customer8579@example.com,970681342
8580,Olivia,Martin,customer8580@example.com,953415402
8581,Mason,Lee,customer8581@example.com,632940741
8582,Sophia,Young,customer8582@example.com,520067776
8583,Daniel,Davis,customer8583@example.com,189120763
8584,Sophia,Anderson,customer8584@example.com,785257010
8585,Emma,Anderson,customer8585@example.com,667110830
8586,Daniel,Miller,customer8586@example.com,907438286
8587,Anna,King,customer8587@example.com,222489176
8588,Noah,Scott,customer8588@example.com,363884604
8589,Amelia,Hall,customer8589@example.com,995814380
8590,Nina,Brown,customer8590@example.com,395388777
8591,John,Scott,customer8591@example.com,112193966
8592,Emma,Adams,customer8592@example.com,805116773
8593,Oscar,Taylor,customer8593@example.com,994850544
8594,Olivia,Walker,customer8594@example.com,602522263
8595,Oscar,Johnson,customer8595@example.com,497720983
8596,John,Wilson,customer8596@example.com,701589644
8597,Anna,Lee,customer8597@example.com,728354912
8598,Mason,Thomas,customer8598@example.com,983810465
8599,Sarah,Brown,customer8599@example.com,774314302
8600,John,Young,customer8600@example.com,678168142
8601,Emma,Walker,customer8601@example.com,904235048
8602,Emma,Miller,customer8602@example.com,309550241
8603,Ava,Lopez,customer8603@example.com,121448192
8604,Olivia,Davis,customer8604@example.com,718124470
8605,Isabella,Scott,customer8605@example.com,185706314
8606,Emma,Thomas,customer8606@example.com,671915981
8607,Ava,Scott,customer8607@example.com,609287097
8608,Mia,Wilson,customer8608@example.com,793978998
8609,John,Clark,customer8609@example.com,230204709
8610,Isabella,Lee,customer8610@example.com,145379053
8611,Oscar,Johnson,customer8611@example.com,840972530
8612,Daniel,Miller,customer8612@example.com,987288467
8613,Nina,Davis,customer8613@example.com,639328154
8614,Olivia,Johnson,customer8614@example.com,404306019
8615,John,Johnson,customer8615@example.com,245630539
8616,Mia,Anderson,customer8616@example.com,867332033
8617,James,Anderson,customer8617@example.com,529991641
8618,Noah,Miller,customer8618@example.com,848569845
8619,Daniel,Hall,customer8619@example.com,320805967
8620,David,Lopez,customer8620@example.com,250174497
8621,James,Brown,customer8621@example.com,333037366
8622,Sarah,Young,customer8622@example.com,873764645
8623,Amelia,Lopez,customer8623@example.com,710261100
8624,Isabella,Anderson,customer8624@example.com,479277669
8625,Isabella,Adams,customer8625@example.com,164804229
8626,Emma,Miller,customer8626@example.com,684708979
8627,John,Lee,customer8627@example.com,197009970
8628,Sarah,Garcia,customer8628@example.com,583573331
8629,Isabella,Brown,customer8629@example.com,798642489
8630,John,Lopez,customer8630@example.com,980909985
8631,David,Thomas,customer8631@example.com,727906148
8632,Laura,Scott,customer8632@example.com,299648752
8633,Sarah,Clark,customer8633@example.com,948099169
8634,Olivia,Davis,customer8634@example.com,507840273
8635,Mia,Thomas,customer8635@example.com,521859610
8636,Amelia,Johnson,customer8636@example.com,808696059
8637,Ava,Young,customer8637@example.com,357681067
8638,Laura,Hall,customer8638@example.com,295110449
8639,James,Smith,customer8639@example.com,270089241
8640,Nina,Adams,customer8640@example.com,552930293
8641,David,Lee,customer8641@example.com,105031540
8642,John,Thomas,customer8642@example.com,416738022
8643,Sophia,Young,customer8643@example.com,188268881
8644,David,Martin,customer8644@example.com,375333978
8645,Noah,Lee,customer8645@example.com,182187850
8646,Liam,Davis,customer8646@example.com,769426316
8647,James,Miller,customer8647@example.com,781402995
8648,Mason,Miller,customer8648@example.com,674895555
8649,Mia,Lee,customer8649@example.com,989311082
8650,Lucas,Johnson,customer8650@example.com,500833163
8651,Olivia,Johnson,customer8651@example.com,302839899
8652,Nina,King,customer8652@example.com,101312566
8653,Ava,Hall,customer8653@example.com,329773464
8654,Emma,Martin,customer8654@example.com,253233612
8655,Laura,Lee,customer8655@example.com,323908049
8656,Anna,Wilson,customer8656@example.com,646652839
8657,Olivia,Martin,customer8657@example.com,780494630
8658,Lucas,Martin,customer8658@example.com,586713899
8659,Olivia,Young,customer8659@example.com,910651266
8660,Oscar,Thomas,customer8660@example.com,735631188
8661,John,Anderson,customer8661@example.com,123201132
8662,Oscar,Lee,customer8662@example.com,717544034
8663,Liam,Lee,customer8663@example.com,631821223
8664,David,Martin,customer8664@example.com,846435811
8665,Amelia,Smith,customer8665@example.com,711676151
8666,Sophia,Taylor,customer8666@example.com,642944334
8667,Nina,Martin,customer8667@example.com,758918948
8668,Daniel,Walker,customer8668@example.com,921692491
8669,Lucas,Miller,customer8669@example.com,910029537
8670,Sarah,Davis,customer8670@example.com,859040836
8671,Isabella,Miller,customer8671@example.com,677283947
8672,James,Wilson,customer8672@example.com,627164268
8673,Olivia,Walker,customer8673@example.com,385488676
8674,Mason,Smith,customer8674@example.com,789131248
8675,Anna,King,customer8675@example.com,701242434
8676,Olivia,Davis,customer8676@example.com,913422740
8677,David,Martin,customer8677@example.com,932858219
8678,Liam,Anderson,customer8678@example.com,427563057
8679,Mason,Scott,customer8679@example.com,641033587
8680,Daniel,Brown,customer8680@example.com,644663192
8681,Laura,Anderson,customer8681@example.com,688815011
8682,Laura,Walker,customer8682@example.com,799971837
8683,Sarah,Young,customer8683@example.com,338848174
8684,Isabella,Anderson,customer8684@example.com,534546517
8685,Mia,Hall,customer8685@example.com,582654600
8686,Emma,Martin,customer8686@example.com,201246436
8687,Isabella,Smith,customer8687@example.com,749659822
8688,Emma,Adams,customer8688@example.com,221029042
8689,Sarah,Anderson,customer8689@example.com,650454911
8690,Anna,Smith,customer8690@example.com,300027050
8691,Nina,Wilson,customer8691@example.com,525092245
8692,Ava,Clark,customer8692@example.com,384012626
8693,Sophia,Johnson,customer8693@example.com,381283935
8694,Noah,Taylor,customer8694@example.com,349799332
8695,Noah,Adams,customer8695@example.com,137420126
8696,Sarah,Walker,customer8696@example.com,595881130
8697,Ava,Smith,customer8697@example.com,388332910
8698,Lucas,Brown,customer8698@example.com,121131527
8699,Liam,Hall,customer8699@example.com,840309605
8700,Oscar,Martin,customer8700@example.com,207057192
8701,Oscar,Anderson,customer8701@example.com,271327357
8702,Lucas,Clark,customer8702@example.com,938359480
8703,Isabella,King,customer8703@example.com,790680725
8704,Noah,Johnson,customer8704@example.com,767206152
8705,Laura,Adams,customer8705@example.com,432394369
8706,Olivia,Wilson,customer8706@example.com,254831838
8707,Lucas,King,customer8707@example.com,599951473
8708,Emma,Scott,customer8708@example.com,884035306
8709,Nina,Hall,customer8709@example.com,262160092
8710,David,Martin,customer8710@example.com,716688859
8711,Anna,Anderson,customer8711@example.com,296851498
8712,Sophia,Clark,customer8712@example.com,183889967
8713,Laura,Garcia,customer8713@example.com,951961446
8714,Ava,Taylor,customer8714@example.com,410969170
8715,Emma,Martin,customer8715@example.com,993763079
8716,Mason,Taylor,customer8716@example.com,550129768
8717,Olivia,Davis,customer8717@example.com,672915779
8718,Amelia,Johnson,customer8718@example.com,138059895
8719,Mason,Garcia,customer8719@example.com,510783462
8720,Daniel,Lee,customer8720@example.com,206533185
8721,David,Anderson,customer8721@example.com,153966820
8722,Laura,Smith,customer8722@example.com,260319624
8723,Nina,Lopez,customer8723@example.com,581735140
8724,Sophia,Johnson,customer8724@example.com,262614360
8725,Liam,Johnson,customer8725@example.com,738400523
8726,John,Thomas,customer8726@example.com,519751154
8727,Anna,Wilson,customer8727@example.com,175246152
8728,Oscar,Clark,customer8728@example.com,311091070
8729,Anna,King,customer8729@example.com,726412812
8730,Emma,Smith,customer8730@example.com,463959990
8731,James,Hall,customer8731@example.com,749522748
8732,John,Smith,customer8732@example.com,164352029
8733,Olivia,Hall,customer8733@example.com,361343406
8734,Ava,Miller,customer8734@example.com,956782979
8735,Oscar,Smith,customer8735@example.com,127913919
8736,James,Anderson,customer8736@example.com,760711935
8737,James,Brown,customer8737@example.com,303481116
8738,Liam,Walker,customer8738@example.com,284324080
8739,Sophia,Brown,customer8739@example.com,217206520
8740,Mason,King,customer8740@example.com,972948805
8741,David,Scott,customer8741@example.com,144298773
8742,Daniel,Hall,customer8742@example.com,181143210
8743,David,Hall,customer8743@example.com,253045844
8744,Sophia,Davis,customer8744@example.com,126791708
8745,Lucas,Miller,customer8745@example.com,862297878
8746,Lucas,Lee,customer8746@example.com,950776308
8747,Olivia,Hall,customer8747@example.com,219141685
8748,Oscar,Taylor,customer8748@example.com,687506049
8749,Noah,Hall,customer8749@example.com,995752574
8750,Emma,Walker,customer8750@example.com,375774830
8751,Mia,Thomas,customer8751@example.com,537079839
8752,Liam,Wilson,customer8752@example.com,985893442
8753,Isabella,Garcia,customer8753@example.com,414752120
8754,Ava,Taylor,customer8754@example.com,487133229
8755,Ava,Brown,customer8755@example.com,795726498
8756,David,Smith,customer8756@example.com,254694774
8757,John,Taylor,customer8757@example.com,330504270
8758,Oscar,Martin,customer8758@example.com,911028142
8759,Noah,Wilson,customer8759@example.com,886589310
8760,Emma,Scott,customer8760@example.com,391625249
8761,Mia,Walker,customer8761@example.com,956670202
8762,Laura,Taylor,customer8762@example.com,503541834
8763,Amelia,Smith,customer8763@example.com,323600426
8764,Sophia,Lee,customer8764@example.com,788862069
8765,Sarah,Miller,customer8765@example.com,201332643
8766,Isabella,Wilson,customer8766@example.com,605007363
8767,Anna,Brown,customer8767@example.com,799591841
8768,James,Adams,customer8768@example.com,978687154
8769,Mia,King,customer8769@example.com,125884092
8770,Ava,Martin,customer8770@example.com,470383380
8771,Sarah,Scott,customer8771@example.com,679874163
8772,Sarah,Davis,customer8772@example.com,510453846
8773,Liam,Wilson,customer8773@example.com,213568279
8774,Olivia,Scott,customer8774@example.com,816631231
8775,Olivia,Miller,customer8775@example.com,676625202
8776,Oscar,Brown,customer8776@example.com,283319438
8777,Anna,King,customer8777@example.com,534439603
8778,Mia,Adams,customer8778@example.com,961499302
8779,Nina,Lee,customer8779@example.com,374125495
8780,Laura,King,customer8780@example.com,559518421
8781,Daniel,Lee,customer8781@example.com,236259676
8782,Mason,Walker,customer8782@example.com,507344545
8783,Liam,Smith,customer8783@example.com,637085539
8784,Daniel,Martin,customer8784@example.com,434966161
8785,James,Martin,customer8785@example.com,125378537
8786,Daniel,Thomas,customer8786@example.com,570644657
8787,Nina,Brown,customer8787@example.com,706186445
8788,Olivia,Scott,customer8788@example.com,134927748
8789,Laura,Garcia,customer8789@example.com,765409860
8790,Oscar,Wilson,customer8790@example.com,192077688
8791,Anna,Garcia,customer8791@example.com,146828133
8792,Liam,Lopez,customer8792@example.com,713407874
8793,Daniel,Anderson,customer8793@example.com,522021469
8794,Amelia,Wilson,customer8794@example.com,995077335
8795,Mason,Miller,customer8795@example.com,347455860
8796,Lucas,King,customer8796@example.com,388853213
8797,Daniel,Lee,customer8797@example.com,390360213
8798,James,Johnson,customer8798@example.com,641348073
8799,Sophia,Davis,customer8799@example.com,340519718
8800,Oscar,Young,customer8800@example.com,540468682
8801,John,Martin,customer8801@example.com,563527323
8802,Sophia,Wilson,customer8802@example.com,867098228
8803,Emma,Taylor,customer8803@example.com,170778982
8804,Sophia,Anderson,customer8804@example.com,898305910
8805,Laura,Wilson,customer8805@example.com,115617382
8806,Sarah,Miller,customer8806@example.com,101599970
8807,Mason,Anderson,customer8807@example.com,102124225
8808,Liam,Smith,customer8808@example.com,119513871
8809,Nina,Young,customer8809@example.com,504696908
8810,Isabella,Garcia,customer8810@example.com,898624180
8811,David,Walker,customer8811@example.com,356917100
8812,Oscar,Davis,customer8812@example.com,757330182
8813,Emma,Smith,customer8813@example.com,654220401
8814,Daniel,Scott,customer8814@example.com,924760361
8815,Oscar,Brown,customer8815@example.com,230264298
8816,Lucas,Davis,customer8816@example.com,536147256
8817,Emma,Smith,customer8817@example.com,722389141
8818,Noah,Lopez,customer8818@example.com,709581924
8819,Ava,Thomas,customer8819@example.com,249103783
8820,Laura,Anderson,customer8820@example.com,590427635
8821,Oscar,King,customer8821@example.com,930361458
8822,Oscar,Walker,customer8822@example.com,894582515
8823,Amelia,Johnson,customer8823@example.com,516831500
8824,Emma,King,customer8824@example.com,953793008
8825,John,Garcia,customer8825@example.com,683392565
8826,Noah,King,customer8826@example.com,556616661
8827,Laura,Martin,customer8827@example.com,517157152
8828,Isabella,Johnson,customer8828@example.com,154398124
8829,Emma,Adams,customer8829@example.com,976104224
8830,Oscar,Young,customer8830@example.com,397780844
8831,Isabella,Thomas,customer8831@example.com,566607438
8832,Olivia,Davis,customer8832@example.com,876328776
8833,Isabella,Walker,customer8833@example.com,188564299
8834,Olivia,Young,customer8834@example.com,191443036
8835,John,Brown,customer8835@example.com,810981155
8836,Amelia,King,customer8836@example.com,793381428
8837,Sarah,Martin,customer8837@example.com,454040691
8838,Daniel,Wilson,customer8838@example.com,915216554
8839,Oscar,Garcia,customer8839@example.com,261148492
8840,Emma,Anderson,customer8840@example.com,782816023
8841,Lucas,Smith,customer8841@example.com,173458529
8842,Sarah,Anderson,customer8842@example.com,447830006
8843,Isabella,Martin,customer8843@example.com,543318944
8844,Anna,Smith,customer8844@example.com,579401780
8845,John,Lopez,customer8845@example.com,717137562
8846,Amelia,Adams,customer8846@example.com,368846550
8847,Mia,Scott,customer8847@example.com,855971832
8848,Lucas,Lopez,customer8848@example.com,563794658
8849,James,Wilson,customer8849@example.com,868921597
8850,Liam,Davis,customer8850@example.com,162878521
8851,Nina,Wilson,customer8851@example.com,386685375
8852,Emma,Wilson,customer8852@example.com,858426762
8853,Nina,Brown,customer8853@example.com,839505679
8854,Daniel,Wilson,customer8854@example.com,247932385
8855,Isabella,Young,customer8855@example.com,579681660
8856,Amelia,Garcia,customer8856@example.com,101211822
8857,Ava,Lopez,customer8857@example.com,251116724
8858,Liam,Young,customer8858@example.com,472213267
8859,Daniel,Brown,customer8859@example.com,633521546
8860,Lucas,Miller,customer8860@example.com,245967878
8861,James,Thomas,customer8861@example.com,947900230
8862,Sarah,Anderson,customer8862@example.com,541936923
8863,Mia,Taylor,customer8863@example.com,338659718
8864,Sarah,Walker,customer8864@example.com,118679727
8865,Emma,Garcia,customer8865@example.com,193619467
8866,Sophia,Adams,customer8866@example.com,201684681
8867,Nina,Wilson,customer8867@example.com,692340913
8868,John,Davis,customer8868@example.com,689432781
8869,Olivia,Lee,customer8869@example.com,174564173
8870,Sophia,Miller,customer8870@example.com,471462666
8871,Oscar,Smith,customer8871@example.com,408018616
8872,David,Davis,customer8872@example.com,134045293
8873,Liam,Walker,customer8873@example.com,745979232
8874,Sophia,Thomas,customer8874@example.com,159465326
8875,Lucas,Lee,customer8875@example.com,538514565
8876,Emma,Johnson,customer8876@example.com,191539767
8877,Ava,King,customer8877@example.com,360170812
8878,Daniel,Wilson,customer8878@example.com,592075731
8879,Noah,Smith,customer8879@example.com,196348005
8880,Sophia,Anderson,customer8880@example.com,236528704
8881,Oscar,Lee,customer8881@example.com,173705699
8882,Sarah,Brown,customer8882@example.com,234318070
8883,Emma,Martin,customer8883@example.com,671608179
8884,Sarah,Smith,customer8884@example.com,634464106
8885,Anna,Lee,customer8885@example.com,906841920
8886,John,Thomas,customer8886@example.com,974988696
8887,Lucas,Garcia,customer8887@example.com,509992924
8888,Liam,Garcia,customer8888@example.com,803399213
8889,Sophia,Wilson,customer8889@example.com,572238097
8890,Anna,Thomas,customer8890@example.com,780766368
8891,Mia,Lopez,customer8891@example.com,986070463
8892,Emma,Davis,customer8892@example.com,767909542
8893,Noah,Miller,customer8893@example.com,354044979
8894,Emma,Clark,customer8894@example.com,636034022
8895,Mason,Garcia,customer8895@example.com,628085654
8896,Ava,Martin,customer8896@example.com,352198812
8897,Sarah,King,customer8897@example.com,552964165
8898,Noah,Hall,customer8898@example.com,540054094
8899,Nina,Taylor,customer8899@example.com,275215227
8900,John,Davis,customer8900@example.com,904719299
8901,Ava,Walker,customer8901@example.com,817451204
8902,Sophia,Lopez,customer8902@example.com,586472900
8903,Emma,Young,customer8903@example.com,520890278
8904,Anna,Lopez,customer8904@example.com,476971843
8905,David,Wilson,customer8905@example.com,239610079
8906,Lucas,Brown,customer8906@example.com,767224411
8907,James,Lee,customer8907@example.com,686024243
8908,James,Young,customer8908@example.com,389440522
8909,Amelia,Garcia,customer8909@example.com,608207357
8910,James,Brown,customer8910@example.com,811237418
8911,Sophia,Scott,customer8911@example.com,164520636
8912,Mason,Clark,customer8912@example.com,116154160
8913,Liam,Lee,customer8913@example.com,216880122
8914,Daniel,Garcia,customer8914@example.com,637513593
8915,Oscar,Hall,customer8915@example.com,423558333
8916,Ava,Wilson,customer8916@example.com,352644448
8917,John,Martin,customer8917@example.com,971550901
8918,Mason,Garcia,customer8918@example.com,157603643
8919,Mia,Lee,customer8919@example.com,893410057
8920,David,King,customer8920@example.com,263595705
8921,Olivia,Wilson,customer8921@example.com,193287387
8922,John,Lee,customer8922@example.com,371418117
8923,Amelia,Clark,customer8923@example.com,275693103
8924,Sarah,Martin,customer8924@example.com,717221214
8925,Sophia,Smith,customer8925@example.com,529141769
8926,Lucas,Garcia,customer8926@example.com,790220666
8927,Noah,Davis,customer8927@example.com,208528825
8928,Amelia,Hall,customer8928@example.com,931194352
8929,Mason,King,customer8929@example.com,691021047
8930,Noah,Young,customer8930@example.com,257573462
8931,James,Thomas,customer8931@example.com,102707385
8932,Anna,Thomas,customer8932@example.com,429341319
8933,Isabella,Miller,customer8933@example.com,827103837
8934,Oscar,Garcia,customer8934@example.com,637346357
8935,Daniel,Taylor,customer8935@example.com,877405890
8936,Noah,Young,customer8936@example.com,654928234
8937,Lucas,Scott,customer8937@example.com,960465290
8938,Anna,King,customer8938@example.com,124909842
8939,David,Lopez,customer8939@example.com,378818931
8940,Emma,Clark,customer8940@example.com,205591327
8941,Olivia,Johnson,customer8941@example.com,295147039
8942,Noah,Taylor,customer8942@example.com,975290209
8943,Sarah,Garcia,customer8943@example.com,310532121
8944,Lucas,Brown,customer8944@example.com,961299031
8945,Sophia,Thomas,customer8945@example.com,131468795
8946,Olivia,Lopez,customer8946@example.com,154715416
8947,Mia,Adams,customer8947@example.com,898836185
8948,Daniel,Lee,customer8948@example.com,104500357
8949,Isabella,Hall,customer8949@example.com,252769430
8950,Olivia,Young,customer8950@example.com,513444890
8951,Liam,Johnson,customer8951@example.com,317578493
8952,Sophia,Johnson,customer8952@example.com,850403119
8953,Mason,Davis,customer8953@example.com,738526881
8954,James,King,customer8954@example.com,989135496
8955,Oscar,Adams,customer8955@example.com,748959710
8956,Liam,Brown,customer8956@example.com,196062787
8957,Lucas,Johnson,customer8957@example.com,114180194
8958,Mason,Garcia,customer8958@example.com,609859727
8959,Olivia,Thomas,customer8959@example.com,214823611
8960,Laura,Davis,customer8960@example.com,733179112
8961,James,King,customer8961@example.com,545539382
8962,Liam,Davis,customer8962@example.com,776823445
8963,David,Wilson,customer8963@example.com,916644671
8964,Sarah,Adams,customer8964@example.com,906654824
8965,Liam,Young,customer8965@example.com,377423226
8966,Olivia,Scott,customer8966@example.com,795799923
8967,Mia,Walker,customer8967@example.com,982052713
8968,Daniel,Miller,customer8968@example.com,491549162
8969,Emma,Davis,customer8969@example.com,182722485
8970,Mason,Walker,customer8970@example.com,465851880
8971,Isabella,Miller,customer8971@example.com,669200353
8972,Sophia,Davis,customer8972@example.com,124302873
8973,Laura,Taylor,customer8973@example.com,699267885
8974,Daniel,Walker,customer8974@example.com,661122703
8975,Emma,Hall,customer8975@example.com,247748824
8976,James,Adams,customer8976@example.com,916529974
8977,Liam,Thomas,customer8977@example.com,602455623
8978,Olivia,Lee,customer8978@example.com,213584298
8979,Anna,Smith,customer8979@example.com,693268999
8980,Daniel,Davis,customer8980@example.com,936656658
8981,Amelia,Hall,customer8981@example.com,996348457
8982,Ava,Wilson,customer8982@example.com,317757643
8983,Amelia,Scott,customer8983@example.com,780476644
8984,David,Martin,customer8984@example.com,616600571
8985,Laura,Davis,customer8985@example.com,674960654
8986,Mason,Hall,customer8986@example.com,463835270
8987,Isabella,Johnson,customer8987@example.com,580401429
8988,Anna,King,customer8988@example.com,213862140
8989,Emma,Taylor,customer8989@example.com,957134701
8990,Mia,King,customer8990@example.com,116024901
8991,Nina,Clark,customer8991@example.com,942219606
8992,Sarah,Walker,customer8992@example.com,637409177
8993,Liam,Smith,customer8993@example.com,282231638
8994,Lucas,Garcia,customer8994@example.com,308471970
8995,Ava,Anderson,customer8995@example.com,524408656
8996,Sophia,Taylor,customer8996@example.com,985021510
8997,Olivia,Lopez,customer8997@example.com,728225072
8998,Liam,Lopez,customer8998@example.com,746891673
8999,David,King,customer8999@example.com,478399041
9000,James,Martin,customer9000@example.com,527790327
9001,Laura,Smith,customer9001@example.com,517614209
9002,James,Clark,customer9002@example.com,171181802
9003,Anna,Adams,customer9003@example.com,840982303
9004,Olivia,Thomas,customer9004@example.com,720691695
9005,Sarah,Wilson,customer9005@example.com,196038353
9006,John,Johnson,customer9006@example.com,890059107
9007,Olivia,Lee,customer9007@example.com,420180997
9008,Ava,Lopez,customer9008@example.com,178060639
9009,Emma,Hall,customer9009@example.com,110357517
9010,Mason,Anderson,customer9010@example.com,490819134
9011,Liam,Young,customer9011@example.com,923392214
9012,Lucas,Taylor,customer9012@example.com,402869605
9013,Mason,Davis,customer9013@example.com,765722917
9014,Nina,Thomas,customer9014@example.com,720501769
9015,Ava,Garcia,customer9015@example.com,681784788
9016,Mia,Young,customer9016@example.com,170822311
9017,Isabella,Smith,customer9017@example.com,110972456
9018,Mia,Davis,customer9018@example.com,893055198
9019,Anna,Adams,customer9019@example.com,969053253
9020,Noah,Smith,customer9020@example.com,439724201
9021,Isabella,Johnson,customer9021@example.com,258226709
9022,Olivia,Clark,customer9022@example.com,176523710
9023,David,Hall,customer9023@example.com,872766784
9024,Sarah,King,customer9024@example.com,516756516
9025,Mia,Lopez,customer9025@example.com,865486796
9026,Isabella,Thomas,customer9026@example.com,816987454
9027,Amelia,Miller,customer9027@example.com,349830241
9028,Mia,King,customer9028@example.com,197404735
9029,Noah,Smith,customer9029@example.com,449880532
9030,Emma,Davis,customer9030@example.com,917175575
9031,Lucas,Hall,customer9031@example.com,551627750
9032,Lucas,Wilson,customer9032@example.com,626760528
9033,Daniel,Scott,customer9033@example.com,945290364
9034,Anna,Davis,customer9034@example.com,443658910
9035,Laura,Thomas,customer9035@example.com,692500968
9036,John,Miller,customer9036@example.com,899357837
9037,Olivia,Wilson,customer9037@example.com,686272335
9038,Noah,Walker,customer9038@example.com,629010366
9039,John,Davis,customer9039@example.com,243866809
9040,Isabella,Scott,customer9040@example.com,499556522
9041,Oscar,Hall,customer9041@example.com,644053873
9042,Olivia,Miller,customer9042@example.com,488995820
9043,Lucas,Wilson,customer9043@example.com,504135528
9044,Liam,Adams,customer9044@example.com,595918162
9045,Sophia,Thomas,customer9045@example.com,888504451
9046,David,Smith,customer9046@example.com,264828264
9047,Mia,Garcia,customer9047@example.com,567219082
9048,Sarah,Martin,customer9048@example.com,554033342
9049,James,Walker,customer9049@example.com,251769571
9050,Liam,Clark,customer9050@example.com,169425841
9051,James,Davis,customer9051@example.com,129330836
9052,James,Anderson,customer9052@example.com,165655153
9053,Daniel,Walker,customer9053@example.com,231536644
9054,Sarah,Lopez,customer9054@example.com,964908666
9055,Lucas,Hall,customer9055@example.com,670756740
9056,Isabella,Hall,customer9056@example.com,813586772
9057,Liam,Anderson,customer9057@example.com,204907397
9058,Laura,Miller,customer9058@example.com,429526663
9059,Isabella,Young,customer9059@example.com,117121611
9060,Sophia,Walker,customer9060@example.com,418371805
9061,Noah,Garcia,customer9061@example.com,640365793
9062,John,Walker,customer9062@example.com,821252726
9063,Sophia,Lopez,customer9063@example.com,153483663
9064,Sophia,Scott,customer9064@example.com,285497838
9065,John,Martin,customer9065@example.com,927401626
9066,David,Young,customer9066@example.com,532531814
9067,Ava,Walker,customer9067@example.com,299647787
9068,Nina,Young,customer9068@example.com,995399192
9069,Mia,Johnson,customer9069@example.com,581782458
9070,Anna,Lee,customer9070@example.com,369156658
9071,Ava,Smith,customer9071@example.com,578158229
9072,David,Anderson,customer9072@example.com,254422158
9073,Laura,Brown,customer9073@example.com,996397083
9074,Mason,Miller,customer9074@example.com,323602245
9075,Nina,Lopez,customer9075@example.com,610980840
9076,Anna,Wilson,customer9076@example.com,484544028
9077,Amelia,Wilson,customer9077@example.com,333955572
9078,Daniel,Lee,customer9078@example.com,875279783
9079,Daniel,Hall,customer9079@example.com,752170882
9080,Liam,Lee,customer9080@example.com,821363297
9081,Emma,Martin,customer9081@example.com,655137912
9082,Daniel,Lopez,customer9082@example.com,734926925
9083,Isabella,Taylor,customer9083@example.com,161777067
9084,John,Clark,customer9084@example.com,934749206
9085,Isabella,Martin,customer9085@example.com,106470836
9086,Sarah,Smith,customer9086@example.com,837987225
9087,Daniel,Adams,customer9087@example.com,928931753
9088,Ava,Hall,customer9088@example.com,314764254
9089,Oscar,Lee,customer9089@example.com,896935161
9090,Noah,Miller,customer9090@example.com,740144677
9091,James,Lee,customer9091@example.com,376351483
9092,Emma,Miller,customer9092@example.com,305999572
9093,John,Lee,customer9093@example.com,583432760
9094,Liam,Hall,customer9094@example.com,637076670
9095,Amelia,Walker,customer9095@example.com,636668462
9096,John,Clark,customer9096@example.com,373472436
9097,Sophia,Lee,customer9097@example.com,182650678
9098,Oscar,Smith,customer9098@example.com,359029536
9099,Daniel,Martin,customer9099@example.com,258014613
9100,Sophia,Hall,customer9100@example.com,325547936
9101,David,Wilson,customer9101@example.com,589026761
9102,Mason,Taylor,customer9102@example.com,164033984
9103,Sophia,Taylor,customer9103@example.com,790915223
9104,Ava,Hall,customer9104@example.com,210904055
9105,Olivia,Brown,customer9105@example.com,997558624
9106,James,Clark,customer9106@example.com,799273096
9107,Laura,Lee,customer9107@example.com,751489939
9108,Olivia,Hall,customer9108@example.com,214469419
9109,Anna,Taylor,customer9109@example.com,161424650
9110,Mia,Taylor,customer9110@example.com,762271162
9111,Nina,Clark,customer9111@example.com,222428094
9112,Mia,Martin,customer9112@example.com,998882657
9113,Nina,Lopez,customer9113@example.com,719682691
9114,Nina,Thomas,customer9114@example.com,134769841
9115,Sarah,Taylor,customer9115@example.com,211202448
9116,Anna,Scott,customer9116@example.com,108443504
9117,Mason,Scott,customer9117@example.com,965942293
9118,Sophia,Taylor,customer9118@example.com,131769846
9119,Sophia,Lee,customer9119@example.com,710571363
9120,Nina,Smith,customer9120@example.com,202709157
9121,Lucas,Taylor,customer9121@example.com,828650078
9122,David,Martin,customer9122@example.com,631991459
9123,Noah,Johnson,customer9123@example.com,553444269
9124,Nina,Smith,customer9124@example.com,176721925
9125,James,Walker,customer9125@example.com,915478157
9126,Emma,Anderson,customer9126@example.com,965675814
9127,Noah,Lopez,customer9127@example.com,308325394
9128,James,Johnson,customer9128@example.com,467685023
9129,Emma,Johnson,customer9129@example.com,412679306
9130,Oscar,Anderson,customer9130@example.com,324066914
9131,Sophia,Lee,customer9131@example.com,996714792
9132,James,Taylor,customer9132@example.com,372521236
9133,Lucas,Lopez,customer9133@example.com,720163305
9134,Isabella,Davis,customer9134@example.com,967948375
9135,James,Taylor,customer9135@example.com,704732915
9136,Lucas,Walker,customer9136@example.com,565178496
9137,Isabella,King,customer9137@example.com,105722375
9138,Nina,Thomas,customer9138@example.com,704325139
9139,Liam,Lopez,customer9139@example.com,911998014
9140,John,Martin,customer9140@example.com,165353918
9141,Sophia,Clark,customer9141@example.com,761191133
9142,Amelia,King,customer9142@example.com,449019772
9143,Olivia,Adams,customer9143@example.com,335132092
9144,Amelia,Thomas,customer9144@example.com,236602037
9145,James,Taylor,customer9145@example.com,914015094
9146,Laura,Taylor,customer9146@example.com,680806429
9147,Noah,Taylor,customer9147@example.com,714815898
9148,Olivia,Lopez,customer9148@example.com,338594744
9149,Sarah,Johnson,customer9149@example.com,420474498
9150,Oscar,Lee,customer9150@example.com,163887297
9151,Ava,Lee,customer9151@example.com,871511738
9152,Anna,Walker,customer9152@example.com,524270670
9153,John,Taylor,customer9153@example.com,587067847
9154,Sophia,King,customer9154@example.com,792049448
9155,Mia,Clark,customer9155@example.com,320556221
9156,Oscar,Hall,customer9156@example.com,384299976
9157,Amelia,Scott,customer9157@example.com,501187260
9158,Emma,Walker,customer9158@example.com,876085519
9159,Emma,Young,customer9159@example.com,686404315
9160,Anna,Garcia,customer9160@example.com,976242620
9161,Emma,Lee,customer9161@example.com,903356114
9162,Laura,Clark,customer9162@example.com,909104572
9163,Anna,Smith,customer9163@example.com,282156180
9164,Liam,King,customer9164@example.com,110983904
9165,Olivia,Scott,customer9165@example.com,284423041
9166,Amelia,Johnson,customer9166@example.com,278138015
9167,Sophia,Brown,customer9167@example.com,498791621
9168,Mia,Thomas,customer9168@example.com,765394079
9169,Liam,Martin,customer9169@example.com,378150741
9170,Nina,Scott,customer9170@example.com,137145865
9171,Oscar,Thomas,customer9171@example.com,286136069
9172,Sophia,Clark,customer9172@example.com,306618540
9173,Isabella,Anderson,customer9173@example.com,286093591
9174,Emma,Taylor,customer9174@example.com,362721556
9175,Sarah,Brown,customer9175@example.com,143741026
9176,Ava,Clark,customer9176@example.com,800053921
9177,John,Clark,customer9177@example.com,163758329
9178,Olivia,Adams,customer9178@example.com,883171617
9179,Isabella,Miller,customer9179@example.com,404598982
9180,John,Johnson,customer9180@example.com,342704655
9181,David,Scott,customer9181@example.com,641481172
9182,Nina,King,customer9182@example.com,405841449
9183,Mason,Adams,customer9183@example.com,307920481
9184,Isabella,Anderson,customer9184@example.com,274162223
9185,Mia,Thomas,customer9185@example.com,523176944
9186,Sophia,Scott,customer9186@example.com,558224412
9187,Ava,Smith,customer9187@example.com,971712711
9188,Nina,Smith,customer9188@example.com,472394734
9189,Oscar,King,customer9189@example.com,792681026
9190,Isabella,Davis,customer9190@example.com,235641085
9191,Lucas,Martin,customer9191@example.com,197136989
9192,Sophia,Scott,customer9192@example.com,161774738
9193,James,Miller,customer9193@example.com,906763267
9194,Amelia,Lopez,customer9194@example.com,436142310
9195,Amelia,Adams,customer9195@example.com,760123671
9196,Ava,Johnson,customer9196@example.com,226598884
9197,Ava,Thomas,customer9197@example.com,633019373
9198,David,Anderson,customer9198@example.com,180803326
9199,Laura,Walker,customer9199@example.com,431775492
9200,Oscar,Clark,customer9200@example.com,398344738
9201,Sophia,Brown,customer9201@example.com,115985298
9202,David,Taylor,customer9202@example.com,739195886
9203,Lucas,Brown,customer9203@example.com,708121424
9204,Mason,Walker,customer9204@example.com,467109996
9205,Amelia,Davis,customer9205@example.com,729166384
9206,Ava,Taylor,customer9206@example.com,524689817
9207,James,Brown,customer9207@example.com,854830445
9208,Isabella,Davis,customer9208@example.com,617132938
9209,Sarah,Thomas,customer9209@example.com,875829066
9210,David,Wilson,customer9210@example.com,554785704
9211,Lucas,Hall,customer9211@example.com,441988838
9212,Ava,Young,customer9212@example.com,775979868
9213,David,Martin,customer9213@example.com,511345272
9214,Olivia,Wilson,customer9214@example.com,852928728
9215,Emma,Adams,customer9215@example.com,557117070
9216,Olivia,Walker,customer9216@example.com,968282987
9217,Isabella,Smith,customer9217@example.com,104842001
9218,Oscar,Scott,customer9218@example.com,270015414
9219,Nina,Martin,customer9219@example.com,438663589
9220,Ava,Martin,customer9220@example.com,165588902
9221,Mason,Taylor,customer9221@example.com,857149631
9222,Olivia,Brown,customer9222@example.com,479925154
9223,Isabella,Miller,customer9223@example.com,480776483
9224,Emma,Miller,customer9224@example.com,201025305
9225,Lucas,Anderson,customer9225@example.com,872874362
9226,Ava,Davis,customer9226@example.com,724796079
9227,Olivia,Garcia,customer9227@example.com,355295845
9228,Liam,Young,customer9228@example.com,574182214
9229,Laura,Scott,customer9229@example.com,594990130
9230,Ava,Martin,customer9230@example.com,600511615
9231,Amelia,Wilson,customer9231@example.com,501967852
9232,Lucas,Wilson,customer9232@example.com,264631914
9233,Noah,Young,customer9233@example.com,685464378
9234,Isabella,Martin,customer9234@example.com,774613249
9235,John,King,customer9235@example.com,949562706
9236,Olivia,Scott,customer9236@example.com,293630743
9237,Emma,Garcia,customer9237@example.com,928564446
9238,Nina,Hall,customer9238@example.com,628966211
9239,Liam,Lee,customer9239@example.com,629042590
9240,David,Scott,customer9240@example.com,312895369
9241,Mason,Thomas,customer9241@example.com,913417083
9242,Sophia,Scott,customer9242@example.com,733043578
9243,Nina,Lee,customer9243@example.com,480416158
9244,Olivia,Clark,customer9244@example.com,763047617
9245,Liam,Taylor,customer9245@example.com,465387156
9246,James,King,customer9246@example.com,814588250
9247,Mia,Lee,customer9247@example.com,395211487
9248,Liam,Young,customer9248@example.com,458139645
9249,Daniel,Clark,customer9249@example.com,889458889
9250,Daniel,Young,customer9250@example.com,306271646
9251,Nina,Taylor,customer9251@example.com,931975460
9252,John,Lee,customer9252@example.com,863002504
9253,Laura,Wilson,customer9253@example.com,534361625
9254,Sophia,Smith,customer9254@example.com,894199663
9255,Daniel,Martin,customer9255@example.com,527240351
9256,Laura,Wilson,customer9256@example.com,807018346
9257,Oscar,Taylor,customer9257@example.com,489137566
9258,Mia,Anderson,customer9258@example.com,937668367
9259,John,Clark,customer9259@example.com,186063733
9260,Oscar,Lopez,customer9260@example.com,281218634
9261,Nina,Taylor,customer9261@example.com,285342350
9262,Sophia,Clark,customer9262@example.com,109258707
9263,Olivia,King,customer9263@example.com,296871673
9264,Sarah,Lopez,customer9264@example.com,280391467
9265,Mia,Walker,customer9265@example.com,284794547
9266,Nina,Lee,customer9266@example.com,302618246
9267,Oscar,Martin,customer9267@example.com,293574280
9268,Emma,Brown,customer9268@example.com,282028295
9269,Sophia,Thomas,customer9269@example.com,393697349
9270,Noah,Garcia,customer9270@example.com,711744649
9271,Oscar,Taylor,customer9271@example.com,737825890
9272,Emma,Smith,customer9272@example.com,750134068
9273,Anna,Lopez,customer9273@example.com,282794814
9274,James,Johnson,customer9274@example.com,244288223
9275,Anna,Lopez,customer9275@example.com,100264915
9276,Lucas,Miller,customer9276@example.com,989091756
9277,Liam,Scott,customer9277@example.com,487949907
9278,Anna,Anderson,customer9278@example.com,298762013
9279,Noah,Hall,customer9279@example.com,997598639
9280,Mia,Johnson,customer9280@example.com,120146673
9281,Isabella,Adams,customer9281@example.com,180392318
9282,Liam,Brown,customer9282@example.com,717316531
9283,Isabella,Thomas,customer9283@example.com,498074249
9284,Mason,King,customer9284@example.com,764846930
9285,Sophia,Wilson,customer9285@example.com,272144551
9286,Mia,Walker,customer9286@example.com,200551789
9287,Noah,Scott,customer9287@example.com,338577687
9288,David,Smith,customer9288@example.com,846065705
9289,Liam,Lee,customer9289@example.com,122836003
9290,Daniel,Wilson,customer9290@example.com,595428333
9291,Laura,Johnson,customer9291@example.com,443995524
9292,David,Martin,customer9292@example.com,529747212
9293,Olivia,Lee,customer9293@example.com,992229472
9294,Liam,Hall,customer9294@example.com,568072450
9295,Ava,Lopez,customer9295@example.com,402129682
9296,Mason,Young,customer9296@example.com,865822970
9297,Sarah,Smith,customer9297@example.com,115811244
9298,Oscar,Miller,customer9298@example.com,345102156
9299,James,Taylor,customer9299@example.com,314625089
9300,Lucas,Lee,customer9300@example.com,196778194
9301,James,Lee,customer9301@example.com,807633214
9302,Ava,Thomas,customer9302@example.com,822946804
9303,Olivia,Anderson,customer9303@example.com,312845035
9304,Anna,Davis,customer9304@example.com,113347477
9305,Amelia,Martin,customer9305@example.com,403991650
9306,Noah,Lee,customer9306@example.com,421768515
9307,Ava,Anderson,customer9307@example.com,868172281
9308,Olivia,Lopez,customer9308@example.com,474699440
9309,Lucas,Garcia,customer9309@example.com,224880686
9310,Mason,Walker,customer9310@example.com,291853094
9311,James,Hall,customer9311@example.com,807050777
9312,David,Young,customer9312@example.com,488707689
9313,Laura,Lee,customer9313@example.com,907509543
9314,Liam,Lee,customer9314@example.com,843616161
9315,Mason,Martin,customer9315@example.com,748975104
9316,Mia,Taylor,customer9316@example.com,769666668
9317,Liam,Martin,customer9317@example.com,560170181
9318,Noah,Hall,customer9318@example.com,451965909
9319,John,Davis,customer9319@example.com,649323158
9320,Nina,Walker,customer9320@example.com,121230901
9321,Noah,Hall,customer9321@example.com,765422025
9322,Amelia,Scott,customer9322@example.com,302707032
9323,Sophia,Garcia,customer9323@example.com,848755841
9324,Sophia,Johnson,customer9324@example.com,281140337
9325,Mia,King,customer9325@example.com,335356345
9326,James,Garcia,customer9326@example.com,386268916
9327,Lucas,Brown,customer9327@example.com,925259104
9328,Laura,Taylor,customer9328@example.com,335175546
9329,Lucas,Clark,customer9329@example.com,559991687
9330,John,Anderson,customer9330@example.com,637926569
9331,David,Scott,customer9331@example.com,374371559
9332,James,Scott,customer9332@example.com,916962365
9333,Emma,Taylor,customer9333@example.com,485403961
9334,Mia,King,customer9334@example.com,496987182
9335,Isabella,Lopez,customer9335@example.com,917187478
9336,Ava,Lee,customer9336@example.com,700663963
9337,Oscar,Johnson,customer9337@example.com,401586140
9338,James,Taylor,customer9338@example.com,312450556
9339,Daniel,Lee,customer9339@example.com,888064445
9340,Lucas,Brown,customer9340@example.com,800978349
9341,Emma,Smith,customer9341@example.com,739542236
9342,John,Thomas,customer9342@example.com,637794127
9343,John,Miller,customer9343@example.com,617230874
9344,Lucas,Taylor,customer9344@example.com,198108059
9345,David,Martin,customer9345@example.com,351745039
9346,John,Scott,customer9346@example.com,747902139
9347,Emma,Johnson,customer9347@example.com,724435686
9348,Isabella,Hall,customer9348@example.com,672981414
9349,Noah,Martin,customer9349@example.com,821513303
9350,Anna,Johnson,customer9350@example.com,427195656
9351,Laura,Lee,customer9351@example.com,891389821
9352,Olivia,Garcia,customer9352@example.com,338509183
9353,James,Young,customer9353@example.com,661084098
9354,Lucas,Martin,customer9354@example.com,327932482
9355,James,Johnson,customer9355@example.com,525394274
9356,David,Brown,customer9356@example.com,682217399
9357,James,Clark,customer9357@example.com,546287679
9358,Lucas,Lee,customer9358@example.com,601817355
9359,Ava,Lopez,customer9359@example.com,910694793
9360,Isabella,Lopez,customer9360@example.com,694265300
9361,Noah,Clark,customer9361@example.com,807726398
9362,Mia,Brown,customer9362@example.com,657773672
9363,Sarah,Young,customer9363@example.com,901596386
9364,Amelia,Scott,customer9364@example.com,136032700
9365,Liam,Wilson,customer9365@example.com,586202611
9366,Laura,Taylor,customer9366@example.com,719403721
9367,Olivia,Smith,customer9367@example.com,934373594
9368,Daniel,Garcia,customer9368@example.com,459189729
9369,Liam,Walker,customer9369@example.com,797730402
9370,Nina,Lopez,customer9370@example.com,121940697
9371,Mia,Thomas,customer9371@example.com,490134345
9372,Anna,Lee,customer9372@example.com,135719308
9373,John,Johnson,customer9373@example.com,344698907
9374,Isabella,Walker,customer9374@example.com,386698793
9375,Anna,Scott,customer9375@example.com,646745099
9376,Isabella,Anderson,customer9376@example.com,129044476
9377,David,Hall,customer9377@example.com,792146986
9378,James,Anderson,customer9378@example.com,123894155
9379,David,Hall,customer9379@example.com,852524485
9380,Olivia,King,customer9380@example.com,245641613
9381,Sophia,Taylor,customer9381@example.com,551647696
9382,Anna,Hall,customer9382@example.com,717010780
9383,Lucas,Brown,customer9383@example.com,759608584
9384,Emma,Young,customer9384@example.com,585462259
9385,Daniel,Young,customer9385@example.com,562683847
9386,John,Anderson,customer9386@example.com,639427879
9387,John,Adams,customer9387@example.com,967946492
9388,Liam,Lopez,customer9388@example.com,605440548
9389,Mason,Scott,customer9389@example.com,545291519
9390,Mason,Garcia,customer9390@example.com,829862378
9391,Sophia,Young,customer9391@example.com,844746804
9392,Amelia,Young,customer9392@example.com,911683205
9393,Laura,Lopez,customer9393@example.com,125845386
9394,John,Miller,customer9394@example.com,123522782
9395,Mia,Scott,customer9395@example.com,248230434
9396,Ava,Davis,customer9396@example.com,845680750
9397,James,Johnson,customer9397@example.com,381708778
9398,Nina,Lee,customer9398@example.com,921406308
9399,Noah,King,customer9399@example.com,531078054
9400,James,Smith,customer9400@example.com,537157837
9401,David,Anderson,customer9401@example.com,300595397
9402,Liam,Brown,customer9402@example.com,531879514
9403,Sophia,Scott,customer9403@example.com,826027747
9404,Emma,Hall,customer9404@example.com,305791053
9405,Oscar,Scott,customer9405@example.com,290386614
9406,Daniel,Adams,customer9406@example.com,185998255
9407,Oscar,King,customer9407@example.com,271517641
9408,Laura,Davis,customer9408@example.com,703284296
9409,Ava,Lee,customer9409@example.com,854226243
9410,John,Anderson,customer9410@example.com,929589050
9411,Isabella,Walker,customer9411@example.com,197106014
9412,James,Smith,customer9412@example.com,673263738
9413,Anna,Garcia,customer9413@example.com,755783483
9414,Lucas,Taylor,customer9414@example.com,535107177
9415,Oscar,Garcia,customer9415@example.com,269366747
9416,Emma,Anderson,customer9416@example.com,870907221
9417,Oscar,King,customer9417@example.com,837621161
9418,Isabella,Brown,customer9418@example.com,824315961
9419,Isabella,Miller,customer9419@example.com,424792824
9420,Amelia,Smith,customer9420@example.com,221284215
9421,Mia,Clark,customer9421@example.com,932243777
9422,Oscar,Adams,customer9422@example.com,549411194
9423,James,Smith,customer9423@example.com,508431375
9424,Amelia,Taylor,customer9424@example.com,168192701
9425,Amelia,Miller,customer9425@example.com,979959372
9426,Nina,Walker,customer9426@example.com,303850875
9427,Emma,Clark,customer9427@example.com,377523113
9428,Amelia,Young,customer9428@example.com,274382195
9429,Lucas,Thomas,customer9429@example.com,702810664
9430,Daniel,Martin,customer9430@example.com,807261875
9431,Isabella,Johnson,customer9431@example.com,848800417
9432,Ava,Brown,customer9432@example.com,600265347
9433,Nina,Davis,customer9433@example.com,544835436
9434,Laura,Young,customer9434@example.com,105991892
9435,David,Lopez,customer9435@example.com,788153732
9436,Lucas,Thomas,customer9436@example.com,827783103
9437,Olivia,Miller,customer9437@example.com,792778048
9438,Daniel,Scott,customer9438@example.com,911324946
9439,Liam,Davis,customer9439@example.com,507607073
9440,Lucas,Scott,customer9440@example.com,876007264
9441,Ava,Young,customer9441@example.com,200022937
9442,John,Smith,customer9442@example.com,314440367
9443,James,Johnson,customer9443@example.com,222876485
9444,Laura,Johnson,customer9444@example.com,743254102
9445,Ava,Lee,customer9445@example.com,777327897
9446,Mia,Johnson,customer9446@example.com,579175043
9447,Liam,Anderson,customer9447@example.com,133380298
9448,Daniel,King,customer9448@example.com,133764318
9449,Daniel,Brown,customer9449@example.com,587759677
9450,Sophia,Lopez,customer9450@example.com,261300328
9451,Daniel,Taylor,customer9451@example.com,744930437
9452,Anna,King,customer9452@example.com,286673498
9453,Mia,Garcia,customer9453@example.com,665408109
9454,John,Smith,customer9454@example.com,809220826
9455,Emma,Walker,customer9455@example.com,258167718
9456,Daniel,Young,customer9456@example.com,808423806
9457,Oscar,Miller,customer9457@example.com,706607116
9458,Sophia,Walker,customer9458@example.com,777902474
9459,Lucas,Brown,customer9459@example.com,180811924
9460,Anna,King,customer9460@example.com,102343154
9461,Anna,Scott,customer9461@example.com,835967305
9462,Olivia,Adams,customer9462@example.com,513260080
9463,Olivia,Taylor,customer9463@example.com,958788459
9464,Laura,Lopez,customer9464@example.com,520813513
9465,Ava,Smith,customer9465@example.com,698578119
9466,Liam,Young,customer9466@example.com,243311117
9467,Emma,Thomas,customer9467@example.com,770981743
9468,Olivia,Walker,customer9468@example.com,161008495
9469,Sophia,Lee,customer9469@example.com,308969847
9470,Lucas,Martin,customer9470@example.com,389183905
9471,Mason,Miller,customer9471@example.com,962288362
9472,Amelia,Lopez,customer9472@example.com,776687201
9473,Sophia,Martin,customer9473@example.com,458638224
9474,Daniel,Hall,customer9474@example.com,106302522
9475,Noah,Taylor,customer9475@example.com,111759643
9476,Mia,Wilson,customer9476@example.com,420250583
9477,Sophia,Clark,customer9477@example.com,330800403
9478,Anna,Adams,customer9478@example.com,119936546
9479,Oscar,Brown,customer9479@example.com,267729318
9480,Isabella,Walker,customer9480@example.com,491090987
9481,Isabella,Smith,customer9481@example.com,296107791
9482,Nina,Martin,customer9482@example.com,711899923
9483,James,Lopez,customer9483@example.com,983601547
9484,Liam,Thomas,customer9484@example.com,755030693
9485,David,Walker,customer9485@example.com,100825880
9486,Ava,Garcia,customer9486@example.com,360149444
9487,David,Miller,customer9487@example.com,242762145
9488,Mia,Johnson,customer9488@example.com,477882582
9489,Sarah,Thomas,customer9489@example.com,849902580
9490,Anna,Martin,customer9490@example.com,638193934
9491,Noah,King,customer9491@example.com,975263361
9492,James,Clark,customer9492@example.com,936320817
9493,Lucas,Smith,customer9493@example.com,360996106
9494,David,Martin,customer9494@example.com,647630660
9495,Nina,Wilson,customer9495@example.com,227621129
9496,Sarah,Scott,customer9496@example.com,585083741
9497,Laura,Thomas,customer9497@example.com,655952121
9498,Sarah,Martin,customer9498@example.com,864826507
9499,David,Lee,customer9499@example.com,263498832
9500,Mason,Wilson,customer9500@example.com,347842250
9501,Anna,Johnson,customer9501@example.com,509266882
9502,David,Walker,customer9502@example.com,748882598
9503,Amelia,Young,customer9503@example.com,537821049
9504,Mia,Scott,customer9504@example.com,179124205
9505,Ava,Clark,customer9505@example.com,724355989
9506,Mia,Scott,customer9506@example.com,976813920
9507,Laura,Taylor,customer9507@example.com,244835362
9508,Liam,Martin,customer9508@example.com,299710882
9509,Amelia,Young,customer9509@example.com,515486106
9510,Sophia,Taylor,customer9510@example.com,541016864
9511,Oscar,Adams,customer9511@example.com,238309618
9512,Emma,Lopez,customer9512@example.com,547699749
9513,David,Brown,customer9513@example.com,587161920
9514,Oscar,Scott,customer9514@example.com,538281470
9515,Sophia,Anderson,customer9515@example.com,470175314
9516,David,Adams,customer9516@example.com,733516846
9517,Amelia,Wilson,customer9517@example.com,731346991
9518,Amelia,King,customer9518@example.com,366232510
9519,Mason,Miller,customer9519@example.com,906912296
9520,Nina,Hall,customer9520@example.com,529300498
9521,Nina,Young,customer9521@example.com,598206872
9522,Laura,Walker,customer9522@example.com,755965039
9523,Sophia,Clark,customer9523@example.com,938580505
9524,Anna,Smith,customer9524@example.com,423312122
9525,Olivia,Thomas,customer9525@example.com,373596878
9526,Daniel,Taylor,customer9526@example.com,152458441
9527,Daniel,Martin,customer9527@example.com,752844381
9528,Isabella,Davis,customer9528@example.com,451511533
9529,Mason,Adams,customer9529@example.com,666807042
9530,Mason,Adams,customer9530@example.com,190879143
9531,Ava,Wilson,customer9531@example.com,532128407
9532,Emma,Smith,customer9532@example.com,104744890
9533,Noah,Garcia,customer9533@example.com,419428362
9534,Liam,Walker,customer9534@example.com,528311491
9535,Ava,Adams,customer9535@example.com,877793559
9536,Noah,Garcia,customer9536@example.com,895848028
9537,Isabella,Johnson,customer9537@example.com,405204948
9538,Oscar,Brown,customer9538@example.com,333782758
9539,Mia,Davis,customer9539@example.com,117912889
9540,Mason,Young,customer9540@example.com,971370906
9541,Oscar,Hall,customer9541@example.com,445097579
9542,Ava,King,customer9542@example.com,604741676
9543,Ava,Johnson,customer9543@example.com,735050348
9544,Amelia,King,customer9544@example.com,566840114
9545,John,Lopez,customer9545@example.com,419033049
9546,Sophia,Wilson,customer9546@example.com,418741838
9547,Emma,Miller,customer9547@example.com,766884646
9548,Ava,Johnson,customer9548@example.com,656831984
9549,Sophia,Thomas,customer9549@example.com,461672337
9550,Isabella,Smith,customer9550@example.com,712277329
9551,Laura,Lee,customer9551@example.com,559676548
9552,Amelia,Davis,customer9552@example.com,768281076
9553,Lucas,King,customer9553@example.com,766193613
9554,David,Wilson,customer9554@example.com,710298780
9555,Nina,Johnson,customer9555@example.com,796896016
9556,Sarah,Lopez,customer9556@example.com,673322422
9557,Ava,Smith,customer9557@example.com,191456029
9558,Laura,Clark,customer9558@example.com,364145747
9559,Emma,Walker,customer9559@example.com,761088902
9560,Anna,Lee,customer9560@example.com,207915391
9561,Daniel,Lee,customer9561@example.com,714041754
9562,John,Hall,customer9562@example.com,264212912
9563,Mia,Smith,customer9563@example.com,432452044
9564,Isabella,Garcia,customer9564@example.com,626941508
9565,Lucas,Davis,customer9565@example.com,863238508
9566,Sophia,Miller,customer9566@example.com,342169920
9567,Noah,Anderson,customer9567@example.com,617717364
9568,Amelia,Miller,customer9568@example.com,534547817
9569,Olivia,Smith,customer9569@example.com,155651824
9570,Laura,Hall,customer9570@example.com,632434303
9571,Mason,Taylor,customer9571@example.com,178677986
9572,Laura,Clark,customer9572@example.com,166689973
9573,Isabella,Lee,customer9573@example.com,192514659
9574,Oscar,Taylor,customer9574@example.com,148306040
9575,Ava,Miller,customer9575@example.com,994776964
9576,Amelia,Scott,customer9576@example.com,741689837
9577,Noah,Scott,customer9577@example.com,312897187
9578,Daniel,Hall,customer9578@example.com,307636150
9579,Mason,Walker,customer9579@example.com,143287667
9580,Mason,Garcia,customer9580@example.com,885723901
9581,Sophia,Garcia,customer9581@example.com,433406385
9582,Lucas,Walker,customer9582@example.com,407746385
9583,Nina,Adams,customer9583@example.com,100091724
9584,Lucas,Hall,customer9584@example.com,563053223
9585,Emma,Walker,customer9585@example.com,905083471
9586,Nina,Lee,customer9586@example.com,238159208
9587,Isabella,Miller,customer9587@example.com,170532937
9588,Emma,Hall,customer9588@example.com,544033967
9589,John,Brown,customer9589@example.com,934718475
9590,Amelia,Brown,customer9590@example.com,944420203
9591,Laura,Johnson,customer9591@example.com,838800041
9592,Nina,Clark,customer9592@example.com,196452534
9593,Laura,Thomas,customer9593@example.com,805888557
9594,Sophia,King,customer9594@example.com,736825007
9595,Sarah,Brown,customer9595@example.com,387746209
9596,Sarah,Lopez,customer9596@example.com,306787283
9597,Lucas,Johnson,customer9597@example.com,749633715
9598,Noah,King,customer9598@example.com,953394816
9599,Sarah,Young,customer9599@example.com,101562964
9600,Sarah,Clark,customer9600@example.com,684769502
9601,Noah,Davis,customer9601@example.com,444629187
9602,James,Martin,customer9602@example.com,391250870
9603,Amelia,Lopez,customer9603@example.com,818415838
9604,Sarah,Thomas,customer9604@example.com,746690369
9605,Olivia,Lopez,customer9605@example.com,150348837
9606,Laura,Hall,customer9606@example.com,102891417
9607,Liam,Garcia,customer9607@example.com,112141776
9608,Oscar,Thomas,customer9608@example.com,989997332
9609,Emma,Garcia,customer9609@example.com,442451929
9610,Mia,Davis,customer9610@example.com,679365577
9611,Lucas,Smith,customer9611@example.com,917267323
9612,Isabella,Adams,customer9612@example.com,946604736
9613,Nina,Wilson,customer9613@example.com,291352683
9614,Noah,King,customer9614@example.com,125913302
9615,Mason,Scott,customer9615@example.com,510833977
9616,David,Taylor,customer9616@example.com,923753435
9617,Liam,Thomas,customer9617@example.com,651625758
9618,Sarah,King,customer9618@example.com,695586259
9619,David,Martin,customer9619@example.com,774677118
9620,Emma,Walker,customer9620@example.com,673569473
9621,Nina,Smith,customer9621@example.com,262727467
9622,David,Miller,customer9622@example.com,269058334
9623,Amelia,Miller,customer9623@example.com,197219827
9624,David,Garcia,customer9624@example.com,843082157
9625,Anna,Adams,customer9625@example.com,321885095
9626,Mason,Thomas,customer9626@example.com,467805751
9627,Anna,Wilson,customer9627@example.com,314842361
9628,Liam,Anderson,customer9628@example.com,749507930
9629,James,Garcia,customer9629@example.com,383088922
9630,Emma,Young,customer9630@example.com,644632747
9631,Liam,Lee,customer9631@example.com,623322450
9632,Liam,Young,customer9632@example.com,872916142
9633,Amelia,King,customer9633@example.com,618582861
9634,Liam,Adams,customer9634@example.com,280590057
9635,Liam,Davis,customer9635@example.com,743692332
9636,Amelia,Brown,customer9636@example.com,680734759
9637,Mia,Thomas,customer9637@example.com,184676105
9638,Noah,Anderson,customer9638@example.com,830949166
9639,Ava,Lopez,customer9639@example.com,506488935
9640,Olivia,Davis,customer9640@example.com,460010344
9641,Nina,Martin,customer9641@example.com,694364236
9642,John,King,customer9642@example.com,150514933
9643,John,Taylor,customer9643@example.com,959361214
9644,David,Thomas,customer9644@example.com,300221414
9645,Olivia,Davis,customer9645@example.com,737802212
9646,David,Johnson,customer9646@example.com,417042260
9647,James,Taylor,customer9647@example.com,257560938
9648,Emma,Miller,customer9648@example.com,342547852
9649,Amelia,Hall,customer9649@example.com,828126405
9650,Emma,Hall,customer9650@example.com,612611919
9651,Lucas,Clark,customer9651@example.com,863610970
9652,Lucas,Garcia,customer9652@example.com,615662035
9653,Liam,King,customer9653@example.com,828959132
9654,Ava,Anderson,customer9654@example.com,185822313
9655,James,Brown,customer9655@example.com,410607155
9656,David,Brown,customer9656@example.com,983554515
9657,Amelia,Scott,customer9657@example.com,463953900
9658,Isabella,Scott,customer9658@example.com,392379167
9659,Anna,Hall,customer9659@example.com,963188027
9660,David,Lee,customer9660@example.com,242024391
9661,Anna,Taylor,customer9661@example.com,366499691
9662,John,Scott,customer9662@example.com,503648460
9663,Emma,Clark,customer9663@example.com,349203827
9664,Emma,Wilson,customer9664@example.com,904275903
9665,David,Brown,customer9665@example.com,894421988
9666,Nina,Garcia,customer9666@example.com,117656481
9667,Ava,Clark,customer9667@example.com,622012269
9668,Nina,Walker,customer9668@example.com,106375515
9669,Mason,Lopez,customer9669@example.com,655056443
9670,David,Johnson,customer9670@example.com,455026393
9671,Liam,Lopez,customer9671@example.com,353944272
9672,Liam,Lopez,customer9672@example.com,524997474
9673,Isabella,Lee,customer9673@example.com,990384345
9674,Emma,Clark,customer9674@example.com,147262675
9675,Ava,Young,customer9675@example.com,788344795
9676,Noah,Lee,customer9676@example.com,385595879
9677,Emma,Adams,customer9677@example.com,685209333
9678,Oscar,Davis,customer9678@example.com,111756387
9679,Mason,Scott,customer9679@example.com,147031757
9680,Oscar,Davis,customer9680@example.com,277069484
9681,Liam,Thomas,customer9681@example.com,786222540
9682,Emma,Wilson,customer9682@example.com,491740160
9683,Ava,Smith,customer9683@example.com,753167936
9684,Lucas,Miller,customer9684@example.com,269736666
9685,Mason,Walker,customer9685@example.com,912796933
9686,Sarah,Scott,customer9686@example.com,601964533
9687,Amelia,Clark,customer9687@example.com,348319133
9688,Olivia,Scott,customer9688@example.com,797145408
9689,Sophia,Lopez,customer9689@example.com,144732112
9690,Liam,Adams,customer9690@example.com,869451793
9691,Nina,Lee,customer9691@example.com,146168664
9692,Ava,Walker,customer9692@example.com,474539267
9693,Laura,Garcia,customer9693@example.com,810372798
9694,John,Martin,customer9694@example.com,971148490
9695,Lucas,Scott,customer9695@example.com,247169416
9696,Liam,Miller,customer9696@example.com,406907606
9697,Nina,Adams,customer9697@example.com,402275381
9698,Mia,Miller,customer9698@example.com,341730484
9699,Daniel,Brown,customer9699@example.com,233525943
9700,Nina,Smith,customer9700@example.com,777124900
9701,Nina,Davis,customer9701@example.com,871339903
9702,Nina,Adams,customer9702@example.com,517996581
9703,Sarah,Clark,customer9703@example.com,668430894
9704,Mason,Garcia,customer9704@example.com,403858342
9705,John,Lopez,customer9705@example.com,536094271
9706,Sophia,Taylor,customer9706@example.com,741150534
9707,Sarah,Wilson,customer9707@example.com,232443879
9708,Laura,Adams,customer9708@example.com,631546833
9709,Liam,Miller,customer9709@example.com,850987216
9710,Anna,Lopez,customer9710@example.com,112961799
9711,Isabella,Lee,customer9711@example.com,210111071
9712,Anna,Wilson,customer9712@example.com,432427162
9713,Nina,Lee,customer9713@example.com,132731256
9714,James,Smith,customer9714@example.com,418184805
9715,James,Wilson,customer9715@example.com,913648731
9716,Anna,Lopez,customer9716@example.com,117217918
9717,Ava,Anderson,customer9717@example.com,479373882
9718,Noah,Clark,customer9718@example.com,641131391
9719,Sarah,Smith,customer9719@example.com,176242387
9720,Sarah,Anderson,customer9720@example.com,831105713
9721,Emma,Brown,customer9721@example.com,573755379
9722,Isabella,Brown,customer9722@example.com,554365071
9723,Laura,Davis,customer9723@example.com,439338270
9724,Anna,Johnson,customer9724@example.com,472439161
9725,Daniel,Walker,customer9725@example.com,714267952
9726,Liam,Clark,customer9726@example.com,238457451
9727,Sophia,Martin,customer9727@example.com,424508535
9728,Noah,Anderson,customer9728@example.com,363383452
9729,Oscar,Miller,customer9729@example.com,430273044
9730,James,Scott,customer9730@example.com,384915553
9731,Liam,Lopez,customer9731@example.com,383698081
9732,Sarah,Anderson,customer9732@example.com,204232221
9733,John,Walker,customer9733@example.com,726554808
9734,Liam,Miller,customer9734@example.com,875973810
9735,James,Davis,customer9735@example.com,714899200
9736,Noah,Young,customer9736@example.com,784215146
9737,Oscar,King,customer9737@example.com,527198520
9738,Anna,Garcia,customer9738@example.com,871488705
9739,David,Scott,customer9739@example.com,330648419
9740,Anna,Miller,customer9740@example.com,516980397
9741,Olivia,King,customer9741@example.com,352384586
9742,Mason,Miller,customer9742@example.com,866096611
9743,Amelia,Hall,customer9743@example.com,383299427
9744,Nina,Walker,customer9744@example.com,525188957
9745,Nina,Smith,customer9745@example.com,501853587
9746,James,Johnson,customer9746@example.com,928925188
9747,Sophia,Thomas,customer9747@example.com,901110220
9748,Laura,Hall,customer9748@example.com,960377361
9749,Noah,King,customer9749@example.com,384927280
9750,Isabella,Smith,customer9750@example.com,965125276
9751,Olivia,Scott,customer9751@example.com,299295704
9752,Sophia,Smith,customer9752@example.com,747970973
9753,Sarah,Lee,customer9753@example.com,624918996
9754,Isabella,Anderson,customer9754@example.com,303639134
9755,Ava,Adams,customer9755@example.com,850119209
9756,Laura,Anderson,customer9756@example.com,944104931
9757,Ava,Anderson,customer9757@example.com,707225056
9758,David,Garcia,customer9758@example.com,378181031
9759,Liam,Taylor,customer9759@example.com,702015917
9760,Ava,Miller,customer9760@example.com,357776491
9761,Sophia,Lopez,customer9761@example.com,963174951
9762,James,Lopez,customer9762@example.com,762833184
9763,Oscar,Taylor,customer9763@example.com,377333882
9764,Sophia,Walker,customer9764@example.com,608306970
9765,Isabella,Adams,customer9765@example.com,861399583
9766,Sophia,Thomas,customer9766@example.com,874092750
9767,Nina,Miller,customer9767@example.com,799763520
9768,Ava,Johnson,customer9768@example.com,246738294
9769,Isabella,Taylor,customer9769@example.com,123290626
9770,Oscar,Davis,customer9770@example.com,369898092
9771,Emma,Brown,customer9771@example.com,554493262
9772,Amelia,Anderson,customer9772@example.com,344762874
9773,Sophia,Young,customer9773@example.com,399466918
9774,Mia,Wilson,customer9774@example.com,328081895
9775,Mia,Hall,customer9775@example.com,808500930
9776,Noah,Adams,customer9776@example.com,734570294
9777,Daniel,Wilson,customer9777@example.com,752950895
9778,Emma,Hall,customer9778@example.com,455837418
9779,John,Brown,customer9779@example.com,452461851
9780,Lucas,Miller,customer9780@example.com,236190970
9781,David,Johnson,customer9781@example.com,575201165
9782,John,Lee,customer9782@example.com,710308420
9783,Amelia,Adams,customer9783@example.com,174560682
9784,Mason,King,customer9784@example.com,337444291
9785,Olivia,Smith,customer9785@example.com,104058932
9786,David,Garcia,customer9786@example.com,363984684
9787,Mason,Wilson,customer9787@example.com,297896047
9788,Anna,Wilson,customer9788@example.com,237740657
9789,Laura,Walker,customer9789@example.com,601909254
9790,James,Anderson,customer9790@example.com,318777077
9791,Noah,Lee,customer9791@example.com,879511405
9792,Daniel,Johnson,customer9792@example.com,527806405
9793,David,Garcia,customer9793@example.com,883953139
9794,Laura,Smith,customer9794@example.com,961844251
9795,James,Smith,customer9795@example.com,322624660
9796,Nina,Clark,customer9796@example.com,156221065
9797,Isabella,Lopez,customer9797@example.com,956384754
9798,Liam,Miller,customer9798@example.com,759666896
9799,John,Taylor,customer9799@example.com,769912818
9800,Daniel,Garcia,customer9800@example.com,245247252
9801,Mia,Brown,customer9801@example.com,881604722
9802,Liam,Hall,customer9802@example.com,949421482
9803,Mia,Johnson,customer9803@example.com,242030724
9804,Laura,Martin,customer9804@example.com,119867046
9805,Anna,Hall,customer9805@example.com,939130551
9806,Sarah,Young,customer9806@example.com,279319690
9807,Anna,Walker,customer9807@example.com,551237851
9808,Ava,Clark,customer9808@example.com,711146626
9809,Emma,Lee,customer9809@example.com,991642144
9810,Sophia,Smith,customer9810@example.com,142960220
9811,Isabella,Lopez,customer9811@example.com,304988340
9812,Daniel,Clark,customer9812@example.com,781066645
9813,David,Martin,customer9813@example.com,541976873
9814,Noah,Garcia,customer9814@example.com,715980553
9815,James,Martin,customer9815@example.com,438294473
9816,Amelia,Hall,customer9816@example.com,793303150
9817,Oscar,Anderson,customer9817@example.com,212192265
9818,Daniel,Anderson,customer9818@example.com,730366539
9819,Oscar,Hall,customer9819@example.com,903761910
9820,Oscar,King,customer9820@example.com,860281649
9821,Lucas,Adams,customer9821@example.com,947819529
9822,Noah,Martin,customer9822@example.com,742894425
9823,Daniel,Lee,customer9823@example.com,136917065
9824,Oscar,Adams,customer9824@example.com,438222298
9825,John,Smith,customer9825@example.com,402897892
9826,Amelia,Anderson,customer9826@example.com,253461814
9827,Anna,Lee,customer9827@example.com,418470593
9828,Mason,Wilson,customer9828@example.com,241506367
9829,Isabella,Scott,customer9829@example.com,376230726
9830,David,Davis,customer9830@example.com,240404944
9831,Olivia,Taylor,customer9831@example.com,871591987
9832,Nina,Scott,customer9832@example.com,855794794
9833,Nina,Brown,customer9833@example.com,809241789
9834,Olivia,Miller,customer9834@example.com,761336752
9835,Mia,King,customer9835@example.com,464464740
9836,Isabella,Martin,customer9836@example.com,117484425
9837,Emma,Brown,customer9837@example.com,295906878
9838,James,Lee,customer9838@example.com,895978241
9839,Sophia,Wilson,customer9839@example.com,307348733
9840,Oscar,Young,customer9840@example.com,855054186
9841,Mia,Hall,customer9841@example.com,422306387
9842,Sophia,Taylor,customer9842@example.com,466154497
9843,David,Walker,customer9843@example.com,901573226
9844,Daniel,Hall,customer9844@example.com,168949233
9845,Daniel,Young,customer9845@example.com,665169914
9846,Ava,Wilson,customer9846@example.com,320148797
9847,James,Young,customer9847@example.com,790373070
9848,Nina,Hall,customer9848@example.com,162071486
9849,John,King,customer9849@example.com,411517311
9850,Noah,Lopez,customer9850@example.com,660661324
9851,Liam,Lopez,customer9851@example.com,848965482
9852,Noah,Anderson,customer9852@example.com,849372868
9853,Lucas,Scott,customer9853@example.com,789808060
9854,Sarah,Lopez,customer9854@example.com,428508459
9855,James,Scott,customer9855@example.com,743663544
9856,Nina,Martin,customer9856@example.com,520278662
9857,Emma,Miller,customer9857@example.com,653314082
9858,Anna,Walker,customer9858@example.com,769512542
9859,Lucas,Scott,customer9859@example.com,932197547
9860,David,Anderson,customer9860@example.com,828287674
9861,Nina,Thomas,customer9861@example.com,103980685
9862,Amelia,Walker,customer9862@example.com,265533725
9863,Mason,Lopez,customer9863@example.com,963272273
9864,Olivia,Johnson,customer9864@example.com,683045299
9865,Liam,Scott,customer9865@example.com,251085001
9866,Anna,Brown,customer9866@example.com,512522033
9867,David,Wilson,customer9867@example.com,107955368
9868,Olivia,Lee,customer9868@example.com,446444433
9869,Sarah,Miller,customer9869@example.com,886467460
9870,James,Young,customer9870@example.com,536317169
9871,Lucas,Miller,customer9871@example.com,636078750
9872,Daniel,Lopez,customer9872@example.com,446253503
9873,John,Clark,customer9873@example.com,629926445
9874,Sarah,Davis,customer9874@example.com,284842392
9875,Lucas,Hall,customer9875@example.com,562732680
9876,Lucas,Smith,customer9876@example.com,107353617
9877,Liam,Lopez,customer9877@example.com,662399011
9878,James,Miller,customer9878@example.com,659440441
9879,Anna,Young,customer9879@example.com,242584768
9880,Mia,Johnson,customer9880@example.com,483769627
9881,Noah,Lee,customer9881@example.com,510829214
9882,Sarah,Martin,customer9882@example.com,449069295
9883,Olivia,Wilson,customer9883@example.com,288039131
9884,Lucas,Garcia,customer9884@example.com,379185875
9885,Noah,Young,customer9885@example.com,732142326
9886,Amelia,Hall,customer9886@example.com,417941511
9887,Emma,Wilson,customer9887@example.com,960792502
9888,Mason,Anderson,customer9888@example.com,668314010
9889,Anna,King,customer9889@example.com,557199926
9890,Emma,Young,customer9890@example.com,932720610
9891,Isabella,Miller,customer9891@example.com,981093466
9892,Laura,Johnson,customer9892@example.com,884035295
9893,Noah,Walker,customer9893@example.com,121345831
9894,Isabella,Lee,customer9894@example.com,308290739
9895,Liam,Adams,customer9895@example.com,420296157
9896,Lucas,Wilson,customer9896@example.com,327805883
9897,Daniel,Lee,customer9897@example.com,165243920
9898,Sophia,Johnson,customer9898@example.com,956108975
9899,John,Johnson,customer9899@example.com,680419029
9900,Amelia,King,customer9900@example.com,339808248
9901,Emma,Adams,customer9901@example.com,934146087
9902,Lucas,Brown,customer9902@example.com,328268030
9903,Lucas,Scott,customer9903@example.com,113009441
9904,Oscar,Lee,customer9904@example.com,785015124
9905,Noah,Adams,customer9905@example.com,610704245
9906,Amelia,Hall,customer9906@example.com,981830988
9907,Oscar,Hall,customer9907@example.com,244879413
9908,Lucas,Miller,customer9908@example.com,264128494
9909,Nina,Martin,customer9909@example.com,217591776
9910,Mason,Clark,customer9910@example.com,517943910
9911,Amelia,Martin,customer9911@example.com,665461184
9912,Emma,Garcia,customer9912@example.com,441206349
9913,Liam,Walker,customer9913@example.com,319734780
9914,Sarah,Lopez,customer9914@example.com,907230588
9915,Laura,Garcia,customer9915@example.com,647006415
9916,Emma,Scott,customer9916@example.com,445603209
9917,Laura,Thomas,customer9917@example.com,715293993
9918,Lucas,Smith,customer9918@example.com,461617321
9919,Oscar,King,customer9919@example.com,148487381
9920,Ava,Lee,customer9920@example.com,101170123
9921,Sophia,Adams,customer9921@example.com,369481986
9922,Lucas,Wilson,customer9922@example.com,798655471
9923,Liam,Thomas,customer9923@example.com,196661752
9924,Sarah,Young,customer9924@example.com,744743965
9925,Ava,Miller,customer9925@example.com,658973371
9926,Lucas,Adams,customer9926@example.com,118857307
9927,James,Anderson,customer9927@example.com,435199547
9928,Ava,Johnson,customer9928@example.com,344123442
9929,Olivia,Scott,customer9929@example.com,898973200
9930,James,Walker,customer9930@example.com,605909555
9931,Mia,King,customer9931@example.com,568995799
9932,James,Clark,customer9932@example.com,754620092
9933,Sarah,Davis,customer9933@example.com,804703228
9934,Mia,Brown,customer9934@example.com,651350641
9935,Anna,Martin,customer9935@example.com,837376984
9936,Daniel,Taylor,customer9936@example.com,316323109
9937,Emma,Young,customer9937@example.com,660474157
9938,Ava,Adams,customer9938@example.com,443597385
9939,Daniel,Lopez,customer9939@example.com,847680119
9940,Daniel,Martin,customer9940@example.com,213839384
9941,Oscar,Lee,customer9941@example.com,270911254
9942,Isabella,Thomas,customer9942@example.com,280727140
9943,Anna,Smith,customer9943@example.com,891163757
9944,Sarah,King,customer9944@example.com,504525652
9945,Amelia,Martin,customer9945@example.com,277968787
9946,James,Lee,customer9946@example.com,616003342
9947,Mia,Young,customer9947@example.com,325257040
9948,Olivia,Walker,customer9948@example.com,306662873
9949,Emma,Lopez,customer9949@example.com,532562399
9950,Sophia,Scott,customer9950@example.com,329390375
9951,Noah,Clark,customer9951@example.com,199077073
9952,Daniel,Brown,customer9952@example.com,603304708
9953,Nina,Young,customer9953@example.com,260611772
9954,Mia,Wilson,customer9954@example.com,509616187
9955,Sarah,Miller,customer9955@example.com,704652399
9956,Mia,Lee,customer9956@example.com,768788197
9957,Nina,Scott,customer9957@example.com,997621920
9958,Emma,Lee,customer9958@example.com,264027540
9959,Isabella,Wilson,customer9959@example.com,594101846
9960,Ava,Thomas,customer9960@example.com,801973086
9961,Laura,Davis,customer9961@example.com,583516652
9962,Amelia,Young,customer9962@example.com,721988060
9963,Emma,Wilson,customer9963@example.com,283892043
9964,Isabella,Hall,customer9964@example.com,829403184
9965,Oscar,Johnson,customer9965@example.com,138559748
9966,Anna,Miller,customer9966@example.com,984679582
9967,Lucas,King,customer9967@example.com,773974194
9968,James,Johnson,customer9968@example.com,820586864
9969,Nina,Martin,customer9969@example.com,969644770
9970,James,Walker,customer9970@example.com,723763433
9971,John,Martin,customer9971@example.com,175807584
9972,James,Lee,customer9972@example.com,633004989
9973,John,Miller,customer9973@example.com,317459614
9974,Oscar,Young,customer9974@example.com,183101094
9975,Nina,King,customer9975@example.com,770353371
9976,Liam,Walker,customer9976@example.com,904175683
9977,Mason,Walker,customer9977@example.com,652105521
9978,Noah,Clark,customer9978@example.com,726190692
9979,Noah,Miller,customer9979@example.com,630549257
9980,Amelia,Johnson,customer9980@example.com,698961481
9981,Oscar,Garcia,customer9981@example.com,496848415
9982,Daniel,Adams,customer9982@example.com,918304652
9983,David,Taylor,customer9983@example.com,534851516
9984,Nina,Anderson,customer9984@example.com,642806507
9985,Lucas,King,customer9985@example.com,649462079
9986,James,Lee,customer9986@example.com,320506867
9987,Daniel,Smith,customer9987@example.com,267025475
9988,Emma,Hall,customer9988@example.com,527986710
9989,Noah,Wilson,customer9989@example.com,355330790
9990,Oscar,Lopez,customer9990@example.com,831496025
9991,Olivia,Taylor,customer9991@example.com,222960934
9992,Amelia,Smith,customer9992@example.com,778642238
9993,John,Brown,customer9993@example.com,687532232
9994,Nina,Davis,customer9994@example.com,266093145
9995,Oscar,King,customer9995@example.com,661561333
9996,David,Davis,customer9996@example.com,648406718
9997,Ava,Smith,customer9997@example.com,796703831
9998,Laura,Smith,customer9998@example.com,531418689
9999,David,Adams,customer9999@example.com,139350408
10000,Olivia,Johnson,customer10000@example.com,588210640
