inventory_id,condition,status,equipment_id
1,Good,Rented,29
2,Maintenance Required,Rented,61
3,Excellent,Maintenance,15
4,Good,Available,38
5,Maintenance Required,Maintenance,17
6,Good,Available,50
7,Excellent,Available,78
8,Excellent,Available,57
9,Excellent,Available,10
10,Good,Available,36
11,Fair,Rented,38
12,Excellent,Available,28
13,Maintenance Required,Rented,62
14,Maintenance Required,Available,13
15,Maintenance Required,Available,75
16,Fair,Maintenance,49
17,Fair,Rented,56
18,Maintenance Required,Rented,52
19,Excellent,Maintenance,38
20,Maintenance Required,Maintenance,79
21,Good,Available,31
22,Excellent,Available,35
23,Fair,Available,79
24,Fair,Available,21
25,Fair,Available,49
26,Good,Available,59
27,Excellent,Maintenance,17
28,Fair,Available,10
29,Excellent,Rented,80
30,Fair,Available,3
31,Good,Rented,62
32,Excellent,Available,7
33,Excellent,Available,64
34,Excellent,Available,43
35,Excellent,Rented,6
36,Maintenance Required,Available,20
37,Excellent,Available,4
38,Fair,Maintenance,52
39,Good,Available,74
40,Fair,Maintenance,60
41,Good,Available,59
42,Fair,Maintenance,41
43,Good,Available,65
44,Excellent,Maintenance,63
45,Excellent,Available,24
46,Maintenance Required,Rented,74
47,Excellent,Available,73
48,Good,Maintenance,50
49,Maintenance Required,Available,53
50,Good,Available,31
51,Excellent,Rented,27
52,Maintenance Required,Rented,18
53,Good,Maintenance,47
54,Fair,Rented,19
55,Fair,Available,69
56,Good,Rented,76
57,Fair,Available,17
58,Excellent,Available,6
59,Maintenance Required,Available,3
60,Fair,Rented,12
61,Fair,Available,3
62,Excellent,Maintenance,76
63,Fair,Available,44
64,Maintenance Required,Available,19
65,Good,Available,52
66,Good,Available,26
67,Good,Rented,54
68,Good,Available,77
69,Excellent,Available,12
70,Excellent,Maintenance,5
71,Good,Available,77
72,Maintenance Required,Maintenance,71
73,Excellent,Available,15
74,Excellent,Available,69
75,Good,Available,68
76,Excellent,Available,36
77,Good,Maintenance,70
78,Good,Available,7
79,Good,Rented,34
80,Maintenance Required,Available,54
81,Maintenance Required,Rented,32
82,Excellent,Maintenance,22
83,Good,Available,11
84,Excellent,Available,55
85,Fair,Rented,74
86,Maintenance Required,Available,33
87,Good,Available,45
88,Excellent,Available,12
89,Good,Available,71
90,Maintenance Required,Rented,2
91,Maintenance Required,Maintenance,26
92,Fair,Available,65
93,Excellent,Available,13
94,Maintenance Required,Maintenance,18
95,Maintenance Required,Rented,30
96,Excellent,Available,46
97,Maintenance Required,Rented,52
98,Excellent,Maintenance,62
99,Maintenance Required,Rented,64
100,Good,Rented,17
101,Maintenance Required,Maintenance,31
102,Fair,Available,68
103,Maintenance Required,Available,12
104,Maintenance Required,Available,59
105,Good,Available,76
106,Maintenance Required,Rented,55
107,Excellent,Maintenance,57
108,Maintenance Required,Rented,25
109,Maintenance Required,Available,11
110,Good,Maintenance,22
111,Excellent,Rented,78
112,Good,Available,38
113,Excellent,Available,73
114,Fair,Maintenance,42
115,Maintenance Required,Rented,62
116,Maintenance Required,Available,20
117,Maintenance Required,Rented,78
118,Excellent,Maintenance,38
119,Fair,Maintenance,25
120,Fair,Available,4
121,Fair,Available,10
122,Excellent,Rented,57
123,Maintenance Required,Maintenance,43
124,Good,Maintenance,75
125,Good,Maintenance,9
126,Maintenance Required,Available,46
127,Maintenance Required,Available,12
128,Fair,Maintenance,15
129,Excellent,Available,55
130,Excellent,Available,47
131,Good,Available,78
132,Good,Maintenance,35
133,Maintenance Required,Available,58
134,Excellent,Available,60
135,Good,Maintenance,3
136,Excellent,Available,26
137,Good,Available,14
138,Excellent,Maintenance,2
139,Excellent,Rented,51
140,Good,Maintenance,36
141,Maintenance Required,Maintenance,3
142,Good,Available,45
143,Good,Available,21
144,Good,Available,53
145,Excellent,Rented,72
146,Excellent,Available,22
147,Good,Available,64
148,Fair,Available,18
149,Maintenance Required,Available,50
150,Maintenance Required,Available,34
151,Maintenance Required,Available,31
152,Fair,Rented,4
153,Fair,Available,12
154,Fair,Rented,51
155,Fair,Available,64
156,Maintenance Required,Available,49
157,Fair,Available,47
158,Good,Available,48
159,Excellent,Available,43
160,Maintenance Required,Maintenance,49
161,Maintenance Required,Available,69
162,Good,Available,66
163,Good,Available,65
164,Good,Available,72
165,Maintenance Required,Available,71
166,Maintenance Required,Available,54
167,Maintenance Required,Available,56
168,Fair,Available,67
169,Excellent,Rented,20
170,Fair,Maintenance,61
171,Excellent,Maintenance,61
172,Fair,Available,78
173,Maintenance Required,Maintenance,21
174,Good,Available,72
175,Good,Rented,39
176,Fair,Maintenance,77
177,Fair,Available,5
178,Fair,Available,40
179,Excellent,Maintenance,47
180,Fair,Rented,23
181,Good,Available,60
182,Maintenance Required,Available,7
183,Good,Maintenance,36
184,Excellent,Rented,26
185,Good,Rented,58
186,Fair,Available,19
187,Excellent,Available,45
188,Excellent,Available,72
189,Good,Available,54
190,Fair,Available,72
191,Excellent,Available,46
192,Fair,Available,1
193,Good,Maintenance,3
194,Fair,Available,13
195,Good,Available,44
196,Maintenance Required,Maintenance,18
197,Good,Available,34
198,Fair,Available,63
199,Excellent,Available,11
200,Good,Available,19
201,Excellent,Available,74
202,Maintenance Required,Available,22
203,Maintenance Required,Available,24
204,Maintenance Required,Rented,20
205,Fair,Available,24
206,Fair,Rented,7
207,Good,Maintenance,29
208,Fair,Available,45
209,Excellent,Available,44
210,Excellent,Maintenance,56
211,Good,Available,11
212,Excellent,Rented,13
213,Fair,Available,39
214,Good,Rented,41
215,Maintenance Required,Available,5
216,Good,Maintenance,61
217,Maintenance Required,Rented,14
218,Good,Rented,26
219,Maintenance Required,Available,33
220,Excellent,Available,18
221,Fair,Rented,61
222,Maintenance Required,Available,22
223,Good,Rented,13
224,Fair,Maintenance,4
225,Maintenance Required,Rented,16
226,Excellent,Maintenance,21
227,Excellent,Rented,80
228,Good,Available,74
229,Maintenance Required,Available,78
230,Good,Maintenance,3
231,Fair,Available,77
232,Maintenance Required,Available,56
233,Fair,Available,40
234,Good,Available,43
235,Maintenance Required,Available,54
236,Good,Available,13
237,Good,Maintenance,36
238,Excellent,Available,72
239,Fair,Available,65
240,Good,Available,38
241,Fair,Maintenance,19
242,Maintenance Required,Available,32
243,Excellent,Available,47
244,Good,Available,71
245,Good,Available,14
246,Maintenance Required,Available,17
247,Maintenance Required,Rented,48
248,Good,Maintenance,60
249,Excellent,Available,79
250,Fair,Maintenance,43
251,Fair,Available,4
252,Excellent,Maintenance,25
253,Fair,Available,26
254,Fair,Available,56
255,Excellent,Available,11
256,Maintenance Required,Rented,75
257,Excellent,Available,16
258,Maintenance Required,Available,3
259,Excellent,Rented,75
260,Good,Rented,78
261,Excellent,Rented,44
262,Good,Maintenance,28
263,Maintenance Required,Available,15
264,Excellent,Available,79
265,Maintenance Required,Available,65
266,Good,Available,80
267,Good,Rented,13
268,Excellent,Available,73
269,Good,Rented,57
270,Maintenance Required,Available,56
271,Fair,Available,4
272,Maintenance Required,Rented,73
273,Maintenance Required,Available,1
274,Excellent,Available,45
275,Excellent,Available,26
276,Fair,Available,36
277,Good,Available,2
278,Maintenance Required,Maintenance,17
279,Maintenance Required,Maintenance,32
280,Excellent,Available,79
281,Fair,Available,40
282,Fair,Maintenance,22
283,Maintenance Required,Rented,52
284,Good,Available,7
285,Excellent,Maintenance,35
286,Fair,Rented,27
287,Fair,Available,59
288,Good,Available,9
289,Excellent,Available,55
290,Good,Maintenance,10
291,Maintenance Required,Available,17
292,Excellent,Available,10
293,Good,Available,13
294,Maintenance Required,Available,36
295,Fair,Available,13
296,Excellent,Available,20
297,Good,Available,31
298,Good,Available,31
299,Good,Available,71
300,Excellent,Rented,50
301,Maintenance Required,Available,29
302,Excellent,Rented,31
303,Maintenance Required,Maintenance,32
304,Maintenance Required,Maintenance,2
305,Fair,Rented,76
306,Maintenance Required,Available,55
307,Excellent,Available,6
308,Good,Available,46
309,Excellent,Available,33
310,Excellent,Rented,61
311,Maintenance Required,Available,15
312,Fair,Available,35
313,Fair,Available,69
314,Good,Rented,24
315,Fair,Available,1
316,Excellent,Maintenance,15
317,Fair,Available,34
318,Fair,Rented,34
319,Maintenance Required,Available,78
320,Maintenance Required,Available,79
321,Maintenance Required,Available,44
322,Good,Rented,77
323,Maintenance Required,Available,55
324,Maintenance Required,Rented,31
325,Maintenance Required,Available,15
326,Good,Maintenance,55
327,Maintenance Required,Available,46
328,Maintenance Required,Rented,18
329,Good,Available,57
330,Fair,Rented,48
331,Maintenance Required,Available,27
332,Maintenance Required,Available,26
333,Good,Available,6
334,Fair,Rented,28
335,Fair,Available,9
336,Maintenance Required,Available,51
337,Maintenance Required,Available,64
338,Excellent,Available,28
339,Excellent,Rented,15
340,Excellent,Available,54
341,Excellent,Available,23
342,Fair,Maintenance,24
343,Excellent,Maintenance,30
344,Maintenance Required,Available,51
345,Fair,Rented,54
346,Fair,Rented,4
347,Maintenance Required,Maintenance,41
348,Maintenance Required,Maintenance,73
349,Maintenance Required,Available,66
350,Maintenance Required,Maintenance,28
351,Good,Available,72
352,Fair,Maintenance,4
353,Maintenance Required,Maintenance,29
354,Maintenance Required,Available,30
355,Fair,Maintenance,11
356,Good,Maintenance,24
357,Good,Rented,15
358,Maintenance Required,Available,8
359,Good,Available,77
360,Excellent,Available,9
361,Maintenance Required,Available,7
362,Excellent,Available,75
363,Maintenance Required,Available,70
364,Good,Available,17
365,Excellent,Maintenance,62
366,Excellent,Available,25
367,Excellent,Rented,69
368,Maintenance Required,Available,75
369,Fair,Rented,62
370,Fair,Maintenance,68
371,Fair,Maintenance,62
372,Maintenance Required,Maintenance,79
373,Excellent,Available,77
374,Good,Available,21
375,Excellent,Available,63
376,Maintenance Required,Available,36
377,Fair,Maintenance,54
378,Excellent,Available,13
379,Excellent,Rented,56
380,Fair,Rented,28
381,Excellent,Rented,32
382,Excellent,Available,26
383,Maintenance Required,Available,77
384,Maintenance Required,Available,46
385,Excellent,Rented,54
386,Fair,Maintenance,77
387,Good,Rented,53
388,Excellent,Available,72
389,Good,Maintenance,74
390,Excellent,Rented,76
391,Good,Available,68
392,Good,Available,15
393,Excellent,Rented,64
394,Fair,Available,64
395,Excellent,Rented,22
396,Good,Rented,29
397,Good,Available,16
398,Fair,Available,61
399,Excellent,Available,75
400,Excellent,Available,40
401,Good,Maintenance,61
402,Fair,Available,46
403,Fair,Maintenance,67
404,Fair,Rented,29
405,Excellent,Available,31
406,Fair,Available,62
407,Good,Available,78
408,Fair,Available,42
409,Fair,Available,57
410,Good,Available,77
411,Excellent,Available,72
412,Maintenance Required,Available,64
413,Good,Available,14
414,Excellent,Available,52
415,Maintenance Required,Available,70
416,Fair,Available,74
417,Excellent,Available,34
418,Fair,Available,72
419,Excellent,Available,30
420,Good,Available,50
421,Good,Available,78
422,Maintenance Required,Maintenance,61
423,Excellent,Maintenance,44
424,Fair,Available,55
425,Maintenance Required,Available,75
426,Excellent,Maintenance,36
427,Good,Available,79
428,Maintenance Required,Available,59
429,Excellent,Rented,43
430,Excellent,Available,52
431,Good,Maintenance,27
432,Good,Rented,61
433,Excellent,Rented,58
434,Excellent,Rented,18
435,Fair,Available,29
436,Fair,Available,24
437,Good,Available,22
438,Good,Available,13
439,Good,Available,53
440,Maintenance Required,Available,31
441,Excellent,Available,40
442,Excellent,Available,70
443,Fair,Available,38
444,Fair,Available,38
445,Good,Available,4
446,Fair,Available,32
447,Fair,Rented,77
448,Fair,Available,53
449,Maintenance Required,Available,16
450,Maintenance Required,Available,44
451,Fair,Available,2
452,Maintenance Required,Available,40
453,Excellent,Available,25
454,Excellent,Available,60
455,Good,Available,40
456,Excellent,Maintenance,42
457,Good,Rented,8
458,Excellent,Available,10
459,Fair,Rented,26
460,Fair,Available,41
461,Good,Available,74
462,Good,Rented,23
463,Maintenance Required,Rented,49
464,Maintenance Required,Maintenance,75
465,Good,Maintenance,23
466,Good,Available,45
467,Maintenance Required,Available,69
468,Fair,Available,73
469,Good,Maintenance,9
470,Good,Available,3
471,Fair,Available,17
472,Excellent,Rented,38
473,Good,Maintenance,55
474,Fair,Rented,25
475,Good,Available,25
476,Good,Available,67
477,Good,Rented,33
478,Excellent,Maintenance,48
479,Maintenance Required,Maintenance,49
480,Excellent,Maintenance,33
481,Fair,Available,56
482,Fair,Available,23
483,Good,Rented,72
484,Good,Maintenance,80
485,Fair,Available,43
486,Fair,Available,58
487,Excellent,Maintenance,44
488,Good,Maintenance,45
489,Fair,Maintenance,67
490,Maintenance Required,Available,35
491,Maintenance Required,Maintenance,32
492,Fair,Available,55
493,Fair,Maintenance,27
494,Maintenance Required,Rented,13
495,Excellent,Available,43
496,Excellent,Maintenance,59
497,Good,Available,67
498,Fair,Available,5
499,Maintenance Required,Available,18
500,Fair,Maintenance,36
501,Maintenance Required,Maintenance,52
502,Maintenance Required,Rented,56
503,Fair,Rented,76
504,Maintenance Required,Available,3
505,Excellent,Rented,59
506,Excellent,Available,75
507,Maintenance Required,Available,34
508,Excellent,Available,11
509,Fair,Rented,68
510,Fair,Rented,14
511,Fair,Rented,62
512,Fair,Available,56
513,Excellent,Maintenance,44
514,Maintenance Required,Available,65
515,Maintenance Required,Rented,13
516,Fair,Maintenance,38
517,Good,Available,24
518,Fair,Maintenance,27
519,Fair,Available,56
520,Fair,Available,36
521,Maintenance Required,Rented,43
522,Good,Rented,74
523,Fair,Available,44
524,Fair,Available,18
525,Maintenance Required,Available,72
526,Good,Available,61
527,Excellent,Available,58
528,Good,Available,5
529,Good,Maintenance,8
530,Maintenance Required,Rented,42
531,Maintenance Required,Available,23
532,Excellent,Rented,66
533,Fair,Maintenance,32
534,Maintenance Required,Maintenance,32
535,Maintenance Required,Available,7
536,Fair,Available,42
537,Excellent,Available,3
538,Good,Rented,11
539,Maintenance Required,Maintenance,71
540,Excellent,Maintenance,43
541,Excellent,Available,27
542,Fair,Available,65
543,Maintenance Required,Available,63
544,Maintenance Required,Rented,68
545,Good,Rented,7
546,Maintenance Required,Available,42
547,Good,Rented,7
548,Fair,Available,28
549,Good,Maintenance,37
550,Maintenance Required,Maintenance,34
551,Maintenance Required,Available,77
552,Excellent,Maintenance,30
553,Good,Available,10
554,Fair,Rented,29
555,Excellent,Rented,54
556,Maintenance Required,Available,7
557,Maintenance Required,Available,16
558,Fair,Rented,36
559,Maintenance Required,Available,60
560,Good,Rented,53
561,Maintenance Required,Rented,32
562,Fair,Available,69
563,Maintenance Required,Rented,66
564,Maintenance Required,Available,34
565,Fair,Available,79
566,Fair,Maintenance,31
567,Good,Maintenance,43
568,Good,Rented,46
569,Fair,Available,59
570,Maintenance Required,Rented,31
571,Maintenance Required,Maintenance,60
572,Fair,Available,61
573,Good,Available,34
574,Maintenance Required,Rented,62
575,Excellent,Available,46
576,Maintenance Required,Available,77
577,Fair,Available,26
578,Fair,Rented,10
579,Good,Available,27
580,Excellent,Available,80
581,Fair,Available,6
582,Fair,Rented,53
583,Good,Available,46
584,Fair,Available,38
585,Fair,Rented,32
586,Good,Available,47
587,Good,Available,24
588,Maintenance Required,Available,53
589,Excellent,Available,2
590,Excellent,Maintenance,60
591,Excellent,Available,11
592,Fair,Maintenance,32
593,Maintenance Required,Available,47
594,Maintenance Required,Available,11
595,Excellent,Maintenance,11
596,Fair,Maintenance,14
597,Maintenance Required,Available,28
598,Maintenance Required,Available,52
599,Fair,Rented,40
600,Maintenance Required,Available,58
601,Maintenance Required,Maintenance,66
602,Excellent,Available,63
603,Maintenance Required,Rented,60
604,Good,Maintenance,50
605,Fair,Available,3
606,Maintenance Required,Available,48
607,Fair,Available,77
608,Excellent,Available,68
609,Good,Available,22
610,Good,Maintenance,1
611,Maintenance Required,Rented,24
612,Excellent,Available,37
613,Maintenance Required,Available,36
614,Maintenance Required,Available,80
615,Excellent,Available,20
616,Fair,Available,8
617,Excellent,Maintenance,28
618,Maintenance Required,Available,50
619,Maintenance Required,Available,40
620,Good,Available,58
621,Excellent,Available,71
622,Fair,Available,59
623,Maintenance Required,Available,34
624,Good,Available,39
625,Fair,Maintenance,25
626,Fair,Available,34
627,Good,Available,3
628,Maintenance Required,Available,65
629,Excellent,Maintenance,46
630,Maintenance Required,Available,53
631,Maintenance Required,Available,64
632,Good,Available,13
633,Fair,Available,27
634,Good,Available,65
635,Fair,Maintenance,19
636,Good,Available,48
637,Fair,Maintenance,54
638,Fair,Available,11
639,Fair,Available,80
640,Maintenance Required,Maintenance,16
641,Fair,Available,78
642,Excellent,Maintenance,80
643,Fair,Available,67
644,Maintenance Required,Available,22
645,Excellent,Rented,47
646,Fair,Maintenance,59
647,Good,Maintenance,23
648,Excellent,Maintenance,27
649,Fair,Maintenance,29
650,Excellent,Maintenance,74
651,Excellent,Available,6
652,Excellent,Available,69
653,Good,Available,50
654,Good,Available,17
655,Excellent,Maintenance,21
656,Maintenance Required,Available,48
657,Excellent,Available,7
658,Fair,Available,9
659,Good,Available,61
660,Excellent,Available,12
661,Excellent,Available,52
662,Excellent,Available,32
663,Fair,Available,46
664,Excellent,Available,7
665,Excellent,Available,29
666,Fair,Available,8
667,Maintenance Required,Rented,2
668,Excellent,Available,69
669,Maintenance Required,Available,7
670,Fair,Available,79
671,Maintenance Required,Rented,41
672,Good,Available,56
673,Fair,Available,42
674,Good,Maintenance,72
675,Excellent,Available,76
676,Fair,Available,53
677,Excellent,Rented,20
678,Excellent,Maintenance,40
679,Excellent,Rented,14
680,Maintenance Required,Rented,14
681,Excellent,Available,79
682,Good,Available,8
683,Good,Available,33
684,Good,Rented,52
685,Good,Available,65
686,Maintenance Required,Available,11
687,Good,Rented,52
688,Maintenance Required,Available,80
689,Good,Available,4
690,Excellent,Available,64
691,Fair,Maintenance,2
692,Good,Available,30
693,Good,Available,64
694,Maintenance Required,Available,71
695,Good,Available,26
696,Excellent,Rented,4
697,Fair,Maintenance,35
698,Good,Available,64
699,Maintenance Required,Available,25
700,Fair,Available,19
701,Fair,Available,38
702,Fair,Maintenance,6
703,Good,Maintenance,3
704,Excellent,Rented,52
705,Fair,Maintenance,6
706,Good,Available,4
707,Excellent,Rented,34
708,Fair,Rented,46
709,Maintenance Required,Rented,34
710,Fair,Available,78
711,Excellent,Available,75
712,Fair,Rented,11
713,Fair,Available,51
714,Excellent,Rented,5
715,Fair,Rented,43
716,Good,Maintenance,18
717,Maintenance Required,Maintenance,72
718,Maintenance Required,Rented,66
719,Maintenance Required,Maintenance,45
720,Good,Available,80
721,Maintenance Required,Available,27
722,Good,Available,54
723,Excellent,Available,76
724,Good,Maintenance,13
725,Excellent,Available,49
726,Fair,Rented,62
727,Excellent,Available,11
728,Excellent,Available,66
729,Excellent,Available,43
730,Fair,Available,67
731,Good,Maintenance,72
732,Fair,Available,38
733,Excellent,Available,76
734,Excellent,Available,59
735,Fair,Rented,30
736,Good,Maintenance,17
737,Excellent,Rented,46
738,Good,Available,61
739,Fair,Available,73
740,Maintenance Required,Rented,17
741,Fair,Maintenance,2
742,Maintenance Required,Maintenance,67
743,Fair,Rented,53
744,Good,Available,20
745,Good,Available,69
746,Good,Maintenance,68
747,Excellent,Maintenance,1
748,Good,Available,28
749,Good,Available,48
750,Fair,Rented,56
751,Fair,Rented,69
752,Maintenance Required,Rented,63
753,Excellent,Maintenance,65
754,Fair,Available,52
755,Good,Rented,71
756,Fair,Maintenance,35
757,Maintenance Required,Available,42
758,Excellent,Available,19
759,Good,Available,46
760,Fair,Available,62
761,Good,Maintenance,43
762,Maintenance Required,Available,80
763,Maintenance Required,Available,69
764,Excellent,Available,12
765,Maintenance Required,Available,68
766,Maintenance Required,Available,55
767,Excellent,Maintenance,16
768,Maintenance Required,Rented,80
769,Fair,Available,33
770,Maintenance Required,Available,35
771,Excellent,Available,41
772,Fair,Available,56
773,Maintenance Required,Rented,79
774,Maintenance Required,Available,68
775,Excellent,Maintenance,2
776,Fair,Maintenance,27
777,Excellent,Available,24
778,Good,Available,51
779,Fair,Maintenance,11
780,Good,Available,61
781,Good,Available,36
782,Fair,Maintenance,68
783,Fair,Maintenance,28
784,Maintenance Required,Rented,22
785,Excellent,Maintenance,53
786,Fair,Rented,67
787,Excellent,Maintenance,7
788,Fair,Available,5
789,Good,Available,27
790,Excellent,Available,71
791,Good,Rented,43
792,Fair,Maintenance,31
793,Maintenance Required,Rented,52
794,Fair,Available,14
795,Fair,Rented,34
796,Fair,Available,3
797,Good,Rented,75
798,Maintenance Required,Rented,6
799,Maintenance Required,Available,35
800,Good,Available,64
801,Good,Rented,43
802,Excellent,Available,39
803,Good,Maintenance,77
804,Maintenance Required,Rented,45
805,Fair,Available,20
806,Excellent,Available,22
807,Good,Maintenance,42
808,Excellent,Rented,32
809,Fair,Available,59
810,Good,Available,71
811,Maintenance Required,Available,21
812,Fair,Available,54
813,Fair,Rented,78
814,Fair,Available,62
815,Excellent,Rented,51
816,Excellent,Rented,72
817,Excellent,Maintenance,44
818,Excellent,Maintenance,73
819,Excellent,Rented,65
820,Fair,Available,62
821,Good,Maintenance,9
822,Fair,Available,36
823,Good,Available,40
824,Excellent,Rented,27
825,Good,Maintenance,36
826,Fair,Maintenance,32
827,Fair,Rented,61
828,Maintenance Required,Available,57
829,Fair,Maintenance,49
830,Maintenance Required,Available,5
831,Fair,Available,47
832,Fair,Available,79
833,Good,Rented,40
834,Maintenance Required,Rented,69
835,Fair,Rented,14
836,Good,Available,73
837,Fair,Maintenance,1
838,Maintenance Required,Rented,7
839,Fair,Available,31
840,Good,Available,45
841,Maintenance Required,Rented,76
842,Excellent,Available,16
843,Excellent,Available,15
844,Maintenance Required,Rented,33
845,Fair,Maintenance,30
846,Good,Available,34
847,Maintenance Required,Available,34
848,Fair,Available,23
849,Fair,Rented,60
850,Excellent,Available,33
851,Fair,Rented,44
852,Excellent,Rented,40
853,Fair,Available,69
854,Good,Maintenance,60
855,Good,Available,41
856,Fair,Available,19
857,Excellent,Maintenance,45
858,Maintenance Required,Maintenance,45
859,Maintenance Required,Available,39
860,Excellent,Rented,65
861,Excellent,Available,52
862,Fair,Available,68
863,Maintenance Required,Available,25
864,Good,Available,31
865,Excellent,Available,57
866,Maintenance Required,Available,3
867,Maintenance Required,Maintenance,33
868,Excellent,Available,57
869,Maintenance Required,Available,64
870,Excellent,Maintenance,38
871,Fair,Maintenance,45
872,Excellent,Maintenance,44
873,Maintenance Required,Available,28
874,Maintenance Required,Available,48
875,Maintenance Required,Available,16
876,Maintenance Required,Available,25
877,Excellent,Rented,3
878,Excellent,Available,45
879,Maintenance Required,Available,14
880,Maintenance Required,Maintenance,50
881,Excellent,Rented,35
882,Maintenance Required,Maintenance,70
883,Fair,Available,23
884,Maintenance Required,Available,13
885,Fair,Maintenance,15
886,Maintenance Required,Rented,31
887,Good,Available,52
888,Maintenance Required,Rented,26
889,Fair,Available,31
890,Maintenance Required,Available,68
891,Excellent,Rented,63
892,Good,Maintenance,17
893,Good,Available,69
894,Good,Available,11
895,Excellent,Available,45
896,Excellent,Available,79
897,Good,Available,35
898,Maintenance Required,Available,78
899,Maintenance Required,Available,22
900,Good,Rented,79
901,Good,Available,52
902,Maintenance Required,Rented,62
903,Fair,Maintenance,9
904,Good,Available,3
905,Maintenance Required,Available,7
906,Maintenance Required,Available,47
907,Good,Rented,72
908,Good,Available,4
909,Maintenance Required,Available,24
910,Fair,Available,61
911,Maintenance Required,Rented,19
912,Excellent,Available,75
913,Good,Available,17
914,Excellent,Available,22
915,Fair,Available,22
916,Excellent,Available,49
917,Maintenance Required,Maintenance,75
918,Good,Available,73
919,Fair,Rented,80
920,Maintenance Required,Available,41
921,Maintenance Required,Available,35
922,Good,Available,28
923,Fair,Available,41
924,Excellent,Maintenance,10
925,Fair,Available,13
926,Maintenance Required,Rented,28
927,Excellent,Available,25
928,Excellent,Available,19
929,Excellent,Maintenance,71
930,Maintenance Required,Rented,28
931,Fair,Available,66
932,Fair,Rented,69
933,Fair,Rented,11
934,Good,Available,18
935,Fair,Maintenance,10
936,Good,Available,32
937,Fair,Available,42
938,Excellent,Available,13
939,Good,Maintenance,57
940,Maintenance Required,Available,27
941,Excellent,Maintenance,26
942,Maintenance Required,Available,62
943,Maintenance Required,Available,60
944,Excellent,Rented,74
945,Maintenance Required,Available,62
946,Good,Rented,70
947,Good,Maintenance,49
948,Excellent,Rented,48
949,Maintenance Required,Available,54
950,Good,Available,54
951,Good,Available,64
952,Maintenance Required,Maintenance,37
953,Fair,Available,7
954,Maintenance Required,Maintenance,65
955,Excellent,Available,29
956,Maintenance Required,Available,21
957,Maintenance Required,Available,43
958,Maintenance Required,Rented,79
959,Excellent,Maintenance,39
960,Excellent,Rented,79
961,Fair,Available,5
962,Excellent,Rented,78
963,Excellent,Maintenance,33
964,Excellent,Available,63
965,Good,Available,39
966,Maintenance Required,Available,15
967,Excellent,Available,16
968,Excellent,Available,72
969,Good,Maintenance,51
970,Maintenance Required,Available,51
971,Fair,Available,60
972,Fair,Available,16
973,Good,Rented,9
974,Fair,Available,18
975,Excellent,Available,52
976,Excellent,Rented,23
977,Excellent,Maintenance,74
978,Maintenance Required,Available,66
979,Excellent,Available,36
980,Good,Available,78
981,Good,Maintenance,48
982,Good,Maintenance,39
983,Excellent,Rented,11
984,Maintenance Required,Available,47
985,Excellent,Rented,42
986,Fair,Available,40
987,Good,Available,49
988,Excellent,Available,16
989,Fair,Available,11
990,Good,Maintenance,12
991,Good,Available,32
992,Fair,Available,74
993,Maintenance Required,Maintenance,66
994,Excellent,Available,75
995,Maintenance Required,Available,44
996,Maintenance Required,Available,64
997,Excellent,Available,63
998,Fair,Rented,5
999,Maintenance Required,Available,65
1000,Fair,Available,74
1001,Fair,Rented,17
1002,Fair,Available,1
1003,Fair,Maintenance,51
1004,Fair,Available,30
1005,Maintenance Required,Rented,31
1006,Fair,Available,72
1007,Maintenance Required,Rented,72
1008,Maintenance Required,Rented,59
1009,Excellent,Rented,8
1010,Good,Available,36
1011,Maintenance Required,Available,42
1012,Maintenance Required,Available,11
1013,Good,Available,6
1014,Fair,Maintenance,23
1015,Maintenance Required,Available,54
1016,Fair,Available,64
1017,Excellent,Available,15
1018,Fair,Maintenance,70
1019,Fair,Rented,6
1020,Excellent,Maintenance,28
1021,Fair,Rented,12
1022,Fair,Available,3
1023,Maintenance Required,Available,21
1024,Fair,Maintenance,59
1025,Maintenance Required,Rented,39
1026,Excellent,Available,16
1027,Maintenance Required,Maintenance,7
1028,Maintenance Required,Available,61
1029,Fair,Available,58
1030,Maintenance Required,Available,45
1031,Good,Maintenance,60
1032,Maintenance Required,Available,73
1033,Maintenance Required,Maintenance,22
1034,Fair,Maintenance,27
1035,Fair,Available,44
1036,Excellent,Maintenance,27
1037,Fair,Rented,65
1038,Fair,Rented,68
1039,Maintenance Required,Rented,2
1040,Good,Rented,76
1041,Good,Maintenance,9
1042,Maintenance Required,Maintenance,17
1043,Excellent,Maintenance,61
1044,Maintenance Required,Rented,57
1045,Fair,Rented,57
1046,Good,Maintenance,6
1047,Maintenance Required,Available,73
1048,Good,Rented,49
1049,Good,Rented,60
1050,Excellent,Available,9
1051,Good,Available,57
1052,Good,Maintenance,16
1053,Maintenance Required,Available,77
1054,Excellent,Rented,24
1055,Good,Available,70
1056,Good,Available,26
1057,Good,Available,25
1058,Good,Maintenance,19
1059,Good,Available,76
1060,Maintenance Required,Available,36
1061,Excellent,Rented,52
1062,Fair,Available,73
1063,Maintenance Required,Maintenance,1
1064,Good,Available,45
1065,Maintenance Required,Maintenance,44
1066,Fair,Available,51
1067,Fair,Available,77
1068,Fair,Available,18
1069,Excellent,Available,62
1070,Fair,Available,49
1071,Fair,Available,68
1072,Maintenance Required,Available,69
1073,Excellent,Available,32
1074,Excellent,Available,75
1075,Fair,Available,22
1076,Good,Maintenance,40
1077,Fair,Available,1
1078,Maintenance Required,Available,57
1079,Fair,Available,17
1080,Maintenance Required,Maintenance,4
1081,Maintenance Required,Maintenance,55
1082,Excellent,Available,51
1083,Good,Maintenance,6
1084,Good,Available,17
1085,Excellent,Rented,32
1086,Excellent,Maintenance,5
1087,Maintenance Required,Rented,42
1088,Good,Maintenance,27
1089,Maintenance Required,Available,61
1090,Maintenance Required,Available,67
1091,Fair,Available,10
1092,Fair,Rented,40
1093,Excellent,Rented,23
1094,Maintenance Required,Available,74
1095,Excellent,Rented,39
1096,Good,Available,2
1097,Excellent,Rented,24
1098,Excellent,Available,1
1099,Excellent,Available,11
1100,Maintenance Required,Available,68
1101,Excellent,Available,44
1102,Good,Available,3
1103,Excellent,Rented,1
1104,Fair,Available,47
1105,Excellent,Rented,35
1106,Maintenance Required,Maintenance,36
1107,Excellent,Available,18
1108,Maintenance Required,Rented,35
1109,Maintenance Required,Available,17
1110,Excellent,Available,3
1111,Maintenance Required,Maintenance,22
1112,Fair,Available,58
1113,Excellent,Available,22
1114,Excellent,Rented,51
1115,Fair,Available,69
1116,Good,Available,70
1117,Fair,Maintenance,2
1118,Good,Available,64
1119,Good,Rented,72
1120,Excellent,Rented,69
1121,Excellent,Available,7
1122,Maintenance Required,Maintenance,43
1123,Good,Available,20
1124,Maintenance Required,Available,52
1125,Fair,Maintenance,35
1126,Maintenance Required,Available,13
1127,Fair,Available,13
1128,Maintenance Required,Rented,14
1129,Maintenance Required,Available,78
1130,Good,Available,4
1131,Good,Available,10
1132,Good,Maintenance,16
1133,Good,Available,46
1134,Good,Maintenance,30
1135,Excellent,Available,58
1136,Good,Rented,74
1137,Fair,Maintenance,75
1138,Excellent,Available,21
1139,Fair,Available,69
1140,Excellent,Rented,16
1141,Maintenance Required,Available,28
1142,Good,Available,37
1143,Fair,Rented,60
1144,Excellent,Available,39
1145,Fair,Maintenance,24
1146,Good,Maintenance,60
1147,Good,Rented,53
1148,Fair,Maintenance,17
1149,Good,Available,11
1150,Fair,Maintenance,23
1151,Maintenance Required,Available,61
1152,Maintenance Required,Rented,56
1153,Fair,Available,22
1154,Fair,Available,25
1155,Fair,Maintenance,44
1156,Maintenance Required,Available,60
1157,Maintenance Required,Available,78
1158,Excellent,Available,61
1159,Fair,Available,52
1160,Excellent,Available,67
1161,Excellent,Available,79
1162,Excellent,Available,35
1163,Fair,Rented,17
1164,Maintenance Required,Available,75
1165,Excellent,Maintenance,4
1166,Excellent,Maintenance,37
1167,Maintenance Required,Available,9
1168,Good,Rented,62
1169,Good,Available,54
1170,Maintenance Required,Rented,22
1171,Good,Available,18
1172,Good,Available,34
1173,Maintenance Required,Maintenance,29
1174,Excellent,Maintenance,30
1175,Fair,Available,11
1176,Fair,Available,13
1177,Good,Available,60
1178,Maintenance Required,Available,15
1179,Maintenance Required,Available,24
1180,Fair,Rented,9
1181,Maintenance Required,Maintenance,43
1182,Excellent,Available,2
1183,Fair,Available,67
1184,Good,Available,79
1185,Fair,Rented,43
1186,Good,Available,40
1187,Good,Available,74
1188,Maintenance Required,Rented,79
1189,Maintenance Required,Available,62
1190,Good,Maintenance,46
1191,Good,Available,3
1192,Good,Available,56
1193,Good,Rented,60
1194,Excellent,Available,42
1195,Good,Maintenance,26
1196,Excellent,Maintenance,73
1197,Excellent,Rented,5
1198,Maintenance Required,Rented,39
1199,Fair,Available,9
1200,Maintenance Required,Maintenance,19
1201,Good,Available,63
1202,Fair,Available,41
1203,Good,Available,37
1204,Maintenance Required,Maintenance,16
1205,Good,Available,64
1206,Maintenance Required,Available,56
1207,Good,Maintenance,35
1208,Fair,Available,26
1209,Maintenance Required,Maintenance,74
1210,Fair,Available,3
1211,Good,Available,28
1212,Maintenance Required,Maintenance,23
1213,Fair,Rented,29
1214,Good,Maintenance,26
1215,Good,Available,13
1216,Maintenance Required,Available,3
1217,Fair,Available,36
1218,Excellent,Available,27
1219,Maintenance Required,Available,30
1220,Good,Available,13
1221,Maintenance Required,Available,38
1222,Fair,Available,3
1223,Good,Available,59
1224,Good,Available,31
1225,Fair,Available,6
1226,Excellent,Available,52
1227,Good,Available,32
1228,Excellent,Rented,13
1229,Fair,Available,12
1230,Maintenance Required,Available,42
1231,Fair,Available,76
1232,Good,Available,35
1233,Fair,Rented,39
1234,Excellent,Available,40
1235,Good,Available,76
1236,Excellent,Available,48
1237,Good,Maintenance,42
1238,Maintenance Required,Maintenance,5
1239,Excellent,Available,10
1240,Excellent,Available,45
1241,Fair,Maintenance,29
1242,Excellent,Maintenance,33
1243,Excellent,Available,61
1244,Fair,Available,64
1245,Excellent,Rented,64
1246,Good,Available,56
1247,Good,Available,66
1248,Good,Available,53
1249,Excellent,Rented,56
1250,Excellent,Maintenance,18
1251,Maintenance Required,Available,47
1252,Good,Available,41
1253,Maintenance Required,Rented,1
1254,Fair,Available,10
1255,Good,Available,38
1256,Maintenance Required,Maintenance,41
1257,Maintenance Required,Maintenance,46
1258,Maintenance Required,Available,58
1259,Good,Available,40
1260,Excellent,Maintenance,55
1261,Excellent,Available,6
1262,Excellent,Available,6
1263,Excellent,Available,54
1264,Good,Rented,28
1265,Excellent,Maintenance,66
1266,Good,Available,77
1267,Maintenance Required,Available,36
1268,Good,Maintenance,50
1269,Excellent,Rented,67
1270,Maintenance Required,Maintenance,66
1271,Excellent,Maintenance,46
1272,Maintenance Required,Maintenance,46
1273,Fair,Available,6
1274,Maintenance Required,Available,76
1275,Good,Rented,52
1276,Good,Maintenance,62
1277,Excellent,Rented,5
1278,Maintenance Required,Available,20
1279,Excellent,Available,1
1280,Good,Available,58
1281,Good,Available,59
1282,Fair,Available,54
1283,Good,Available,60
1284,Good,Available,69
1285,Maintenance Required,Maintenance,52
1286,Fair,Available,77
1287,Fair,Available,33
1288,Good,Rented,78
1289,Excellent,Available,60
1290,Maintenance Required,Available,50
1291,Excellent,Rented,73
1292,Maintenance Required,Rented,49
1293,Excellent,Maintenance,48
1294,Maintenance Required,Available,44
1295,Maintenance Required,Available,11
1296,Maintenance Required,Available,46
1297,Fair,Rented,45
1298,Fair,Available,27
1299,Excellent,Rented,12
1300,Good,Available,27
1301,Good,Available,5
1302,Fair,Rented,68
1303,Good,Available,43
1304,Maintenance Required,Rented,61
1305,Excellent,Available,31
1306,Maintenance Required,Rented,13
1307,Maintenance Required,Available,72
1308,Good,Rented,76
1309,Fair,Available,14
1310,Maintenance Required,Available,71
1311,Excellent,Available,2
1312,Excellent,Available,34
1313,Fair,Available,48
1314,Excellent,Available,42
1315,Fair,Maintenance,44
1316,Excellent,Maintenance,5
1317,Good,Maintenance,76
1318,Maintenance Required,Rented,64
1319,Maintenance Required,Available,31
1320,Maintenance Required,Available,40
1321,Good,Available,51
1322,Fair,Available,26
1323,Good,Available,68
1324,Excellent,Maintenance,4
1325,Fair,Available,11
1326,Good,Maintenance,41
1327,Good,Available,40
1328,Fair,Available,63
1329,Maintenance Required,Available,57
1330,Maintenance Required,Rented,35
1331,Maintenance Required,Available,20
1332,Excellent,Maintenance,46
1333,Maintenance Required,Available,78
1334,Fair,Available,19
1335,Fair,Rented,58
1336,Excellent,Available,8
1337,Good,Available,17
1338,Good,Available,17
1339,Fair,Rented,5
1340,Maintenance Required,Available,60
1341,Fair,Available,24
1342,Excellent,Available,48
1343,Good,Maintenance,14
1344,Fair,Available,2
1345,Maintenance Required,Rented,53
1346,Excellent,Available,6
1347,Good,Rented,28
1348,Fair,Available,68
1349,Excellent,Maintenance,63
1350,Maintenance Required,Available,72
1351,Excellent,Available,54
1352,Maintenance Required,Rented,18
1353,Fair,Maintenance,79
1354,Fair,Available,37
1355,Excellent,Available,20
1356,Fair,Maintenance,21
1357,Fair,Maintenance,20
1358,Maintenance Required,Available,70
1359,Good,Rented,10
1360,Maintenance Required,Available,31
1361,Fair,Available,39
1362,Excellent,Available,29
1363,Excellent,Available,69
1364,Maintenance Required,Maintenance,49
1365,Fair,Available,16
1366,Good,Maintenance,78
1367,Excellent,Rented,53
1368,Excellent,Available,11
1369,Excellent,Maintenance,59
1370,Excellent,Available,73
1371,Good,Available,75
1372,Good,Available,49
1373,Maintenance Required,Maintenance,63
1374,Good,Available,71
1375,Excellent,Available,9
1376,Excellent,Available,34
1377,Good,Available,12
1378,Excellent,Available,67
1379,Excellent,Available,72
1380,Fair,Available,2
1381,Good,Available,30
1382,Maintenance Required,Maintenance,15
1383,Fair,Available,1
1384,Excellent,Maintenance,58
1385,Maintenance Required,Available,47
1386,Fair,Available,74
1387,Maintenance Required,Available,50
1388,Maintenance Required,Maintenance,38
1389,Excellent,Available,28
1390,Excellent,Available,26
1391,Maintenance Required,Available,46
1392,Maintenance Required,Available,41
1393,Maintenance Required,Available,20
1394,Fair,Available,61
1395,Fair,Available,59
1396,Good,Rented,29
1397,Fair,Maintenance,34
1398,Maintenance Required,Available,75
1399,Good,Available,78
1400,Excellent,Available,78
1401,Fair,Available,51
1402,Maintenance Required,Available,24
1403,Excellent,Rented,10
1404,Good,Available,3
1405,Maintenance Required,Available,55
1406,Excellent,Maintenance,30
1407,Fair,Rented,6
1408,Good,Available,51
1409,Excellent,Available,5
1410,Maintenance Required,Available,69
1411,Maintenance Required,Available,38
1412,Fair,Available,22
1413,Excellent,Rented,51
1414,Excellent,Available,37
1415,Maintenance Required,Available,36
1416,Maintenance Required,Rented,67
1417,Fair,Maintenance,77
1418,Fair,Maintenance,49
1419,Excellent,Rented,33
1420,Good,Rented,2
1421,Excellent,Available,14
1422,Maintenance Required,Available,59
1423,Maintenance Required,Rented,10
1424,Maintenance Required,Available,29
1425,Fair,Maintenance,74
1426,Good,Available,26
1427,Excellent,Available,57
1428,Maintenance Required,Available,10
1429,Maintenance Required,Available,74
1430,Fair,Maintenance,5
1431,Good,Available,4
1432,Fair,Available,35
1433,Fair,Available,12
1434,Maintenance Required,Rented,76
1435,Good,Available,36
1436,Fair,Maintenance,30
1437,Fair,Available,53
1438,Good,Maintenance,21
1439,Maintenance Required,Available,14
1440,Good,Available,28
1441,Excellent,Available,32
1442,Good,Rented,40
1443,Fair,Available,52
1444,Excellent,Maintenance,50
1445,Maintenance Required,Available,62
1446,Maintenance Required,Available,14
1447,Fair,Rented,73
1448,Fair,Maintenance,20
1449,Good,Available,64
1450,Fair,Maintenance,72
1451,Fair,Available,49
1452,Good,Rented,80
1453,Maintenance Required,Available,50
1454,Excellent,Available,34
1455,Good,Available,36
1456,Maintenance Required,Rented,62
1457,Maintenance Required,Available,5
1458,Fair,Maintenance,47
1459,Maintenance Required,Available,13
1460,Maintenance Required,Maintenance,41
1461,Excellent,Available,17
1462,Good,Available,50
1463,Maintenance Required,Maintenance,4
1464,Good,Available,72
1465,Maintenance Required,Available,34
1466,Good,Maintenance,52
1467,Maintenance Required,Available,69
1468,Fair,Available,14
1469,Maintenance Required,Available,47
1470,Good,Available,30
1471,Maintenance Required,Available,17
1472,Maintenance Required,Rented,70
1473,Good,Available,75
1474,Good,Maintenance,42
1475,Fair,Available,8
1476,Good,Rented,80
1477,Excellent,Available,7
1478,Excellent,Available,11
1479,Fair,Rented,11
1480,Maintenance Required,Available,10
1481,Maintenance Required,Available,75
1482,Fair,Available,72
1483,Excellent,Available,80
1484,Good,Available,12
1485,Good,Available,7
1486,Fair,Rented,68
1487,Excellent,Maintenance,74
1488,Maintenance Required,Available,52
1489,Good,Available,26
1490,Fair,Available,8
1491,Excellent,Rented,68
1492,Good,Rented,60
1493,Fair,Rented,47
1494,Good,Available,9
1495,Good,Available,10
1496,Maintenance Required,Available,3
1497,Maintenance Required,Available,11
1498,Maintenance Required,Rented,16
1499,Good,Available,9
1500,Good,Rented,20
1501,Excellent,Rented,34
1502,Good,Rented,78
1503,Good,Available,65
1504,Excellent,Rented,79
1505,Maintenance Required,Available,60
1506,Good,Available,2
1507,Excellent,Maintenance,29
1508,Good,Available,30
1509,Good,Rented,18
1510,Excellent,Available,59
1511,Good,Rented,49
1512,Fair,Maintenance,75
1513,Fair,Available,80
1514,Fair,Available,24
1515,Maintenance Required,Available,79
1516,Fair,Maintenance,34
1517,Good,Rented,36
1518,Maintenance Required,Maintenance,70
1519,Excellent,Available,15
1520,Good,Available,40
1521,Maintenance Required,Available,6
1522,Excellent,Available,4
1523,Maintenance Required,Rented,72
1524,Fair,Available,11
1525,Excellent,Rented,45
1526,Maintenance Required,Maintenance,22
1527,Excellent,Available,62
1528,Excellent,Available,46
1529,Fair,Rented,3
1530,Maintenance Required,Available,31
1531,Maintenance Required,Available,15
1532,Maintenance Required,Available,51
1533,Good,Available,28
1534,Fair,Available,42
1535,Excellent,Available,69
1536,Fair,Available,80
1537,Maintenance Required,Rented,80
1538,Maintenance Required,Maintenance,30
1539,Fair,Rented,26
1540,Fair,Available,75
1541,Good,Available,9
1542,Fair,Available,58
1543,Excellent,Rented,10
1544,Maintenance Required,Rented,28
1545,Good,Maintenance,2
1546,Good,Available,55
1547,Maintenance Required,Rented,51
1548,Excellent,Available,14
1549,Fair,Available,47
1550,Good,Available,27
1551,Excellent,Available,2
1552,Good,Available,51
1553,Good,Maintenance,66
1554,Fair,Maintenance,22
1555,Maintenance Required,Available,18
1556,Excellent,Available,22
1557,Good,Available,61
1558,Maintenance Required,Available,22
1559,Fair,Available,55
1560,Fair,Available,70
1561,Excellent,Rented,24
1562,Excellent,Available,18
1563,Maintenance Required,Available,79
1564,Fair,Available,71
1565,Maintenance Required,Available,70
1566,Maintenance Required,Available,9
1567,Maintenance Required,Available,63
1568,Fair,Available,51
1569,Fair,Available,21
1570,Excellent,Available,43
1571,Fair,Available,3
1572,Excellent,Maintenance,5
1573,Fair,Available,39
1574,Maintenance Required,Available,17
1575,Excellent,Available,27
1576,Maintenance Required,Available,27
1577,Good,Available,58
1578,Fair,Available,31
1579,Good,Available,20
1580,Fair,Available,25
1581,Good,Rented,36
1582,Good,Maintenance,43
1583,Maintenance Required,Maintenance,15
1584,Excellent,Maintenance,19
1585,Maintenance Required,Rented,15
1586,Excellent,Rented,29
1587,Maintenance Required,Maintenance,55
1588,Fair,Available,61
1589,Good,Available,32
1590,Fair,Available,33
1591,Excellent,Available,33
1592,Excellent,Rented,50
1593,Fair,Maintenance,51
1594,Excellent,Available,60
1595,Fair,Available,70
1596,Excellent,Available,43
1597,Excellent,Rented,43
1598,Fair,Available,53
1599,Maintenance Required,Available,75
1600,Excellent,Maintenance,67
1601,Fair,Available,17
1602,Fair,Available,16
1603,Excellent,Maintenance,41
1604,Maintenance Required,Available,53
1605,Excellent,Available,25
1606,Fair,Available,21
1607,Good,Available,21
1608,Excellent,Available,18
1609,Good,Rented,65
1610,Fair,Available,57
1611,Fair,Available,45
1612,Maintenance Required,Rented,40
1613,Fair,Available,23
1614,Fair,Available,77
1615,Excellent,Available,14
1616,Good,Available,43
1617,Maintenance Required,Available,41
1618,Maintenance Required,Maintenance,60
1619,Good,Rented,71
1620,Good,Available,6
1621,Fair,Maintenance,57
1622,Excellent,Available,76
1623,Fair,Available,3
1624,Excellent,Maintenance,69
1625,Excellent,Maintenance,61
1626,Excellent,Available,56
1627,Good,Maintenance,17
1628,Fair,Available,29
1629,Fair,Maintenance,38
1630,Excellent,Available,24
1631,Maintenance Required,Rented,46
1632,Maintenance Required,Rented,42
1633,Excellent,Available,77
1634,Maintenance Required,Maintenance,25
1635,Good,Available,71
1636,Fair,Rented,40
1637,Good,Rented,53
1638,Fair,Available,33
1639,Maintenance Required,Available,12
1640,Fair,Maintenance,71
1641,Maintenance Required,Available,74
1642,Fair,Available,14
1643,Excellent,Available,24
1644,Maintenance Required,Maintenance,26
1645,Maintenance Required,Available,77
1646,Good,Available,1
1647,Maintenance Required,Available,59
1648,Good,Available,17
1649,Fair,Rented,64
1650,Excellent,Available,14
1651,Maintenance Required,Maintenance,74
1652,Good,Rented,77
1653,Fair,Rented,14
1654,Good,Available,7
1655,Maintenance Required,Maintenance,67
1656,Fair,Available,67
1657,Fair,Maintenance,66
1658,Maintenance Required,Maintenance,79
1659,Fair,Available,14
1660,Maintenance Required,Rented,74
1661,Excellent,Maintenance,32
1662,Excellent,Rented,2
1663,Maintenance Required,Maintenance,31
1664,Fair,Available,37
1665,Maintenance Required,Available,41
1666,Fair,Available,40
1667,Maintenance Required,Rented,6
1668,Good,Rented,75
1669,Maintenance Required,Available,18
1670,Good,Available,37
1671,Fair,Maintenance,58
1672,Maintenance Required,Available,14
1673,Good,Available,34
1674,Good,Maintenance,75
1675,Fair,Maintenance,67
1676,Maintenance Required,Maintenance,7
1677,Maintenance Required,Available,74
1678,Fair,Rented,65
1679,Good,Rented,65
1680,Maintenance Required,Maintenance,43
1681,Maintenance Required,Rented,10
1682,Fair,Available,68
1683,Excellent,Rented,40
1684,Excellent,Rented,27
1685,Maintenance Required,Rented,13
1686,Excellent,Available,50
1687,Excellent,Available,41
1688,Good,Rented,63
1689,Good,Available,75
1690,Good,Maintenance,25
1691,Fair,Available,42
1692,Good,Rented,31
1693,Fair,Available,75
1694,Fair,Available,71
1695,Good,Available,24
1696,Maintenance Required,Available,18
1697,Good,Rented,26
1698,Fair,Available,31
1699,Fair,Maintenance,16
1700,Good,Available,58
1701,Excellent,Available,77
1702,Good,Available,18
1703,Maintenance Required,Rented,35
1704,Fair,Rented,10
1705,Fair,Available,79
1706,Good,Available,75
1707,Fair,Available,41
1708,Excellent,Available,58
1709,Excellent,Rented,5
1710,Maintenance Required,Available,15
1711,Good,Rented,10
1712,Fair,Available,40
1713,Fair,Rented,73
1714,Excellent,Available,51
1715,Good,Maintenance,14
1716,Good,Rented,12
1717,Maintenance Required,Available,2
1718,Maintenance Required,Rented,4
1719,Good,Available,14
1720,Good,Available,20
1721,Maintenance Required,Available,47
1722,Maintenance Required,Maintenance,37
1723,Good,Available,46
1724,Fair,Available,33
1725,Fair,Maintenance,42
1726,Excellent,Available,43
1727,Good,Available,53
1728,Excellent,Rented,55
1729,Maintenance Required,Maintenance,64
1730,Fair,Available,78
1731,Good,Rented,30
1732,Good,Maintenance,53
1733,Excellent,Available,77
1734,Excellent,Available,53
1735,Good,Available,67
1736,Maintenance Required,Available,52
1737,Excellent,Available,55
1738,Good,Available,24
1739,Maintenance Required,Available,73
1740,Excellent,Rented,44
1741,Maintenance Required,Maintenance,14
1742,Maintenance Required,Rented,5
1743,Excellent,Available,4
1744,Good,Available,14
1745,Good,Maintenance,8
1746,Fair,Available,27
1747,Excellent,Rented,79
1748,Maintenance Required,Available,56
1749,Maintenance Required,Available,15
1750,Good,Available,10
1751,Excellent,Maintenance,30
1752,Maintenance Required,Maintenance,21
1753,Excellent,Available,19
1754,Good,Available,44
1755,Excellent,Available,62
1756,Maintenance Required,Available,23
1757,Good,Available,8
1758,Good,Rented,66
1759,Fair,Available,57
1760,Excellent,Available,59
1761,Fair,Rented,37
1762,Maintenance Required,Available,70
1763,Good,Available,71
1764,Good,Available,52
1765,Excellent,Available,21
1766,Maintenance Required,Maintenance,22
1767,Excellent,Available,71
1768,Maintenance Required,Rented,34
1769,Fair,Available,47
1770,Maintenance Required,Rented,35
1771,Maintenance Required,Available,2
1772,Fair,Rented,55
1773,Fair,Available,20
1774,Fair,Rented,23
1775,Maintenance Required,Maintenance,28
1776,Fair,Rented,60
1777,Fair,Available,64
1778,Excellent,Maintenance,57
1779,Maintenance Required,Available,35
1780,Maintenance Required,Rented,62
1781,Maintenance Required,Available,7
1782,Maintenance Required,Available,19
1783,Fair,Available,70
1784,Excellent,Maintenance,52
1785,Good,Rented,18
1786,Maintenance Required,Available,10
1787,Maintenance Required,Available,16
1788,Fair,Available,1
1789,Excellent,Maintenance,64
1790,Excellent,Available,55
1791,Maintenance Required,Maintenance,50
1792,Excellent,Available,66
1793,Maintenance Required,Rented,10
1794,Maintenance Required,Maintenance,40
1795,Excellent,Available,48
1796,Good,Available,60
1797,Fair,Available,23
1798,Fair,Available,72
1799,Fair,Available,48
1800,Excellent,Available,52
1801,Excellent,Maintenance,74
1802,Fair,Maintenance,72
1803,Maintenance Required,Available,3
1804,Maintenance Required,Available,16
1805,Maintenance Required,Rented,66
1806,Fair,Available,14
1807,Maintenance Required,Rented,6
1808,Excellent,Rented,14
1809,Excellent,Available,37
1810,Good,Rented,29
1811,Fair,Rented,71
1812,Maintenance Required,Rented,77
1813,Fair,Rented,20
1814,Excellent,Available,11
1815,Excellent,Available,9
1816,Excellent,Available,74
1817,Excellent,Available,61
1818,Fair,Available,64
1819,Excellent,Available,23
1820,Good,Available,7
1821,Maintenance Required,Available,37
1822,Good,Available,30
1823,Excellent,Available,11
1824,Maintenance Required,Available,80
1825,Maintenance Required,Available,80
1826,Fair,Available,59
1827,Maintenance Required,Available,77
1828,Maintenance Required,Available,77
1829,Good,Available,33
1830,Maintenance Required,Maintenance,20
1831,Good,Available,34
1832,Excellent,Rented,37
1833,Excellent,Available,37
1834,Maintenance Required,Available,28
1835,Fair,Available,6
1836,Good,Rented,25
1837,Good,Rented,79
1838,Maintenance Required,Maintenance,55
1839,Maintenance Required,Rented,78
1840,Excellent,Rented,69
1841,Fair,Available,1
1842,Excellent,Rented,64
1843,Excellent,Available,39
1844,Fair,Maintenance,67
1845,Excellent,Available,51
1846,Excellent,Maintenance,35
1847,Good,Available,8
1848,Maintenance Required,Available,65
1849,Excellent,Available,37
1850,Fair,Available,57
1851,Excellent,Maintenance,43
1852,Maintenance Required,Available,80
1853,Fair,Available,24
1854,Fair,Available,32
1855,Excellent,Available,57
1856,Excellent,Available,15
1857,Fair,Available,67
1858,Fair,Rented,69
1859,Fair,Maintenance,55
1860,Good,Available,29
1861,Fair,Maintenance,32
1862,Excellent,Maintenance,53
1863,Excellent,Rented,27
1864,Fair,Maintenance,26
1865,Excellent,Available,2
1866,Maintenance Required,Available,19
1867,Fair,Maintenance,20
1868,Good,Available,64
1869,Fair,Available,43
1870,Good,Maintenance,70
1871,Maintenance Required,Maintenance,67
1872,Good,Available,14
1873,Maintenance Required,Available,37
1874,Fair,Rented,78
1875,Maintenance Required,Available,40
1876,Good,Maintenance,38
1877,Maintenance Required,Available,32
1878,Fair,Rented,62
1879,Excellent,Available,24
1880,Excellent,Rented,56
1881,Maintenance Required,Available,24
1882,Excellent,Available,69
1883,Good,Maintenance,45
1884,Maintenance Required,Rented,24
1885,Maintenance Required,Maintenance,55
1886,Maintenance Required,Rented,70
1887,Fair,Available,43
1888,Fair,Rented,43
1889,Excellent,Available,38
1890,Excellent,Available,36
1891,Good,Maintenance,79
1892,Maintenance Required,Available,28
1893,Maintenance Required,Available,43
1894,Fair,Available,59
1895,Good,Available,75
1896,Good,Maintenance,49
1897,Excellent,Available,78
1898,Fair,Maintenance,20
1899,Fair,Rented,37
1900,Good,Rented,78
1901,Maintenance Required,Available,45
1902,Fair,Rented,9
1903,Maintenance Required,Available,71
1904,Good,Available,17
1905,Excellent,Rented,60
1906,Fair,Maintenance,43
1907,Fair,Available,4
1908,Maintenance Required,Available,14
1909,Good,Rented,17
1910,Good,Available,39
1911,Good,Rented,7
1912,Maintenance Required,Available,23
1913,Maintenance Required,Available,69
1914,Fair,Rented,37
1915,Maintenance Required,Available,46
1916,Excellent,Available,9
1917,Good,Maintenance,10
1918,Maintenance Required,Maintenance,2
1919,Maintenance Required,Maintenance,24
1920,Maintenance Required,Rented,7
1921,Fair,Available,10
1922,Fair,Maintenance,45
1923,Maintenance Required,Available,52
1924,Maintenance Required,Available,46
1925,Excellent,Maintenance,38
1926,Good,Maintenance,4
1927,Good,Available,67
1928,Excellent,Available,18
1929,Maintenance Required,Rented,67
1930,Excellent,Available,75
1931,Fair,Rented,79
1932,Fair,Available,76
1933,Good,Maintenance,69
1934,Maintenance Required,Available,37
1935,Good,Available,43
1936,Excellent,Available,32
1937,Maintenance Required,Available,22
1938,Good,Available,22
1939,Good,Rented,3
1940,Maintenance Required,Available,49
1941,Maintenance Required,Rented,17
1942,Maintenance Required,Available,70
1943,Fair,Available,55
1944,Good,Maintenance,61
1945,Maintenance Required,Available,60
1946,Good,Available,32
1947,Maintenance Required,Rented,65
1948,Good,Available,72
1949,Excellent,Available,57
1950,Good,Maintenance,53
1951,Good,Available,30
1952,Fair,Rented,45
1953,Fair,Rented,32
1954,Good,Available,23
1955,Maintenance Required,Available,58
1956,Fair,Available,8
1957,Fair,Maintenance,28
1958,Maintenance Required,Available,46
1959,Good,Rented,8
1960,Good,Available,29
1961,Fair,Rented,71
1962,Fair,Available,3
1963,Excellent,Available,33
1964,Fair,Available,43
1965,Maintenance Required,Maintenance,38
1966,Good,Maintenance,78
1967,Maintenance Required,Available,58
1968,Excellent,Available,38
1969,Maintenance Required,Maintenance,54
1970,Excellent,Available,69
1971,Maintenance Required,Available,75
1972,Maintenance Required,Available,52
1973,Maintenance Required,Available,68
1974,Excellent,Available,49
1975,Fair,Rented,36
1976,Good,Available,64
1977,Good,Maintenance,24
1978,Good,Available,10
1979,Fair,Available,70
1980,Maintenance Required,Rented,69
1981,Excellent,Rented,4
1982,Good,Maintenance,21
1983,Fair,Maintenance,34
1984,Fair,Available,76
1985,Fair,Available,54
1986,Maintenance Required,Available,63
1987,Fair,Available,72
1988,Excellent,Available,8
1989,Good,Available,7
1990,Excellent,Available,74
1991,Maintenance Required,Available,31
1992,Good,Maintenance,49
1993,Good,Available,29
1994,Excellent,Available,55
1995,Excellent,Available,71
1996,Excellent,Available,70
1997,Good,Available,47
1998,Fair,Available,59
1999,Maintenance Required,Rented,42
2000,Good,Rented,3
2001,Good,Maintenance,63
2002,Excellent,Available,59
2003,Fair,Maintenance,49
2004,Fair,Rented,56
2005,Fair,Available,75
2006,Fair,Maintenance,64
2007,Fair,Available,44
2008,Fair,Available,4
2009,Maintenance Required,Available,31
2010,Excellent,Rented,73
2011,Fair,Maintenance,15
2012,Fair,Available,47
2013,Good,Maintenance,72
2014,Good,Available,45
2015,Fair,Available,17
2016,Maintenance Required,Maintenance,8
2017,Good,Available,65
2018,Fair,Available,51
2019,Good,Available,9
2020,Fair,Rented,39
2021,Fair,Available,38
2022,Excellent,Available,20
2023,Good,Rented,6
2024,Fair,Rented,50
2025,Excellent,Maintenance,26
2026,Good,Available,71
2027,Good,Available,8
2028,Good,Available,31
2029,Fair,Available,22
2030,Good,Maintenance,2
2031,Maintenance Required,Available,26
2032,Excellent,Maintenance,38
2033,Excellent,Available,33
2034,Excellent,Available,12
2035,Fair,Rented,22
2036,Fair,Maintenance,74
2037,Excellent,Available,73
2038,Maintenance Required,Maintenance,37
2039,Excellent,Available,33
2040,Good,Available,31
2041,Maintenance Required,Available,39
2042,Excellent,Available,12
2043,Fair,Available,27
2044,Fair,Rented,34
2045,Good,Available,9
2046,Maintenance Required,Available,77
2047,Maintenance Required,Maintenance,60
2048,Excellent,Available,54
2049,Good,Available,64
2050,Excellent,Available,17
2051,Excellent,Available,20
2052,Excellent,Available,80
2053,Excellent,Available,65
2054,Excellent,Available,6
2055,Fair,Maintenance,76
2056,Good,Maintenance,5
2057,Excellent,Maintenance,68
2058,Excellent,Maintenance,70
2059,Maintenance Required,Available,49
2060,Good,Available,47
2061,Excellent,Maintenance,15
2062,Excellent,Maintenance,76
2063,Excellent,Available,20
2064,Fair,Rented,25
2065,Good,Available,72
2066,Good,Available,57
2067,Maintenance Required,Rented,56
2068,Fair,Available,7
2069,Excellent,Available,62
2070,Excellent,Maintenance,28
2071,Maintenance Required,Available,15
2072,Fair,Available,5
2073,Good,Available,15
2074,Excellent,Available,21
2075,Fair,Maintenance,35
2076,Maintenance Required,Available,48
2077,Excellent,Available,64
2078,Maintenance Required,Rented,67
2079,Excellent,Rented,45
2080,Fair,Available,59
2081,Maintenance Required,Available,46
2082,Excellent,Rented,29
2083,Excellent,Rented,27
2084,Good,Rented,4
2085,Excellent,Available,65
2086,Fair,Rented,8
2087,Good,Maintenance,4
2088,Maintenance Required,Available,79
2089,Maintenance Required,Rented,8
2090,Excellent,Available,60
2091,Fair,Rented,45
2092,Maintenance Required,Rented,77
2093,Good,Available,78
2094,Good,Rented,32
2095,Excellent,Rented,8
2096,Fair,Maintenance,14
2097,Excellent,Maintenance,2
2098,Excellent,Available,64
2099,Maintenance Required,Available,7
2100,Good,Available,32
2101,Good,Available,39
2102,Fair,Maintenance,52
2103,Fair,Available,63
2104,Good,Maintenance,70
2105,Good,Rented,22
2106,Excellent,Maintenance,43
2107,Good,Available,64
2108,Fair,Maintenance,68
2109,Fair,Maintenance,19
2110,Fair,Available,44
2111,Excellent,Available,41
2112,Excellent,Maintenance,80
2113,Excellent,Available,54
2114,Good,Available,40
2115,Maintenance Required,Maintenance,55
2116,Good,Maintenance,72
2117,Good,Rented,63
2118,Good,Available,73
2119,Excellent,Available,31
2120,Good,Rented,34
2121,Maintenance Required,Available,33
2122,Fair,Rented,67
2123,Fair,Maintenance,54
2124,Maintenance Required,Available,56
2125,Maintenance Required,Available,13
2126,Excellent,Available,63
2127,Maintenance Required,Available,5
2128,Maintenance Required,Available,14
2129,Good,Maintenance,45
2130,Maintenance Required,Rented,57
2131,Excellent,Available,5
2132,Fair,Available,46
2133,Excellent,Available,66
2134,Fair,Available,35
2135,Maintenance Required,Available,48
2136,Excellent,Available,70
2137,Maintenance Required,Available,28
2138,Maintenance Required,Maintenance,10
2139,Excellent,Available,49
2140,Maintenance Required,Available,40
2141,Maintenance Required,Available,26
2142,Good,Rented,12
2143,Fair,Available,3
2144,Fair,Rented,44
2145,Fair,Available,45
2146,Good,Rented,51
2147,Fair,Available,65
2148,Maintenance Required,Available,64
2149,Excellent,Available,35
2150,Fair,Available,38
2151,Fair,Maintenance,36
2152,Maintenance Required,Rented,46
2153,Excellent,Available,4
2154,Excellent,Available,1
2155,Maintenance Required,Available,77
2156,Maintenance Required,Available,20
2157,Maintenance Required,Maintenance,29
2158,Fair,Available,61
2159,Maintenance Required,Available,13
2160,Good,Maintenance,50
2161,Excellent,Maintenance,48
2162,Maintenance Required,Available,42
2163,Good,Available,75
2164,Excellent,Rented,4
2165,Excellent,Maintenance,47
2166,Excellent,Available,15
2167,Fair,Available,53
2168,Fair,Maintenance,31
2169,Fair,Available,33
2170,Maintenance Required,Available,61
2171,Maintenance Required,Available,2
2172,Fair,Maintenance,63
2173,Excellent,Available,43
2174,Fair,Available,24
2175,Maintenance Required,Rented,37
2176,Fair,Available,74
2177,Excellent,Rented,18
2178,Maintenance Required,Available,46
2179,Fair,Available,61
2180,Excellent,Available,65
2181,Maintenance Required,Available,15
2182,Good,Available,58
2183,Maintenance Required,Maintenance,40
2184,Fair,Maintenance,37
2185,Good,Available,24
2186,Maintenance Required,Available,16
2187,Good,Available,71
2188,Fair,Maintenance,55
2189,Maintenance Required,Available,78
2190,Excellent,Available,6
2191,Excellent,Rented,57
2192,Excellent,Available,72
2193,Fair,Available,80
2194,Maintenance Required,Available,58
2195,Excellent,Available,31
2196,Fair,Maintenance,73
2197,Excellent,Available,37
2198,Good,Available,23
2199,Good,Maintenance,45
2200,Good,Rented,26
2201,Maintenance Required,Available,22
2202,Maintenance Required,Maintenance,52
2203,Excellent,Available,72
2204,Good,Rented,7
2205,Maintenance Required,Available,42
2206,Maintenance Required,Available,59
2207,Fair,Maintenance,11
2208,Good,Available,72
2209,Maintenance Required,Available,68
2210,Fair,Available,67
2211,Maintenance Required,Maintenance,1
2212,Excellent,Rented,16
2213,Excellent,Available,16
2214,Fair,Available,52
2215,Excellent,Available,49
2216,Good,Available,75
2217,Maintenance Required,Available,74
2218,Good,Available,39
2219,Good,Maintenance,63
2220,Fair,Available,70
2221,Maintenance Required,Rented,31
2222,Maintenance Required,Rented,38
2223,Excellent,Rented,1
2224,Excellent,Available,72
2225,Good,Available,44
2226,Excellent,Available,43
2227,Excellent,Maintenance,12
2228,Good,Rented,21
2229,Excellent,Maintenance,62
2230,Maintenance Required,Rented,53
2231,Good,Maintenance,3
2232,Fair,Available,56
2233,Good,Maintenance,71
2234,Maintenance Required,Available,47
2235,Fair,Rented,53
2236,Good,Available,68
2237,Excellent,Available,1
2238,Excellent,Maintenance,61
2239,Maintenance Required,Available,3
2240,Maintenance Required,Maintenance,32
2241,Maintenance Required,Rented,8
2242,Good,Available,75
2243,Maintenance Required,Available,5
2244,Good,Available,74
2245,Fair,Maintenance,65
2246,Maintenance Required,Rented,20
2247,Maintenance Required,Rented,39
2248,Maintenance Required,Available,23
2249,Maintenance Required,Available,8
2250,Fair,Rented,35
2251,Maintenance Required,Available,41
2252,Maintenance Required,Rented,55
2253,Fair,Available,47
2254,Good,Maintenance,77
2255,Maintenance Required,Maintenance,14
2256,Maintenance Required,Rented,35
2257,Fair,Available,74
2258,Good,Available,6
2259,Good,Available,43
2260,Good,Rented,8
2261,Maintenance Required,Maintenance,23
2262,Excellent,Available,29
2263,Maintenance Required,Available,17
2264,Good,Available,45
2265,Good,Available,57
2266,Excellent,Rented,2
2267,Excellent,Rented,34
2268,Fair,Available,30
2269,Fair,Available,56
2270,Fair,Rented,20
2271,Maintenance Required,Available,52
2272,Good,Available,16
2273,Good,Rented,72
2274,Excellent,Available,74
2275,Good,Rented,46
2276,Good,Available,53
2277,Maintenance Required,Rented,18
2278,Good,Available,30
2279,Good,Maintenance,17
2280,Maintenance Required,Available,46
2281,Good,Rented,67
2282,Good,Rented,18
2283,Good,Available,23
2284,Good,Available,75
2285,Good,Available,5
2286,Excellent,Available,61
2287,Fair,Available,70
2288,Fair,Available,27
2289,Maintenance Required,Available,27
2290,Good,Available,35
2291,Good,Available,30
2292,Good,Maintenance,69
2293,Fair,Rented,36
2294,Good,Available,11
2295,Excellent,Available,63
2296,Good,Rented,60
2297,Fair,Available,13
2298,Maintenance Required,Maintenance,62
2299,Excellent,Rented,50
2300,Fair,Available,38
2301,Fair,Available,40
2302,Fair,Rented,13
2303,Good,Rented,70
2304,Good,Rented,80
2305,Excellent,Available,38
2306,Good,Rented,27
2307,Maintenance Required,Maintenance,26
2308,Fair,Maintenance,68
2309,Fair,Available,27
2310,Good,Maintenance,68
2311,Good,Maintenance,5
2312,Maintenance Required,Maintenance,59
2313,Good,Available,28
2314,Excellent,Available,48
2315,Excellent,Maintenance,22
2316,Fair,Maintenance,66
2317,Fair,Available,54
2318,Excellent,Available,11
2319,Excellent,Rented,43
2320,Maintenance Required,Maintenance,56
2321,Excellent,Rented,52
2322,Good,Available,59
2323,Maintenance Required,Rented,64
2324,Fair,Maintenance,12
2325,Maintenance Required,Available,74
2326,Fair,Maintenance,19
2327,Excellent,Available,12
2328,Fair,Available,68
2329,Good,Rented,40
2330,Good,Available,49
2331,Fair,Available,14
2332,Maintenance Required,Available,73
2333,Fair,Available,57
2334,Maintenance Required,Available,74
2335,Fair,Maintenance,77
2336,Fair,Available,44
2337,Fair,Available,26
2338,Maintenance Required,Available,37
2339,Fair,Available,56
2340,Maintenance Required,Available,10
2341,Maintenance Required,Available,66
2342,Excellent,Available,5
2343,Excellent,Available,12
2344,Good,Rented,60
2345,Good,Available,49
2346,Maintenance Required,Rented,45
2347,Good,Available,27
2348,Fair,Maintenance,27
2349,Fair,Maintenance,58
2350,Excellent,Rented,28
2351,Excellent,Available,51
2352,Excellent,Available,75
2353,Excellent,Available,78
2354,Maintenance Required,Rented,71
2355,Maintenance Required,Available,3
2356,Maintenance Required,Available,20
2357,Maintenance Required,Maintenance,39
2358,Good,Rented,74
2359,Fair,Maintenance,66
2360,Fair,Available,47
2361,Maintenance Required,Available,62
2362,Excellent,Maintenance,79
2363,Maintenance Required,Available,26
2364,Fair,Available,54
2365,Excellent,Available,72
2366,Fair,Rented,37
2367,Fair,Rented,32
2368,Fair,Available,56
2369,Good,Available,64
2370,Maintenance Required,Maintenance,70
2371,Fair,Available,8
2372,Excellent,Available,65
2373,Maintenance Required,Available,50
2374,Good,Rented,12
2375,Fair,Rented,70
2376,Excellent,Maintenance,57
2377,Good,Rented,68
2378,Good,Available,36
2379,Excellent,Maintenance,46
2380,Fair,Maintenance,52
2381,Excellent,Rented,28
2382,Fair,Available,21
2383,Good,Available,20
2384,Maintenance Required,Available,66
2385,Good,Available,51
2386,Fair,Available,29
2387,Fair,Maintenance,46
2388,Fair,Available,52
2389,Good,Available,15
2390,Maintenance Required,Available,46
2391,Maintenance Required,Available,31
2392,Excellent,Available,1
2393,Fair,Rented,43
2394,Fair,Rented,80
2395,Excellent,Available,55
2396,Excellent,Available,76
2397,Maintenance Required,Available,62
2398,Fair,Rented,57
2399,Excellent,Available,56
2400,Excellent,Available,55
2401,Excellent,Available,23
2402,Good,Maintenance,6
2403,Fair,Available,52
2404,Maintenance Required,Maintenance,71
2405,Excellent,Available,9
2406,Excellent,Available,39
2407,Good,Available,67
2408,Fair,Available,28
2409,Maintenance Required,Rented,70
2410,Excellent,Available,1
2411,Fair,Available,66
2412,Excellent,Available,1
2413,Fair,Rented,76
2414,Excellent,Available,25
2415,Excellent,Available,4
2416,Fair,Rented,38
2417,Excellent,Available,13
2418,Excellent,Rented,72
2419,Fair,Maintenance,12
2420,Excellent,Available,73
2421,Fair,Available,52
2422,Fair,Available,46
2423,Excellent,Maintenance,74
2424,Maintenance Required,Maintenance,29
2425,Excellent,Maintenance,57
2426,Maintenance Required,Available,56
2427,Excellent,Maintenance,62
2428,Fair,Maintenance,2
2429,Good,Available,19
2430,Fair,Available,72
2431,Excellent,Maintenance,63
2432,Excellent,Available,55
2433,Good,Available,76
2434,Excellent,Available,18
2435,Fair,Available,36
2436,Excellent,Maintenance,18
2437,Excellent,Available,34
2438,Maintenance Required,Available,28
2439,Maintenance Required,Available,61
2440,Fair,Rented,67
2441,Maintenance Required,Available,20
2442,Excellent,Rented,70
2443,Excellent,Available,52
2444,Maintenance Required,Available,24
2445,Good,Available,5
2446,Fair,Available,50
2447,Fair,Rented,55
2448,Good,Available,12
2449,Maintenance Required,Available,16
2450,Excellent,Available,9
2451,Good,Maintenance,17
2452,Good,Available,78
2453,Good,Available,8
2454,Maintenance Required,Maintenance,46
2455,Excellent,Rented,18
2456,Good,Available,20
2457,Fair,Maintenance,37
2458,Excellent,Available,56
2459,Maintenance Required,Available,75
2460,Maintenance Required,Maintenance,74
2461,Fair,Available,7
2462,Fair,Available,4
2463,Excellent,Available,12
2464,Good,Rented,7
2465,Excellent,Rented,1
2466,Excellent,Maintenance,36
2467,Fair,Available,2
2468,Excellent,Maintenance,53
2469,Maintenance Required,Available,10
2470,Excellent,Maintenance,33
2471,Fair,Rented,31
2472,Fair,Available,73
2473,Fair,Available,36
2474,Excellent,Maintenance,52
2475,Excellent,Rented,43
2476,Maintenance Required,Available,17
2477,Maintenance Required,Rented,44
2478,Good,Maintenance,77
2479,Fair,Maintenance,70
2480,Maintenance Required,Available,6
2481,Fair,Available,19
2482,Good,Maintenance,40
2483,Fair,Maintenance,3
2484,Maintenance Required,Rented,46
2485,Good,Available,56
2486,Fair,Rented,25
2487,Maintenance Required,Maintenance,52
2488,Fair,Available,11
2489,Excellent,Rented,6
2490,Maintenance Required,Available,37
2491,Maintenance Required,Available,68
2492,Fair,Rented,61
2493,Fair,Maintenance,67
2494,Good,Rented,2
2495,Maintenance Required,Rented,17
2496,Excellent,Rented,11
2497,Good,Maintenance,50
2498,Maintenance Required,Available,52
2499,Fair,Maintenance,25
2500,Good,Available,67
2501,Maintenance Required,Rented,52
2502,Excellent,Rented,6
2503,Maintenance Required,Available,48
2504,Maintenance Required,Available,64
2505,Good,Available,6
2506,Maintenance Required,Available,47
2507,Excellent,Available,27
2508,Good,Available,42
2509,Good,Available,23
2510,Fair,Rented,20
2511,Excellent,Maintenance,5
2512,Fair,Maintenance,42
2513,Excellent,Rented,50
2514,Excellent,Available,24
2515,Fair,Available,8
2516,Fair,Available,2
2517,Good,Available,43
2518,Excellent,Maintenance,25
2519,Fair,Rented,35
2520,Fair,Maintenance,3
2521,Good,Available,80
2522,Good,Available,20
2523,Excellent,Available,17
2524,Excellent,Available,78
2525,Fair,Available,75
2526,Excellent,Available,29
2527,Fair,Available,10
2528,Maintenance Required,Maintenance,69
2529,Fair,Available,29
2530,Maintenance Required,Maintenance,60
2531,Good,Available,70
2532,Good,Available,6
2533,Maintenance Required,Maintenance,15
2534,Good,Available,19
2535,Maintenance Required,Maintenance,28
2536,Excellent,Maintenance,73
2537,Excellent,Available,14
2538,Maintenance Required,Available,73
2539,Good,Rented,40
2540,Maintenance Required,Maintenance,45
2541,Maintenance Required,Available,79
2542,Fair,Maintenance,43
2543,Maintenance Required,Available,61
2544,Good,Rented,45
2545,Fair,Maintenance,28
2546,Good,Available,67
2547,Good,Available,64
2548,Fair,Available,40
2549,Fair,Available,17
2550,Excellent,Available,42
2551,Good,Maintenance,60
2552,Fair,Available,4
2553,Fair,Available,32
2554,Good,Maintenance,47
2555,Good,Maintenance,68
2556,Good,Available,61
2557,Maintenance Required,Rented,34
2558,Maintenance Required,Rented,61
2559,Excellent,Maintenance,49
2560,Maintenance Required,Available,17
2561,Maintenance Required,Available,42
2562,Excellent,Rented,17
2563,Good,Available,41
2564,Maintenance Required,Maintenance,28
2565,Good,Available,47
2566,Good,Rented,48
2567,Excellent,Available,17
2568,Fair,Available,62
2569,Fair,Available,33
2570,Excellent,Available,1
2571,Excellent,Available,50
2572,Fair,Available,37
2573,Maintenance Required,Available,76
2574,Maintenance Required,Available,46
2575,Good,Available,35
2576,Maintenance Required,Available,9
2577,Fair,Available,16
2578,Good,Available,30
2579,Maintenance Required,Available,75
2580,Maintenance Required,Maintenance,80
2581,Excellent,Available,60
2582,Excellent,Available,4
2583,Good,Available,39
2584,Maintenance Required,Available,39
2585,Fair,Maintenance,70
2586,Excellent,Maintenance,53
2587,Excellent,Rented,68
2588,Maintenance Required,Available,66
2589,Excellent,Available,17
2590,Good,Rented,74
2591,Fair,Available,78
2592,Maintenance Required,Available,59
2593,Good,Rented,66
2594,Excellent,Available,37
2595,Excellent,Available,28
2596,Good,Available,22
2597,Fair,Available,78
2598,Excellent,Rented,72
2599,Fair,Rented,2
2600,Excellent,Available,27
2601,Good,Rented,68
2602,Maintenance Required,Available,72
2603,Maintenance Required,Rented,59
2604,Excellent,Rented,33
2605,Good,Rented,3
2606,Maintenance Required,Available,50
2607,Excellent,Available,52
2608,Maintenance Required,Available,58
2609,Good,Available,21
2610,Good,Available,24
2611,Good,Maintenance,75
2612,Good,Rented,54
2613,Fair,Rented,72
2614,Maintenance Required,Available,18
2615,Good,Available,28
2616,Fair,Available,2
2617,Maintenance Required,Maintenance,76
2618,Excellent,Rented,22
2619,Maintenance Required,Available,52
2620,Fair,Available,35
2621,Good,Available,13
2622,Fair,Available,33
2623,Fair,Maintenance,44
2624,Excellent,Available,72
2625,Fair,Rented,67
2626,Excellent,Available,45
2627,Good,Available,34
2628,Maintenance Required,Available,4
2629,Excellent,Rented,60
2630,Fair,Maintenance,3
2631,Maintenance Required,Available,29
2632,Excellent,Available,68
2633,Fair,Maintenance,53
2634,Fair,Maintenance,45
2635,Fair,Available,48
2636,Good,Rented,10
2637,Good,Available,74
2638,Maintenance Required,Available,27
2639,Fair,Maintenance,51
2640,Good,Rented,64
2641,Maintenance Required,Rented,52
2642,Maintenance Required,Rented,67
2643,Fair,Maintenance,63
2644,Fair,Maintenance,27
2645,Excellent,Available,55
2646,Excellent,Rented,40
2647,Excellent,Maintenance,33
2648,Good,Maintenance,45
2649,Fair,Available,4
2650,Maintenance Required,Available,56
2651,Good,Maintenance,25
2652,Excellent,Rented,78
2653,Excellent,Available,52
2654,Excellent,Available,4
2655,Excellent,Available,10
2656,Excellent,Available,79
2657,Excellent,Available,40
2658,Good,Available,37
2659,Fair,Rented,53
2660,Good,Available,80
2661,Excellent,Available,34
2662,Maintenance Required,Available,1
2663,Fair,Rented,50
2664,Excellent,Available,78
2665,Excellent,Available,78
2666,Good,Maintenance,62
2667,Maintenance Required,Rented,4
2668,Maintenance Required,Rented,79
2669,Maintenance Required,Rented,30
2670,Excellent,Maintenance,24
2671,Excellent,Available,51
2672,Good,Rented,24
2673,Maintenance Required,Available,24
2674,Good,Available,29
2675,Maintenance Required,Maintenance,47
2676,Maintenance Required,Available,73
2677,Fair,Maintenance,35
2678,Excellent,Available,61
2679,Maintenance Required,Maintenance,47
2680,Good,Rented,26
2681,Excellent,Available,60
2682,Fair,Available,15
2683,Excellent,Rented,80
2684,Good,Available,64
2685,Excellent,Maintenance,53
2686,Fair,Rented,55
2687,Maintenance Required,Available,66
2688,Fair,Maintenance,5
2689,Good,Available,61
2690,Maintenance Required,Rented,65
2691,Fair,Available,76
2692,Maintenance Required,Available,25
2693,Maintenance Required,Available,35
2694,Maintenance Required,Available,22
2695,Maintenance Required,Rented,20
2696,Maintenance Required,Available,64
2697,Maintenance Required,Available,77
2698,Maintenance Required,Rented,43
2699,Fair,Maintenance,50
2700,Maintenance Required,Available,34
2701,Fair,Available,45
2702,Maintenance Required,Available,36
2703,Excellent,Available,41
2704,Excellent,Available,33
2705,Maintenance Required,Rented,31
2706,Excellent,Maintenance,22
2707,Maintenance Required,Available,35
2708,Fair,Available,30
2709,Good,Rented,4
2710,Fair,Maintenance,45
2711,Maintenance Required,Maintenance,5
2712,Fair,Available,1
2713,Good,Available,69
2714,Fair,Rented,69
2715,Good,Available,75
2716,Excellent,Available,78
2717,Maintenance Required,Available,53
2718,Excellent,Available,68
2719,Maintenance Required,Available,4
2720,Good,Available,59
2721,Excellent,Available,36
2722,Maintenance Required,Available,1
2723,Fair,Available,23
2724,Excellent,Available,41
2725,Maintenance Required,Available,19
2726,Good,Maintenance,67
2727,Maintenance Required,Available,58
2728,Fair,Rented,26
2729,Fair,Rented,60
2730,Maintenance Required,Rented,35
2731,Good,Available,5
2732,Maintenance Required,Available,18
2733,Maintenance Required,Available,74
2734,Fair,Maintenance,15
2735,Excellent,Maintenance,19
2736,Excellent,Available,37
2737,Excellent,Available,12
2738,Maintenance Required,Available,63
2739,Excellent,Maintenance,62
2740,Excellent,Rented,42
2741,Fair,Maintenance,39
2742,Maintenance Required,Maintenance,60
2743,Good,Maintenance,61
2744,Good,Available,26
2745,Excellent,Available,55
2746,Good,Available,33
2747,Fair,Available,58
2748,Good,Available,61
2749,Fair,Available,3
2750,Excellent,Available,53
2751,Excellent,Rented,60
2752,Maintenance Required,Available,68
2753,Maintenance Required,Available,56
2754,Excellent,Maintenance,62
2755,Good,Maintenance,16
2756,Good,Rented,24
2757,Good,Maintenance,13
2758,Good,Available,15
2759,Maintenance Required,Available,63
2760,Fair,Available,47
2761,Good,Rented,27
2762,Maintenance Required,Available,53
2763,Excellent,Rented,43
2764,Excellent,Available,75
2765,Fair,Available,52
2766,Maintenance Required,Available,4
2767,Maintenance Required,Available,6
2768,Good,Maintenance,59
2769,Maintenance Required,Maintenance,39
2770,Good,Available,35
2771,Fair,Maintenance,30
2772,Maintenance Required,Available,45
2773,Fair,Available,56
2774,Fair,Available,1
2775,Good,Rented,80
2776,Excellent,Maintenance,24
2777,Good,Available,2
2778,Good,Rented,58
2779,Good,Available,33
2780,Maintenance Required,Maintenance,55
2781,Fair,Available,42
2782,Excellent,Maintenance,35
2783,Fair,Maintenance,72
2784,Excellent,Available,28
2785,Excellent,Rented,24
2786,Maintenance Required,Available,48
2787,Good,Rented,44
2788,Excellent,Available,80
2789,Good,Available,47
2790,Good,Maintenance,5
2791,Maintenance Required,Rented,77
2792,Good,Available,26
2793,Good,Available,77
2794,Maintenance Required,Available,46
2795,Excellent,Available,34
2796,Maintenance Required,Maintenance,4
2797,Excellent,Available,76
2798,Excellent,Available,36
2799,Good,Available,60
2800,Excellent,Available,4
2801,Fair,Available,78
2802,Fair,Available,12
2803,Fair,Available,3
2804,Excellent,Maintenance,26
2805,Excellent,Rented,18
2806,Good,Available,67
2807,Excellent,Available,39
2808,Good,Available,73
2809,Fair,Maintenance,45
2810,Maintenance Required,Available,37
2811,Fair,Rented,67
2812,Maintenance Required,Available,63
2813,Good,Available,76
2814,Fair,Available,43
2815,Excellent,Available,68
2816,Good,Rented,11
2817,Good,Maintenance,19
2818,Maintenance Required,Available,18
2819,Fair,Available,17
2820,Fair,Available,65
2821,Fair,Rented,47
2822,Excellent,Available,54
2823,Excellent,Available,44
2824,Excellent,Maintenance,7
2825,Fair,Available,55
2826,Maintenance Required,Rented,34
2827,Fair,Available,14
2828,Fair,Maintenance,38
2829,Fair,Available,15
2830,Good,Available,66
2831,Maintenance Required,Available,37
2832,Good,Available,6
2833,Maintenance Required,Rented,4
2834,Fair,Available,77
2835,Good,Available,46
2836,Excellent,Available,43
2837,Good,Available,65
2838,Maintenance Required,Available,58
2839,Maintenance Required,Rented,39
2840,Maintenance Required,Available,64
2841,Good,Available,48
2842,Excellent,Available,37
2843,Maintenance Required,Available,28
2844,Good,Rented,37
2845,Maintenance Required,Maintenance,77
2846,Excellent,Rented,5
2847,Fair,Available,8
2848,Fair,Maintenance,47
2849,Maintenance Required,Rented,40
2850,Excellent,Rented,34
2851,Good,Available,55
2852,Fair,Rented,73
2853,Excellent,Available,63
2854,Fair,Maintenance,43
2855,Fair,Available,29
2856,Maintenance Required,Rented,22
2857,Fair,Maintenance,58
2858,Maintenance Required,Available,3
2859,Good,Available,16
2860,Good,Rented,63
2861,Fair,Available,51
2862,Fair,Available,9
2863,Good,Available,15
2864,Maintenance Required,Available,14
2865,Fair,Available,8
2866,Fair,Maintenance,47
2867,Fair,Available,31
2868,Fair,Available,46
2869,Good,Available,56
2870,Good,Available,55
2871,Maintenance Required,Rented,48
2872,Excellent,Maintenance,54
2873,Fair,Available,79
2874,Excellent,Available,39
2875,Maintenance Required,Available,65
2876,Good,Available,38
2877,Excellent,Available,61
2878,Maintenance Required,Maintenance,43
2879,Good,Available,42
2880,Maintenance Required,Maintenance,75
2881,Good,Rented,30
2882,Maintenance Required,Available,72
2883,Good,Available,79
2884,Excellent,Maintenance,54
2885,Fair,Available,74
2886,Excellent,Available,12
2887,Good,Maintenance,48
2888,Excellent,Available,11
2889,Good,Available,48
2890,Good,Rented,6
2891,Excellent,Available,37
2892,Good,Available,79
2893,Maintenance Required,Available,28
2894,Excellent,Available,64
2895,Good,Maintenance,1
2896,Maintenance Required,Maintenance,72
2897,Excellent,Maintenance,22
2898,Good,Maintenance,69
2899,Fair,Rented,39
2900,Excellent,Rented,67
2901,Maintenance Required,Rented,58
2902,Fair,Available,32
2903,Good,Available,2
2904,Excellent,Available,66
2905,Good,Rented,38
2906,Fair,Rented,56
2907,Good,Rented,36
2908,Fair,Available,40
2909,Maintenance Required,Maintenance,33
2910,Good,Rented,25
2911,Maintenance Required,Rented,77
2912,Maintenance Required,Maintenance,31
2913,Excellent,Maintenance,42
2914,Maintenance Required,Available,61
2915,Good,Available,35
2916,Maintenance Required,Available,50
2917,Fair,Rented,40
2918,Good,Maintenance,79
2919,Fair,Available,79
2920,Fair,Available,12
2921,Maintenance Required,Available,56
2922,Good,Maintenance,19
2923,Excellent,Available,36
2924,Excellent,Maintenance,49
2925,Maintenance Required,Available,73
2926,Maintenance Required,Rented,76
2927,Excellent,Available,54
2928,Good,Available,69
2929,Good,Available,74
2930,Fair,Rented,18
2931,Maintenance Required,Available,72
2932,Excellent,Available,24
2933,Good,Available,60
2934,Fair,Available,63
2935,Excellent,Available,50
2936,Maintenance Required,Rented,66
2937,Fair,Rented,39
2938,Good,Available,65
2939,Fair,Available,34
2940,Maintenance Required,Available,75
2941,Maintenance Required,Available,58
2942,Maintenance Required,Maintenance,59
2943,Excellent,Available,1
2944,Excellent,Available,44
2945,Maintenance Required,Rented,51
2946,Fair,Maintenance,34
2947,Good,Rented,34
2948,Good,Rented,29
2949,Fair,Rented,5
2950,Fair,Rented,14
2951,Good,Available,46
2952,Good,Available,33
2953,Fair,Available,8
2954,Maintenance Required,Rented,12
2955,Maintenance Required,Available,33
2956,Good,Available,48
2957,Fair,Available,32
2958,Excellent,Maintenance,74
2959,Fair,Available,68
2960,Maintenance Required,Available,44
2961,Good,Available,13
2962,Fair,Available,41
2963,Excellent,Available,70
2964,Good,Available,25
2965,Maintenance Required,Rented,73
2966,Good,Available,53
2967,Excellent,Available,63
2968,Good,Available,17
2969,Excellent,Available,71
2970,Excellent,Maintenance,52
2971,Excellent,Rented,79
2972,Excellent,Available,6
2973,Good,Maintenance,20
2974,Fair,Available,11
2975,Fair,Maintenance,59
2976,Fair,Maintenance,53
2977,Excellent,Available,77
2978,Maintenance Required,Available,17
2979,Fair,Maintenance,24
2980,Maintenance Required,Available,80
2981,Fair,Available,15
2982,Good,Available,41
2983,Excellent,Rented,40
2984,Fair,Available,62
2985,Excellent,Rented,29
2986,Excellent,Maintenance,10
2987,Good,Available,20
2988,Maintenance Required,Available,52
2989,Good,Rented,44
2990,Fair,Rented,15
2991,Good,Available,31
2992,Good,Available,37
2993,Good,Rented,79
2994,Good,Available,37
2995,Maintenance Required,Rented,23
2996,Fair,Rented,53
2997,Good,Available,6
2998,Maintenance Required,Available,26
2999,Fair,Available,53
3000,Excellent,Rented,66
3001,Fair,Rented,19
3002,Fair,Available,42
3003,Maintenance Required,Rented,20
3004,Excellent,Available,18
3005,Maintenance Required,Available,52
3006,Maintenance Required,Available,19
3007,Excellent,Available,15
3008,Maintenance Required,Maintenance,46
3009,Excellent,Rented,63
3010,Excellent,Available,75
3011,Excellent,Available,60
3012,Excellent,Maintenance,23
3013,Maintenance Required,Rented,12
3014,Good,Available,77
3015,Fair,Available,31
3016,Good,Available,74
3017,Fair,Available,3
3018,Fair,Maintenance,68
3019,Excellent,Rented,41
3020,Maintenance Required,Available,43
3021,Fair,Available,57
3022,Excellent,Maintenance,19
3023,Excellent,Available,30
3024,Good,Rented,35
3025,Maintenance Required,Maintenance,34
3026,Fair,Available,43
3027,Excellent,Available,74
3028,Fair,Available,5
3029,Fair,Available,9
3030,Excellent,Available,70
3031,Excellent,Maintenance,13
3032,Good,Available,29
3033,Fair,Available,51
3034,Maintenance Required,Available,29
3035,Excellent,Available,31
3036,Fair,Available,62
3037,Maintenance Required,Available,25
3038,Fair,Available,1
3039,Fair,Available,52
3040,Maintenance Required,Available,58
3041,Excellent,Rented,19
3042,Fair,Rented,2
3043,Excellent,Available,8
3044,Good,Maintenance,44
3045,Good,Maintenance,29
3046,Excellent,Rented,61
3047,Fair,Rented,70
3048,Excellent,Rented,68
3049,Maintenance Required,Available,49
3050,Fair,Maintenance,5
3051,Maintenance Required,Available,13
3052,Good,Available,73
3053,Excellent,Available,9
3054,Excellent,Rented,47
3055,Good,Available,78
3056,Maintenance Required,Maintenance,10
3057,Maintenance Required,Available,28
3058,Excellent,Maintenance,64
3059,Fair,Available,78
3060,Maintenance Required,Available,6
3061,Fair,Available,38
3062,Good,Available,43
3063,Excellent,Rented,60
3064,Fair,Available,49
3065,Fair,Rented,74
3066,Excellent,Rented,24
3067,Fair,Rented,69
3068,Good,Rented,19
3069,Good,Rented,15
3070,Good,Rented,4
3071,Excellent,Maintenance,9
3072,Excellent,Available,56
3073,Good,Rented,4
3074,Excellent,Maintenance,1
3075,Excellent,Maintenance,36
3076,Maintenance Required,Available,9
3077,Good,Available,7
3078,Maintenance Required,Available,64
3079,Excellent,Available,68
3080,Maintenance Required,Rented,68
3081,Maintenance Required,Available,63
3082,Fair,Maintenance,11
3083,Good,Rented,60
3084,Good,Available,65
3085,Fair,Rented,14
3086,Maintenance Required,Available,77
3087,Excellent,Rented,56
3088,Good,Available,58
3089,Fair,Rented,77
3090,Excellent,Maintenance,73
3091,Good,Available,22
3092,Excellent,Available,46
3093,Maintenance Required,Available,48
3094,Maintenance Required,Available,73
3095,Good,Available,68
3096,Excellent,Rented,6
3097,Excellent,Rented,46
3098,Fair,Maintenance,60
3099,Maintenance Required,Available,54
3100,Excellent,Maintenance,47
3101,Excellent,Rented,17
3102,Fair,Maintenance,64
3103,Fair,Rented,58
3104,Good,Available,58
3105,Fair,Maintenance,79
3106,Good,Maintenance,40
3107,Fair,Rented,31
3108,Maintenance Required,Available,78
3109,Fair,Available,23
3110,Excellent,Maintenance,5
3111,Excellent,Rented,26
3112,Maintenance Required,Maintenance,33
3113,Good,Rented,16
3114,Excellent,Maintenance,63
3115,Maintenance Required,Maintenance,12
3116,Good,Available,74
3117,Good,Available,48
3118,Excellent,Available,28
3119,Maintenance Required,Maintenance,72
3120,Excellent,Available,28
3121,Good,Maintenance,51
3122,Fair,Available,62
3123,Fair,Available,31
3124,Maintenance Required,Available,23
3125,Good,Maintenance,7
3126,Maintenance Required,Available,36
3127,Excellent,Available,62
3128,Good,Rented,24
3129,Good,Available,76
3130,Excellent,Rented,48
3131,Good,Available,30
3132,Good,Available,18
3133,Maintenance Required,Maintenance,57
3134,Fair,Available,56
3135,Fair,Rented,32
3136,Excellent,Available,48
3137,Maintenance Required,Rented,42
3138,Excellent,Rented,62
3139,Good,Available,39
3140,Fair,Available,17
3141,Fair,Available,39
3142,Good,Maintenance,45
3143,Excellent,Available,10
3144,Fair,Available,64
3145,Good,Rented,76
3146,Excellent,Maintenance,21
3147,Excellent,Available,35
3148,Fair,Rented,49
3149,Maintenance Required,Available,46
3150,Fair,Available,79
3151,Excellent,Rented,26
3152,Maintenance Required,Rented,69
3153,Fair,Available,1
3154,Maintenance Required,Maintenance,3
3155,Good,Maintenance,35
3156,Fair,Available,35
3157,Excellent,Available,8
3158,Good,Rented,39
3159,Maintenance Required,Available,76
3160,Good,Available,80
3161,Good,Available,36
3162,Excellent,Maintenance,1
3163,Maintenance Required,Maintenance,10
3164,Excellent,Available,80
3165,Good,Available,20
3166,Fair,Available,58
3167,Fair,Maintenance,68
3168,Excellent,Available,10
3169,Maintenance Required,Available,42
3170,Fair,Rented,25
3171,Maintenance Required,Available,48
3172,Maintenance Required,Available,12
3173,Maintenance Required,Available,21
3174,Fair,Available,39
3175,Maintenance Required,Available,37
3176,Good,Available,1
3177,Fair,Available,30
3178,Good,Available,50
3179,Fair,Available,32
3180,Excellent,Rented,63
3181,Fair,Available,32
3182,Maintenance Required,Rented,36
3183,Fair,Available,8
3184,Excellent,Available,61
3185,Excellent,Available,54
3186,Excellent,Available,74
3187,Fair,Available,57
3188,Good,Available,51
3189,Excellent,Available,18
3190,Good,Available,11
3191,Good,Available,22
3192,Maintenance Required,Available,14
3193,Excellent,Rented,52
3194,Excellent,Maintenance,66
3195,Maintenance Required,Available,44
3196,Fair,Available,11
3197,Good,Available,16
3198,Maintenance Required,Rented,26
3199,Excellent,Available,47
3200,Fair,Maintenance,67
3201,Fair,Rented,9
3202,Excellent,Rented,41
3203,Excellent,Available,79
3204,Good,Maintenance,61
3205,Fair,Available,8
3206,Good,Available,39
3207,Excellent,Available,11
3208,Good,Maintenance,37
3209,Fair,Maintenance,75
3210,Fair,Available,15
3211,Excellent,Available,37
3212,Fair,Rented,28
3213,Good,Maintenance,74
3214,Fair,Available,16
3215,Fair,Available,53
3216,Excellent,Available,1
3217,Excellent,Rented,4
3218,Excellent,Available,39
3219,Fair,Available,7
3220,Maintenance Required,Rented,56
3221,Fair,Maintenance,47
3222,Good,Rented,10
3223,Excellent,Available,24
3224,Maintenance Required,Available,50
3225,Excellent,Rented,78
3226,Fair,Maintenance,40
3227,Fair,Available,16
3228,Excellent,Maintenance,20
3229,Excellent,Available,4
3230,Excellent,Maintenance,25
3231,Good,Available,41
3232,Fair,Rented,14
3233,Good,Available,69
3234,Good,Maintenance,38
3235,Excellent,Available,33
3236,Fair,Rented,19
3237,Maintenance Required,Rented,23
3238,Good,Available,11
3239,Good,Available,2
3240,Fair,Available,32
3241,Maintenance Required,Rented,31
3242,Maintenance Required,Rented,6
3243,Excellent,Available,50
3244,Good,Maintenance,18
3245,Maintenance Required,Rented,69
3246,Maintenance Required,Available,51
3247,Maintenance Required,Rented,7
3248,Excellent,Available,18
3249,Fair,Available,58
3250,Excellent,Available,38
3251,Good,Available,31
3252,Excellent,Available,48
3253,Maintenance Required,Available,77
3254,Maintenance Required,Available,37
3255,Fair,Available,45
3256,Fair,Available,56
3257,Maintenance Required,Maintenance,9
3258,Good,Maintenance,76
3259,Maintenance Required,Rented,23
3260,Fair,Available,30
3261,Excellent,Maintenance,29
3262,Good,Rented,22
3263,Good,Rented,25
3264,Maintenance Required,Maintenance,71
3265,Maintenance Required,Available,3
3266,Good,Available,36
3267,Maintenance Required,Available,46
3268,Fair,Maintenance,11
3269,Excellent,Available,31
3270,Good,Available,55
3271,Fair,Available,25
3272,Maintenance Required,Available,40
3273,Excellent,Rented,45
3274,Maintenance Required,Rented,1
3275,Excellent,Maintenance,48
3276,Fair,Maintenance,71
3277,Maintenance Required,Available,37
3278,Maintenance Required,Rented,45
3279,Maintenance Required,Rented,65
3280,Excellent,Available,17
3281,Excellent,Available,70
3282,Fair,Available,75
3283,Fair,Maintenance,79
3284,Fair,Available,36
3285,Good,Available,22
3286,Fair,Available,75
3287,Good,Available,13
3288,Fair,Maintenance,5
3289,Fair,Available,9
3290,Maintenance Required,Available,13
3291,Excellent,Available,46
3292,Maintenance Required,Rented,4
3293,Fair,Available,40
3294,Maintenance Required,Available,30
3295,Fair,Maintenance,52
3296,Fair,Available,2
3297,Excellent,Rented,33
3298,Maintenance Required,Available,31
3299,Good,Available,19
3300,Maintenance Required,Rented,18
3301,Maintenance Required,Available,65
3302,Good,Available,26
3303,Excellent,Available,70
3304,Excellent,Rented,67
3305,Good,Available,9
3306,Maintenance Required,Available,40
3307,Excellent,Available,18
3308,Maintenance Required,Available,21
3309,Maintenance Required,Available,75
3310,Good,Available,64
3311,Fair,Maintenance,12
3312,Good,Available,27
3313,Maintenance Required,Available,3
3314,Excellent,Rented,31
3315,Fair,Available,43
3316,Good,Maintenance,4
3317,Excellent,Available,13
3318,Fair,Maintenance,54
3319,Excellent,Available,48
3320,Good,Available,6
3321,Good,Available,65
3322,Fair,Available,10
3323,Excellent,Rented,70
3324,Good,Maintenance,6
3325,Maintenance Required,Available,34
3326,Maintenance Required,Maintenance,55
3327,Good,Available,58
3328,Fair,Maintenance,9
3329,Maintenance Required,Available,78
3330,Good,Available,27
3331,Good,Available,36
3332,Fair,Available,64
3333,Fair,Available,27
3334,Excellent,Available,17
3335,Fair,Available,53
3336,Excellent,Available,6
3337,Excellent,Available,51
3338,Fair,Available,2
3339,Excellent,Available,26
3340,Fair,Available,44
3341,Fair,Available,59
3342,Maintenance Required,Available,7
3343,Good,Maintenance,17
3344,Maintenance Required,Rented,46
3345,Excellent,Rented,17
3346,Excellent,Maintenance,49
3347,Maintenance Required,Maintenance,77
3348,Maintenance Required,Rented,59
3349,Maintenance Required,Available,61
3350,Good,Maintenance,9
3351,Maintenance Required,Available,62
3352,Good,Maintenance,17
3353,Excellent,Maintenance,69
3354,Good,Maintenance,74
3355,Good,Available,59
3356,Maintenance Required,Available,36
3357,Fair,Available,5
3358,Fair,Available,15
3359,Maintenance Required,Maintenance,44
3360,Maintenance Required,Available,11
3361,Excellent,Maintenance,36
3362,Excellent,Rented,72
3363,Maintenance Required,Available,75
3364,Good,Available,6
3365,Maintenance Required,Available,45
3366,Fair,Maintenance,66
3367,Excellent,Maintenance,25
3368,Good,Rented,42
3369,Excellent,Available,18
3370,Fair,Maintenance,36
3371,Good,Maintenance,25
3372,Maintenance Required,Available,24
3373,Fair,Available,73
3374,Maintenance Required,Available,4
3375,Fair,Rented,67
3376,Excellent,Available,59
3377,Maintenance Required,Available,7
3378,Good,Rented,46
3379,Fair,Available,72
3380,Fair,Available,8
3381,Fair,Available,45
3382,Fair,Available,41
3383,Maintenance Required,Maintenance,5
3384,Maintenance Required,Rented,76
3385,Good,Available,60
3386,Excellent,Available,14
3387,Good,Available,59
3388,Excellent,Maintenance,36
3389,Maintenance Required,Available,40
3390,Good,Available,16
3391,Excellent,Rented,52
3392,Maintenance Required,Maintenance,47
3393,Fair,Available,2
3394,Fair,Maintenance,3
3395,Maintenance Required,Rented,55
3396,Maintenance Required,Available,11
3397,Good,Rented,35
3398,Fair,Available,17
3399,Excellent,Available,64
3400,Maintenance Required,Rented,73
3401,Excellent,Available,11
3402,Maintenance Required,Rented,16
3403,Good,Available,2
3404,Fair,Rented,21
3405,Fair,Available,7
3406,Excellent,Rented,29
3407,Good,Available,32
3408,Maintenance Required,Maintenance,49
3409,Maintenance Required,Available,73
3410,Excellent,Available,77
3411,Fair,Available,8
3412,Excellent,Rented,66
3413,Good,Available,57
3414,Good,Available,52
3415,Excellent,Available,60
3416,Excellent,Available,68
3417,Excellent,Available,25
3418,Maintenance Required,Available,66
3419,Good,Available,32
3420,Fair,Available,11
3421,Fair,Available,49
3422,Excellent,Available,66
3423,Fair,Maintenance,60
3424,Maintenance Required,Available,11
3425,Good,Available,3
3426,Maintenance Required,Available,31
3427,Good,Available,26
3428,Maintenance Required,Available,49
3429,Fair,Available,4
3430,Good,Available,49
3431,Good,Available,12
3432,Excellent,Available,16
3433,Excellent,Available,34
3434,Excellent,Available,15
3435,Maintenance Required,Available,4
3436,Excellent,Available,63
3437,Good,Available,52
3438,Fair,Available,5
3439,Excellent,Available,23
3440,Good,Rented,34
3441,Good,Available,57
3442,Fair,Available,26
3443,Maintenance Required,Available,41
3444,Maintenance Required,Available,16
3445,Fair,Available,41
3446,Maintenance Required,Available,19
3447,Fair,Available,69
3448,Good,Rented,41
3449,Good,Rented,41
3450,Good,Maintenance,68
3451,Excellent,Maintenance,48
3452,Fair,Maintenance,14
3453,Fair,Available,75
3454,Good,Available,24
3455,Fair,Maintenance,25
3456,Good,Available,48
3457,Excellent,Available,66
3458,Good,Maintenance,43
3459,Excellent,Available,67
3460,Maintenance Required,Available,4
3461,Maintenance Required,Maintenance,6
3462,Maintenance Required,Available,12
3463,Fair,Available,47
3464,Fair,Available,17
3465,Maintenance Required,Rented,36
3466,Maintenance Required,Available,63
3467,Fair,Maintenance,37
3468,Fair,Maintenance,50
3469,Excellent,Available,32
3470,Fair,Available,55
3471,Maintenance Required,Available,7
3472,Good,Rented,50
3473,Maintenance Required,Available,39
3474,Fair,Available,59
3475,Maintenance Required,Rented,27
3476,Good,Maintenance,76
3477,Fair,Rented,46
3478,Excellent,Available,3
3479,Excellent,Available,16
3480,Maintenance Required,Available,4
3481,Fair,Available,47
3482,Maintenance Required,Available,26
3483,Maintenance Required,Available,12
3484,Good,Available,74
3485,Maintenance Required,Available,33
3486,Good,Rented,57
3487,Fair,Available,18
3488,Fair,Available,62
3489,Maintenance Required,Available,16
3490,Good,Available,28
3491,Good,Maintenance,8
3492,Good,Maintenance,39
3493,Fair,Available,66
3494,Maintenance Required,Maintenance,20
3495,Fair,Available,74
3496,Maintenance Required,Available,32
3497,Fair,Maintenance,64
3498,Fair,Available,54
3499,Fair,Maintenance,40
3500,Maintenance Required,Maintenance,46
3501,Good,Rented,15
3502,Excellent,Rented,25
3503,Good,Rented,37
3504,Good,Available,14
3505,Fair,Available,19
3506,Good,Maintenance,21
3507,Maintenance Required,Available,27
3508,Maintenance Required,Available,61
3509,Maintenance Required,Available,60
3510,Fair,Available,4
3511,Maintenance Required,Available,36
3512,Excellent,Available,47
3513,Maintenance Required,Available,21
3514,Excellent,Available,65
3515,Fair,Available,3
3516,Good,Maintenance,18
3517,Good,Available,78
3518,Fair,Available,62
3519,Fair,Available,76
3520,Good,Rented,68
3521,Maintenance Required,Rented,54
3522,Good,Available,35
3523,Good,Available,80
3524,Good,Available,34
3525,Good,Available,59
3526,Good,Maintenance,57
3527,Good,Available,54
3528,Excellent,Available,45
3529,Good,Rented,2
3530,Maintenance Required,Rented,1
3531,Excellent,Available,22
3532,Fair,Maintenance,25
3533,Maintenance Required,Available,50
3534,Maintenance Required,Available,28
3535,Fair,Rented,47
3536,Excellent,Available,32
3537,Good,Available,46
3538,Good,Available,72
3539,Maintenance Required,Available,72
3540,Fair,Available,4
3541,Good,Available,61
3542,Maintenance Required,Available,60
3543,Good,Maintenance,14
3544,Good,Available,61
3545,Fair,Maintenance,11
3546,Excellent,Available,44
3547,Fair,Maintenance,59
3548,Good,Rented,4
3549,Excellent,Available,70
3550,Excellent,Rented,78
3551,Good,Available,20
3552,Maintenance Required,Available,72
3553,Excellent,Maintenance,21
3554,Fair,Available,75
3555,Good,Maintenance,24
3556,Maintenance Required,Available,42
3557,Good,Available,17
3558,Fair,Maintenance,10
3559,Maintenance Required,Available,80
3560,Maintenance Required,Available,15
3561,Excellent,Available,58
3562,Good,Available,22
3563,Excellent,Rented,71
3564,Fair,Available,1
3565,Fair,Available,60
3566,Fair,Available,22
3567,Excellent,Available,29
3568,Maintenance Required,Rented,57
3569,Maintenance Required,Available,45
3570,Fair,Available,44
3571,Fair,Maintenance,76
3572,Fair,Available,13
3573,Fair,Maintenance,6
3574,Good,Available,57
3575,Maintenance Required,Maintenance,51
3576,Maintenance Required,Available,38
3577,Good,Maintenance,58
3578,Fair,Available,55
3579,Excellent,Available,70
3580,Excellent,Available,18
3581,Fair,Available,29
3582,Fair,Rented,6
3583,Excellent,Rented,19
3584,Fair,Available,50
3585,Good,Maintenance,38
3586,Excellent,Rented,37
3587,Maintenance Required,Available,49
3588,Maintenance Required,Maintenance,5
3589,Maintenance Required,Maintenance,72
3590,Fair,Maintenance,66
3591,Maintenance Required,Available,41
3592,Excellent,Available,80
3593,Maintenance Required,Rented,7
3594,Good,Rented,59
3595,Excellent,Maintenance,38
3596,Good,Maintenance,58
3597,Fair,Available,58
3598,Maintenance Required,Available,59
3599,Good,Available,10
3600,Good,Available,74
3601,Fair,Available,56
3602,Good,Available,77
3603,Maintenance Required,Maintenance,32
3604,Fair,Rented,2
3605,Fair,Available,1
3606,Good,Rented,62
3607,Excellent,Maintenance,45
3608,Fair,Rented,58
3609,Good,Rented,75
3610,Good,Available,76
3611,Good,Rented,29
3612,Fair,Rented,27
3613,Good,Available,16
3614,Maintenance Required,Available,50
3615,Good,Available,10
3616,Excellent,Maintenance,1
3617,Maintenance Required,Maintenance,44
3618,Fair,Maintenance,74
3619,Fair,Available,15
3620,Fair,Available,19
3621,Maintenance Required,Rented,44
3622,Excellent,Maintenance,3
3623,Excellent,Available,70
3624,Good,Rented,63
3625,Excellent,Available,78
3626,Good,Available,4
3627,Good,Rented,10
3628,Good,Available,44
3629,Fair,Rented,76
3630,Fair,Maintenance,69
3631,Maintenance Required,Rented,78
3632,Maintenance Required,Available,4
3633,Excellent,Available,55
3634,Fair,Rented,64
3635,Fair,Available,13
3636,Maintenance Required,Available,32
3637,Fair,Maintenance,7
3638,Maintenance Required,Available,11
3639,Good,Rented,37
3640,Maintenance Required,Available,72
3641,Good,Maintenance,49
3642,Maintenance Required,Available,59
3643,Fair,Rented,11
3644,Fair,Available,63
3645,Fair,Available,42
3646,Maintenance Required,Rented,65
3647,Good,Available,16
3648,Maintenance Required,Available,70
3649,Fair,Available,9
3650,Fair,Available,63
3651,Fair,Available,9
3652,Maintenance Required,Available,78
3653,Good,Available,54
3654,Good,Available,74
3655,Good,Available,21
3656,Good,Available,29
3657,Excellent,Available,41
3658,Excellent,Available,60
3659,Excellent,Available,18
3660,Fair,Available,35
3661,Maintenance Required,Rented,54
3662,Fair,Available,10
3663,Maintenance Required,Rented,15
3664,Excellent,Available,50
3665,Maintenance Required,Maintenance,41
3666,Good,Maintenance,76
3667,Excellent,Rented,11
3668,Fair,Rented,40
3669,Maintenance Required,Rented,52
3670,Fair,Rented,52
3671,Maintenance Required,Rented,56
3672,Maintenance Required,Rented,33
3673,Fair,Available,6
3674,Fair,Available,2
3675,Maintenance Required,Available,76
3676,Fair,Available,43
3677,Maintenance Required,Available,10
3678,Fair,Maintenance,8
3679,Maintenance Required,Maintenance,80
3680,Maintenance Required,Available,18
3681,Fair,Available,60
3682,Good,Available,36
3683,Maintenance Required,Available,1
3684,Fair,Available,71
3685,Good,Maintenance,54
3686,Maintenance Required,Available,69
3687,Maintenance Required,Available,68
3688,Excellent,Rented,5
3689,Good,Available,62
3690,Maintenance Required,Available,54
3691,Excellent,Available,75
3692,Excellent,Available,21
3693,Excellent,Available,32
3694,Good,Maintenance,12
3695,Good,Available,31
3696,Excellent,Available,11
3697,Fair,Available,66
3698,Fair,Available,52
3699,Fair,Available,65
3700,Maintenance Required,Available,67
3701,Good,Available,48
3702,Good,Maintenance,46
3703,Excellent,Available,51
3704,Fair,Available,10
3705,Maintenance Required,Available,53
3706,Maintenance Required,Maintenance,45
3707,Fair,Available,28
3708,Good,Maintenance,58
3709,Excellent,Available,59
3710,Fair,Rented,43
3711,Maintenance Required,Available,55
3712,Fair,Maintenance,27
3713,Fair,Available,56
3714,Good,Available,60
3715,Excellent,Available,50
3716,Excellent,Rented,77
3717,Fair,Rented,17
3718,Fair,Rented,78
3719,Good,Maintenance,54
3720,Maintenance Required,Maintenance,26
3721,Good,Rented,37
3722,Fair,Available,68
3723,Maintenance Required,Available,63
3724,Maintenance Required,Maintenance,56
3725,Excellent,Available,78
3726,Good,Rented,1
3727,Excellent,Maintenance,10
3728,Good,Available,41
3729,Maintenance Required,Available,25
3730,Good,Available,13
3731,Excellent,Maintenance,47
3732,Fair,Available,6
3733,Good,Available,49
3734,Maintenance Required,Available,35
3735,Excellent,Available,20
3736,Fair,Rented,51
3737,Good,Available,53
3738,Good,Available,78
3739,Good,Available,5
3740,Good,Rented,25
3741,Fair,Available,17
3742,Excellent,Available,69
3743,Good,Available,2
3744,Fair,Available,64
3745,Fair,Available,77
3746,Good,Available,36
3747,Fair,Maintenance,19
3748,Good,Available,39
3749,Maintenance Required,Available,7
3750,Excellent,Maintenance,48
3751,Good,Available,28
3752,Excellent,Maintenance,66
3753,Maintenance Required,Available,73
3754,Fair,Available,18
3755,Fair,Available,1
3756,Excellent,Maintenance,12
3757,Maintenance Required,Rented,2
3758,Good,Available,13
3759,Good,Available,43
3760,Maintenance Required,Available,63
3761,Maintenance Required,Available,63
3762,Fair,Rented,44
3763,Excellent,Rented,51
3764,Maintenance Required,Available,17
3765,Good,Available,61
3766,Fair,Maintenance,42
3767,Fair,Rented,14
3768,Good,Rented,13
3769,Maintenance Required,Available,53
3770,Good,Maintenance,44
3771,Good,Maintenance,28
3772,Good,Rented,35
3773,Good,Available,7
3774,Excellent,Available,45
3775,Fair,Available,27
3776,Excellent,Rented,32
3777,Maintenance Required,Maintenance,21
3778,Fair,Maintenance,70
3779,Fair,Rented,24
3780,Good,Available,61
3781,Excellent,Available,73
3782,Excellent,Available,78
3783,Excellent,Maintenance,58
3784,Good,Rented,15
3785,Good,Maintenance,45
3786,Fair,Rented,47
3787,Fair,Available,12
3788,Excellent,Rented,11
3789,Good,Available,24
3790,Fair,Maintenance,51
3791,Excellent,Available,12
3792,Fair,Available,36
3793,Fair,Available,51
3794,Fair,Available,51
3795,Good,Available,33
3796,Maintenance Required,Maintenance,73
3797,Fair,Available,12
3798,Excellent,Available,21
3799,Good,Available,60
3800,Maintenance Required,Maintenance,57
3801,Fair,Available,31
3802,Excellent,Maintenance,60
3803,Fair,Rented,58
3804,Excellent,Maintenance,14
3805,Good,Maintenance,28
3806,Good,Available,48
3807,Excellent,Maintenance,2
3808,Excellent,Rented,6
3809,Good,Available,28
3810,Maintenance Required,Rented,66
3811,Fair,Available,58
3812,Fair,Maintenance,52
3813,Excellent,Rented,53
3814,Fair,Rented,22
3815,Good,Available,4
3816,Maintenance Required,Available,36
3817,Good,Available,29
3818,Fair,Rented,49
3819,Fair,Available,68
3820,Fair,Rented,43
3821,Fair,Available,26
3822,Fair,Rented,60
3823,Fair,Available,27
3824,Fair,Available,66
3825,Maintenance Required,Maintenance,64
3826,Fair,Maintenance,50
3827,Maintenance Required,Available,47
3828,Excellent,Available,53
3829,Good,Rented,30
3830,Good,Available,41
3831,Maintenance Required,Available,73
3832,Fair,Available,67
3833,Excellent,Maintenance,12
3834,Good,Available,21
3835,Excellent,Available,42
3836,Fair,Rented,44
3837,Fair,Available,76
3838,Good,Available,59
3839,Maintenance Required,Rented,63
3840,Fair,Available,6
3841,Good,Rented,37
3842,Good,Available,40
3843,Maintenance Required,Available,24
3844,Excellent,Available,70
3845,Good,Available,63
3846,Good,Available,76
3847,Good,Available,3
3848,Fair,Available,20
3849,Good,Available,78
3850,Fair,Available,78
3851,Fair,Maintenance,12
3852,Good,Maintenance,51
3853,Excellent,Rented,34
3854,Fair,Available,56
3855,Excellent,Maintenance,78
3856,Good,Available,60
3857,Maintenance Required,Rented,64
3858,Excellent,Available,80
3859,Good,Available,57
3860,Maintenance Required,Rented,39
3861,Maintenance Required,Maintenance,51
3862,Good,Rented,40
3863,Fair,Available,1
3864,Maintenance Required,Maintenance,67
3865,Fair,Available,21
3866,Fair,Available,68
3867,Good,Available,75
3868,Good,Maintenance,55
3869,Good,Rented,62
3870,Good,Available,49
3871,Fair,Rented,19
3872,Maintenance Required,Available,21
3873,Maintenance Required,Maintenance,39
3874,Good,Rented,78
3875,Fair,Rented,8
3876,Good,Available,23
3877,Fair,Rented,33
3878,Maintenance Required,Available,54
3879,Fair,Available,6
3880,Maintenance Required,Available,39
3881,Excellent,Rented,70
3882,Maintenance Required,Available,66
3883,Maintenance Required,Maintenance,65
3884,Maintenance Required,Maintenance,67
3885,Fair,Available,22
3886,Fair,Available,78
3887,Fair,Available,32
3888,Maintenance Required,Maintenance,67
3889,Maintenance Required,Available,42
3890,Fair,Available,30
3891,Good,Available,7
3892,Good,Maintenance,13
3893,Excellent,Rented,4
3894,Good,Available,75
3895,Maintenance Required,Maintenance,61
3896,Good,Available,9
3897,Maintenance Required,Maintenance,64
3898,Excellent,Available,32
3899,Good,Available,21
3900,Maintenance Required,Available,10
3901,Fair,Available,13
3902,Excellent,Available,4
3903,Excellent,Available,31
3904,Good,Available,20
3905,Good,Rented,25
3906,Excellent,Available,28
3907,Good,Available,1
3908,Maintenance Required,Available,22
3909,Good,Available,24
3910,Maintenance Required,Rented,71
3911,Excellent,Available,24
3912,Fair,Maintenance,24
3913,Good,Available,3
3914,Maintenance Required,Available,59
3915,Excellent,Available,52
3916,Excellent,Maintenance,1
3917,Maintenance Required,Rented,11
3918,Good,Available,44
3919,Fair,Maintenance,38
3920,Fair,Available,31
3921,Maintenance Required,Available,66
3922,Excellent,Available,48
3923,Maintenance Required,Available,37
3924,Excellent,Available,56
3925,Excellent,Maintenance,60
3926,Excellent,Available,58
3927,Good,Maintenance,62
3928,Excellent,Available,24
3929,Excellent,Maintenance,7
3930,Excellent,Maintenance,31
3931,Fair,Maintenance,26
3932,Good,Available,15
3933,Excellent,Rented,22
3934,Excellent,Available,2
3935,Good,Available,77
3936,Excellent,Maintenance,34
3937,Good,Available,30
3938,Maintenance Required,Rented,24
3939,Fair,Available,21
3940,Good,Available,6
3941,Excellent,Available,29
3942,Maintenance Required,Maintenance,56
3943,Fair,Available,45
3944,Good,Available,68
3945,Maintenance Required,Available,50
3946,Excellent,Rented,13
3947,Excellent,Available,58
3948,Maintenance Required,Maintenance,56
3949,Good,Maintenance,53
3950,Good,Available,1
3951,Fair,Available,13
3952,Maintenance Required,Available,65
3953,Maintenance Required,Rented,22
3954,Excellent,Available,30
3955,Excellent,Maintenance,22
3956,Fair,Available,74
3957,Fair,Available,62
3958,Fair,Available,3
3959,Good,Available,47
3960,Fair,Available,78
3961,Fair,Available,8
3962,Fair,Available,58
3963,Fair,Maintenance,1
3964,Good,Maintenance,41
3965,Maintenance Required,Rented,38
3966,Excellent,Available,58
3967,Fair,Rented,64
3968,Maintenance Required,Available,58
3969,Good,Available,1
3970,Maintenance Required,Available,58
3971,Excellent,Available,38
3972,Good,Available,66
3973,Excellent,Available,42
3974,Good,Rented,64
3975,Maintenance Required,Maintenance,22
3976,Good,Available,57
3977,Good,Maintenance,71
3978,Excellent,Maintenance,4
3979,Good,Available,31
3980,Excellent,Available,47
3981,Excellent,Available,21
3982,Excellent,Rented,33
3983,Maintenance Required,Maintenance,26
3984,Excellent,Maintenance,4
3985,Excellent,Available,77
3986,Good,Available,4
3987,Maintenance Required,Available,6
3988,Excellent,Rented,9
3989,Maintenance Required,Available,35
3990,Maintenance Required,Available,12
3991,Fair,Maintenance,51
3992,Maintenance Required,Maintenance,46
3993,Maintenance Required,Available,56
3994,Good,Available,12
3995,Maintenance Required,Maintenance,8
3996,Fair,Available,4
3997,Excellent,Available,70
3998,Excellent,Maintenance,70
3999,Excellent,Available,8
4000,Fair,Rented,36
4001,Maintenance Required,Rented,64
4002,Maintenance Required,Available,57
4003,Fair,Available,75
4004,Maintenance Required,Available,35
4005,Maintenance Required,Available,13
4006,Good,Available,73
4007,Maintenance Required,Available,58
4008,Excellent,Rented,43
4009,Excellent,Available,60
4010,Good,Maintenance,20
4011,Fair,Available,1
4012,Fair,Rented,30
4013,Good,Rented,65
4014,Good,Available,59
4015,Good,Available,25
4016,Fair,Maintenance,80
4017,Fair,Maintenance,24
4018,Maintenance Required,Available,73
4019,Maintenance Required,Available,47
4020,Good,Maintenance,59
4021,Good,Available,78
4022,Maintenance Required,Available,44
4023,Fair,Available,21
4024,Good,Maintenance,79
4025,Maintenance Required,Rented,65
4026,Fair,Rented,26
4027,Fair,Available,37
4028,Maintenance Required,Available,18
4029,Good,Available,75
4030,Fair,Available,51
4031,Excellent,Maintenance,31
4032,Maintenance Required,Rented,71
4033,Good,Available,52
4034,Good,Available,61
4035,Good,Available,29
4036,Maintenance Required,Available,1
4037,Excellent,Rented,8
4038,Good,Available,55
4039,Excellent,Available,35
4040,Good,Available,34
4041,Maintenance Required,Available,48
4042,Fair,Available,33
4043,Good,Rented,54
4044,Maintenance Required,Available,22
4045,Good,Available,28
4046,Excellent,Available,59
4047,Fair,Available,36
4048,Excellent,Available,47
4049,Fair,Available,27
4050,Excellent,Available,19
4051,Maintenance Required,Available,14
4052,Fair,Available,34
4053,Fair,Rented,73
4054,Good,Available,37
4055,Fair,Available,71
4056,Maintenance Required,Available,39
4057,Excellent,Available,65
4058,Good,Maintenance,10
4059,Excellent,Rented,15
4060,Maintenance Required,Maintenance,35
4061,Fair,Rented,23
4062,Good,Maintenance,37
4063,Maintenance Required,Available,77
4064,Maintenance Required,Available,33
4065,Good,Maintenance,42
4066,Maintenance Required,Available,80
4067,Excellent,Available,73
4068,Excellent,Available,31
4069,Fair,Available,60
4070,Fair,Available,34
4071,Good,Available,68
4072,Good,Available,62
4073,Fair,Rented,7
4074,Good,Available,72
4075,Good,Available,42
4076,Excellent,Available,4
4077,Maintenance Required,Available,33
4078,Maintenance Required,Maintenance,31
4079,Good,Available,50
4080,Excellent,Available,27
4081,Maintenance Required,Available,35
4082,Maintenance Required,Maintenance,55
4083,Excellent,Available,50
4084,Maintenance Required,Available,49
4085,Fair,Maintenance,58
4086,Good,Available,14
4087,Maintenance Required,Maintenance,67
4088,Maintenance Required,Available,5
4089,Maintenance Required,Available,2
4090,Maintenance Required,Available,35
4091,Excellent,Available,45
4092,Good,Available,14
4093,Good,Available,1
4094,Maintenance Required,Available,11
4095,Fair,Available,1
4096,Maintenance Required,Available,24
4097,Maintenance Required,Maintenance,72
4098,Good,Available,30
4099,Excellent,Maintenance,23
4100,Excellent,Available,51
4101,Fair,Available,79
4102,Excellent,Rented,48
4103,Maintenance Required,Rented,80
4104,Maintenance Required,Maintenance,80
4105,Good,Available,34
4106,Excellent,Available,8
4107,Fair,Available,11
4108,Fair,Rented,18
4109,Maintenance Required,Available,2
4110,Good,Available,63
4111,Maintenance Required,Available,69
4112,Fair,Available,46
4113,Fair,Maintenance,67
4114,Fair,Rented,77
4115,Maintenance Required,Rented,42
4116,Maintenance Required,Maintenance,28
4117,Good,Maintenance,65
4118,Excellent,Available,30
4119,Maintenance Required,Rented,41
4120,Maintenance Required,Maintenance,74
4121,Good,Rented,69
4122,Maintenance Required,Available,57
4123,Fair,Available,61
4124,Fair,Maintenance,6
4125,Fair,Maintenance,28
4126,Fair,Available,14
4127,Good,Maintenance,36
4128,Good,Available,8
4129,Excellent,Available,56
4130,Fair,Maintenance,68
4131,Maintenance Required,Rented,53
4132,Maintenance Required,Available,2
4133,Fair,Rented,46
4134,Excellent,Rented,51
4135,Excellent,Available,42
4136,Excellent,Available,12
4137,Fair,Available,65
4138,Good,Available,50
4139,Fair,Available,49
4140,Excellent,Available,14
4141,Fair,Maintenance,36
4142,Excellent,Maintenance,38
4143,Good,Available,45
4144,Fair,Available,52
4145,Good,Available,44
4146,Maintenance Required,Rented,32
4147,Fair,Available,76
4148,Maintenance Required,Available,58
4149,Maintenance Required,Available,42
4150,Fair,Maintenance,63
4151,Good,Available,46
4152,Good,Available,10
4153,Fair,Rented,43
4154,Excellent,Available,59
4155,Fair,Available,63
4156,Maintenance Required,Maintenance,21
4157,Fair,Maintenance,23
4158,Fair,Available,55
4159,Maintenance Required,Rented,27
4160,Excellent,Available,33
4161,Good,Maintenance,8
4162,Fair,Available,44
4163,Excellent,Available,57
4164,Fair,Available,72
4165,Excellent,Available,44
4166,Good,Rented,37
4167,Fair,Rented,73
4168,Good,Maintenance,41
4169,Excellent,Available,44
4170,Maintenance Required,Rented,78
4171,Fair,Available,32
4172,Fair,Rented,79
4173,Fair,Available,10
4174,Good,Available,56
4175,Excellent,Maintenance,35
4176,Good,Available,46
4177,Good,Available,51
4178,Maintenance Required,Available,34
4179,Maintenance Required,Maintenance,9
4180,Good,Rented,64
4181,Good,Rented,19
4182,Good,Available,45
4183,Excellent,Available,65
4184,Excellent,Rented,14
4185,Maintenance Required,Available,11
4186,Good,Available,32
4187,Fair,Available,8
4188,Excellent,Maintenance,37
4189,Good,Rented,39
4190,Excellent,Available,56
4191,Good,Available,3
4192,Maintenance Required,Maintenance,29
4193,Excellent,Available,70
4194,Excellent,Maintenance,9
4195,Maintenance Required,Rented,31
4196,Maintenance Required,Rented,53
4197,Maintenance Required,Available,60
4198,Fair,Rented,54
4199,Fair,Available,49
4200,Fair,Available,45
4201,Excellent,Available,80
4202,Excellent,Maintenance,33
4203,Fair,Available,43
4204,Excellent,Available,46
4205,Good,Rented,7
4206,Good,Maintenance,80
4207,Fair,Available,41
4208,Excellent,Maintenance,31
4209,Good,Available,80
4210,Good,Available,32
4211,Fair,Available,27
4212,Fair,Available,40
4213,Maintenance Required,Available,4
4214,Maintenance Required,Available,19
4215,Maintenance Required,Available,3
4216,Excellent,Rented,55
4217,Fair,Available,57
4218,Excellent,Available,41
4219,Maintenance Required,Rented,40
4220,Excellent,Rented,21
4221,Good,Available,37
4222,Maintenance Required,Maintenance,18
4223,Good,Available,59
4224,Fair,Available,23
4225,Fair,Rented,56
4226,Fair,Available,22
4227,Good,Available,5
4228,Good,Rented,47
4229,Excellent,Available,60
4230,Good,Maintenance,48
4231,Excellent,Maintenance,34
4232,Fair,Maintenance,76
4233,Excellent,Rented,46
4234,Excellent,Maintenance,43
4235,Fair,Rented,36
4236,Fair,Rented,38
4237,Fair,Available,33
4238,Excellent,Available,31
4239,Excellent,Available,34
4240,Fair,Available,22
4241,Maintenance Required,Rented,68
4242,Fair,Available,69
4243,Maintenance Required,Available,33
4244,Maintenance Required,Rented,9
4245,Fair,Available,77
4246,Fair,Rented,16
4247,Excellent,Maintenance,58
4248,Maintenance Required,Rented,30
4249,Fair,Available,19
4250,Excellent,Available,17
4251,Excellent,Rented,40
4252,Excellent,Rented,62
4253,Fair,Rented,31
4254,Good,Available,6
4255,Excellent,Available,53
4256,Excellent,Rented,39
4257,Good,Available,76
4258,Fair,Available,50
4259,Fair,Available,62
4260,Fair,Available,63
4261,Good,Available,23
4262,Maintenance Required,Rented,72
4263,Fair,Available,65
4264,Excellent,Rented,46
4265,Excellent,Available,51
4266,Maintenance Required,Available,46
4267,Fair,Rented,42
4268,Excellent,Rented,54
4269,Fair,Available,54
4270,Good,Rented,73
4271,Maintenance Required,Available,31
4272,Excellent,Available,53
4273,Fair,Available,73
4274,Maintenance Required,Available,16
4275,Good,Available,10
4276,Fair,Rented,76
4277,Good,Available,25
4278,Fair,Available,34
4279,Good,Available,66
4280,Maintenance Required,Available,51
4281,Good,Available,76
4282,Maintenance Required,Maintenance,19
4283,Fair,Maintenance,58
4284,Maintenance Required,Maintenance,50
4285,Maintenance Required,Maintenance,39
4286,Maintenance Required,Available,65
4287,Maintenance Required,Available,11
4288,Fair,Available,8
4289,Excellent,Available,64
4290,Maintenance Required,Maintenance,27
4291,Good,Available,24
4292,Excellent,Rented,73
4293,Good,Available,33
4294,Excellent,Available,1
4295,Fair,Rented,62
4296,Excellent,Available,76
4297,Maintenance Required,Available,63
4298,Excellent,Maintenance,14
4299,Maintenance Required,Available,65
4300,Excellent,Maintenance,60
4301,Fair,Available,47
4302,Excellent,Rented,50
4303,Good,Available,20
4304,Maintenance Required,Available,2
4305,Maintenance Required,Rented,45
4306,Fair,Rented,27
4307,Fair,Rented,59
4308,Fair,Available,80
4309,Fair,Available,78
4310,Fair,Available,1
4311,Good,Available,5
4312,Good,Available,61
4313,Good,Available,28
4314,Good,Rented,68
4315,Maintenance Required,Available,39
4316,Good,Available,42
4317,Maintenance Required,Available,44
4318,Good,Available,15
4319,Excellent,Rented,32
4320,Fair,Maintenance,75
4321,Good,Available,53
4322,Fair,Available,72
4323,Excellent,Available,9
4324,Excellent,Rented,21
4325,Excellent,Available,63
4326,Maintenance Required,Rented,51
4327,Good,Rented,51
4328,Fair,Rented,79
4329,Excellent,Available,23
4330,Maintenance Required,Available,21
4331,Fair,Available,75
4332,Good,Available,2
4333,Excellent,Available,63
4334,Fair,Available,77
4335,Maintenance Required,Available,29
4336,Fair,Available,28
4337,Good,Available,14
4338,Fair,Available,33
4339,Fair,Rented,58
4340,Excellent,Maintenance,58
4341,Excellent,Available,44
4342,Fair,Rented,7
4343,Maintenance Required,Maintenance,65
4344,Maintenance Required,Available,8
4345,Maintenance Required,Available,17
4346,Fair,Maintenance,20
4347,Excellent,Maintenance,38
4348,Good,Maintenance,46
4349,Good,Maintenance,65
4350,Good,Available,65
4351,Fair,Available,10
4352,Maintenance Required,Rented,36
4353,Maintenance Required,Available,64
4354,Excellent,Available,74
4355,Excellent,Rented,52
4356,Maintenance Required,Rented,46
4357,Good,Maintenance,45
4358,Good,Rented,22
4359,Fair,Available,14
4360,Excellent,Available,73
4361,Fair,Maintenance,73
4362,Fair,Available,34
4363,Fair,Rented,33
4364,Maintenance Required,Rented,62
4365,Good,Maintenance,10
4366,Maintenance Required,Available,69
4367,Excellent,Available,44
4368,Excellent,Available,75
4369,Fair,Rented,77
4370,Good,Available,57
4371,Fair,Maintenance,27
4372,Maintenance Required,Available,25
4373,Fair,Available,15
4374,Maintenance Required,Available,20
4375,Maintenance Required,Available,54
4376,Fair,Available,72
4377,Excellent,Maintenance,53
4378,Excellent,Rented,64
4379,Excellent,Available,18
4380,Good,Available,4
4381,Excellent,Available,71
4382,Excellent,Maintenance,21
4383,Maintenance Required,Rented,80
4384,Maintenance Required,Available,62
4385,Good,Available,57
4386,Maintenance Required,Available,26
4387,Fair,Maintenance,38
4388,Maintenance Required,Available,29
4389,Maintenance Required,Available,54
4390,Excellent,Maintenance,59
4391,Fair,Rented,1
4392,Maintenance Required,Available,42
4393,Maintenance Required,Rented,25
4394,Excellent,Available,62
4395,Maintenance Required,Rented,34
4396,Good,Available,26
4397,Fair,Maintenance,51
4398,Fair,Available,1
4399,Maintenance Required,Available,55
4400,Fair,Maintenance,7
4401,Maintenance Required,Maintenance,65
4402,Excellent,Available,16
4403,Good,Available,43
4404,Good,Rented,18
4405,Good,Available,54
4406,Maintenance Required,Maintenance,35
4407,Excellent,Maintenance,7
4408,Excellent,Available,42
4409,Excellent,Available,2
4410,Excellent,Available,50
4411,Maintenance Required,Available,78
4412,Excellent,Available,6
4413,Excellent,Available,75
4414,Good,Maintenance,58
4415,Fair,Available,65
4416,Maintenance Required,Available,51
4417,Maintenance Required,Available,40
4418,Maintenance Required,Maintenance,32
4419,Excellent,Maintenance,30
4420,Fair,Available,78
4421,Excellent,Maintenance,27
4422,Fair,Maintenance,68
4423,Maintenance Required,Available,49
4424,Good,Available,68
4425,Good,Available,14
4426,Fair,Available,45
4427,Fair,Available,70
4428,Excellent,Available,46
4429,Excellent,Available,12
4430,Fair,Available,46
4431,Fair,Available,74
4432,Fair,Available,74
4433,Fair,Maintenance,24
4434,Excellent,Available,58
4435,Good,Maintenance,18
4436,Maintenance Required,Rented,70
4437,Maintenance Required,Rented,60
4438,Maintenance Required,Available,5
4439,Fair,Available,68
4440,Fair,Available,26
4441,Maintenance Required,Maintenance,28
4442,Maintenance Required,Available,28
4443,Good,Available,38
4444,Excellent,Maintenance,68
4445,Maintenance Required,Available,26
4446,Good,Maintenance,21
4447,Excellent,Available,58
4448,Maintenance Required,Available,50
4449,Good,Available,66
4450,Excellent,Available,61
4451,Excellent,Maintenance,40
4452,Excellent,Available,42
4453,Excellent,Available,29
4454,Maintenance Required,Available,61
4455,Maintenance Required,Rented,44
4456,Maintenance Required,Rented,52
4457,Good,Maintenance,10
4458,Good,Available,71
4459,Excellent,Available,30
4460,Maintenance Required,Available,68
4461,Fair,Available,57
4462,Good,Available,46
4463,Good,Rented,2
4464,Maintenance Required,Rented,2
4465,Maintenance Required,Available,63
4466,Good,Available,77
4467,Maintenance Required,Available,77
4468,Fair,Available,49
4469,Excellent,Available,60
4470,Fair,Maintenance,52
4471,Maintenance Required,Available,54
4472,Excellent,Available,47
4473,Good,Rented,41
4474,Good,Available,46
4475,Fair,Available,57
4476,Good,Available,67
4477,Maintenance Required,Maintenance,18
4478,Excellent,Available,74
4479,Fair,Available,67
4480,Excellent,Available,14
4481,Maintenance Required,Available,56
4482,Fair,Available,30
4483,Maintenance Required,Rented,41
4484,Maintenance Required,Rented,37
4485,Fair,Available,5
4486,Excellent,Maintenance,53
4487,Good,Maintenance,70
4488,Excellent,Maintenance,27
4489,Fair,Rented,29
4490,Excellent,Available,42
4491,Fair,Maintenance,63
4492,Excellent,Available,55
4493,Fair,Rented,39
4494,Good,Available,26
4495,Good,Available,70
4496,Fair,Available,39
4497,Fair,Rented,36
4498,Fair,Available,7
4499,Fair,Rented,41
4500,Good,Rented,68
4501,Excellent,Available,25
4502,Fair,Available,22
4503,Excellent,Rented,60
4504,Maintenance Required,Available,15
4505,Maintenance Required,Maintenance,66
4506,Fair,Rented,60
4507,Good,Available,54
4508,Excellent,Available,61
4509,Fair,Available,72
4510,Maintenance Required,Available,61
4511,Excellent,Maintenance,53
4512,Excellent,Maintenance,25
4513,Good,Maintenance,20
4514,Excellent,Available,36
4515,Good,Maintenance,29
4516,Maintenance Required,Available,1
4517,Good,Maintenance,45
4518,Excellent,Maintenance,33
4519,Fair,Available,47
4520,Fair,Available,48
4521,Good,Available,70
4522,Good,Available,69
4523,Excellent,Available,34
4524,Fair,Rented,30
4525,Excellent,Available,29
4526,Good,Rented,21
4527,Good,Available,61
4528,Excellent,Available,39
4529,Maintenance Required,Available,58
4530,Excellent,Rented,57
4531,Maintenance Required,Available,65
4532,Good,Available,12
4533,Excellent,Maintenance,47
4534,Good,Maintenance,54
4535,Fair,Rented,53
4536,Good,Available,38
4537,Maintenance Required,Available,57
4538,Good,Available,68
4539,Good,Available,3
4540,Maintenance Required,Available,70
4541,Fair,Rented,67
4542,Good,Rented,60
4543,Excellent,Rented,27
4544,Good,Available,26
4545,Fair,Rented,71
4546,Excellent,Rented,6
4547,Maintenance Required,Available,21
4548,Excellent,Available,66
4549,Maintenance Required,Available,27
4550,Excellent,Maintenance,78
4551,Maintenance Required,Available,37
4552,Excellent,Available,74
4553,Good,Available,56
4554,Excellent,Available,29
4555,Excellent,Available,13
4556,Maintenance Required,Available,50
4557,Maintenance Required,Available,49
4558,Fair,Available,19
4559,Fair,Available,41
4560,Excellent,Maintenance,38
4561,Maintenance Required,Maintenance,43
4562,Good,Available,49
4563,Fair,Available,74
4564,Excellent,Maintenance,14
4565,Maintenance Required,Available,40
4566,Maintenance Required,Rented,5
4567,Excellent,Available,6
4568,Excellent,Available,50
4569,Excellent,Available,54
4570,Fair,Maintenance,57
4571,Good,Maintenance,43
4572,Excellent,Rented,80
4573,Fair,Available,18
4574,Excellent,Rented,10
4575,Maintenance Required,Maintenance,50
4576,Fair,Available,70
4577,Good,Available,61
4578,Maintenance Required,Available,10
4579,Good,Available,8
4580,Good,Maintenance,20
4581,Good,Available,74
4582,Fair,Available,35
4583,Excellent,Available,59
4584,Maintenance Required,Available,2
4585,Fair,Available,79
4586,Good,Available,22
4587,Excellent,Rented,45
4588,Maintenance Required,Available,56
4589,Fair,Available,33
4590,Good,Available,29
4591,Excellent,Available,64
4592,Fair,Available,59
4593,Excellent,Available,33
4594,Good,Available,73
4595,Good,Available,75
4596,Good,Maintenance,1
4597,Excellent,Available,71
4598,Excellent,Maintenance,24
4599,Fair,Available,76
4600,Maintenance Required,Rented,15
4601,Excellent,Available,71
4602,Maintenance Required,Maintenance,21
4603,Good,Available,56
4604,Fair,Available,6
4605,Good,Available,62
4606,Excellent,Available,36
4607,Fair,Available,77
4608,Good,Available,7
4609,Excellent,Available,47
4610,Fair,Maintenance,63
4611,Good,Available,51
4612,Good,Maintenance,72
4613,Fair,Available,37
4614,Maintenance Required,Rented,30
4615,Fair,Available,46
4616,Fair,Available,77
4617,Fair,Maintenance,72
4618,Good,Available,3
4619,Maintenance Required,Available,4
4620,Fair,Maintenance,13
4621,Good,Available,53
4622,Excellent,Maintenance,76
4623,Excellent,Available,41
4624,Fair,Maintenance,8
4625,Excellent,Available,64
4626,Excellent,Available,75
4627,Good,Available,16
4628,Maintenance Required,Available,60
4629,Excellent,Maintenance,14
4630,Maintenance Required,Available,7
4631,Fair,Rented,37
4632,Good,Maintenance,74
4633,Excellent,Rented,14
4634,Maintenance Required,Available,16
4635,Excellent,Available,2
4636,Fair,Rented,33
4637,Fair,Maintenance,68
4638,Fair,Rented,51
4639,Maintenance Required,Available,27
4640,Maintenance Required,Rented,36
4641,Excellent,Rented,49
4642,Good,Rented,18
4643,Excellent,Available,49
4644,Fair,Available,61
4645,Excellent,Maintenance,19
4646,Excellent,Available,14
4647,Good,Maintenance,56
4648,Fair,Available,20
4649,Fair,Available,69
4650,Good,Maintenance,40
4651,Fair,Available,32
4652,Excellent,Available,52
4653,Fair,Rented,51
4654,Fair,Available,57
4655,Maintenance Required,Maintenance,56
4656,Excellent,Available,38
4657,Maintenance Required,Available,13
4658,Maintenance Required,Maintenance,52
4659,Maintenance Required,Available,9
4660,Fair,Maintenance,20
4661,Good,Available,9
4662,Maintenance Required,Rented,32
4663,Good,Maintenance,35
4664,Good,Maintenance,66
4665,Excellent,Available,29
4666,Fair,Available,80
4667,Fair,Available,77
4668,Excellent,Maintenance,51
4669,Fair,Available,69
4670,Maintenance Required,Available,24
4671,Excellent,Available,38
4672,Fair,Maintenance,11
4673,Maintenance Required,Available,78
4674,Fair,Available,59
4675,Good,Rented,63
4676,Excellent,Available,60
4677,Excellent,Maintenance,76
4678,Maintenance Required,Maintenance,54
4679,Fair,Available,9
4680,Fair,Maintenance,50
4681,Maintenance Required,Available,62
4682,Maintenance Required,Available,79
4683,Good,Available,5
4684,Fair,Rented,3
4685,Maintenance Required,Maintenance,27
4686,Excellent,Available,75
4687,Excellent,Available,67
4688,Maintenance Required,Available,15
4689,Fair,Available,55
4690,Maintenance Required,Available,5
4691,Maintenance Required,Rented,14
4692,Maintenance Required,Maintenance,9
4693,Excellent,Rented,76
4694,Maintenance Required,Available,41
4695,Maintenance Required,Available,30
4696,Excellent,Available,40
4697,Fair,Maintenance,5
4698,Maintenance Required,Maintenance,43
4699,Maintenance Required,Available,54
4700,Maintenance Required,Available,19
4701,Good,Maintenance,62
4702,Good,Maintenance,9
4703,Good,Rented,16
4704,Fair,Available,72
4705,Excellent,Maintenance,34
4706,Excellent,Maintenance,52
4707,Excellent,Available,38
4708,Fair,Available,72
4709,Maintenance Required,Available,25
4710,Fair,Available,8
4711,Maintenance Required,Available,59
4712,Fair,Available,16
4713,Maintenance Required,Rented,73
4714,Maintenance Required,Available,3
4715,Fair,Available,56
4716,Excellent,Available,71
4717,Excellent,Available,40
4718,Fair,Available,8
4719,Fair,Rented,57
4720,Good,Available,6
4721,Excellent,Rented,16
4722,Excellent,Rented,40
4723,Maintenance Required,Available,78
4724,Maintenance Required,Maintenance,75
4725,Good,Maintenance,21
4726,Fair,Available,65
4727,Maintenance Required,Available,20
4728,Fair,Maintenance,35
4729,Good,Available,63
4730,Maintenance Required,Available,15
4731,Maintenance Required,Available,53
4732,Maintenance Required,Available,36
4733,Maintenance Required,Maintenance,66
4734,Maintenance Required,Available,32
4735,Fair,Available,8
4736,Good,Available,76
4737,Excellent,Rented,76
4738,Maintenance Required,Available,64
4739,Fair,Available,72
4740,Excellent,Available,52
4741,Fair,Available,61
4742,Fair,Available,3
4743,Fair,Rented,21
4744,Excellent,Available,8
4745,Good,Available,16
4746,Maintenance Required,Rented,53
4747,Fair,Available,60
4748,Excellent,Rented,62
4749,Good,Rented,15
4750,Maintenance Required,Available,74
4751,Maintenance Required,Available,57
4752,Excellent,Rented,42
4753,Good,Rented,38
4754,Excellent,Available,21
4755,Excellent,Rented,27
4756,Maintenance Required,Rented,53
4757,Good,Rented,18
4758,Good,Available,5
4759,Good,Available,40
4760,Good,Maintenance,51
4761,Fair,Maintenance,9
4762,Maintenance Required,Available,40
4763,Good,Available,62
4764,Excellent,Available,54
4765,Maintenance Required,Maintenance,50
4766,Excellent,Available,21
4767,Excellent,Rented,56
4768,Fair,Available,14
4769,Good,Rented,5
4770,Good,Available,9
4771,Maintenance Required,Available,4
4772,Good,Available,12
4773,Maintenance Required,Rented,8
4774,Maintenance Required,Rented,57
4775,Fair,Available,42
4776,Good,Available,42
4777,Good,Available,36
4778,Fair,Available,53
4779,Good,Available,43
4780,Maintenance Required,Available,65
4781,Excellent,Available,60
4782,Excellent,Available,71
4783,Excellent,Available,67
4784,Good,Available,58
4785,Good,Rented,15
4786,Maintenance Required,Available,57
4787,Fair,Available,46
4788,Maintenance Required,Available,18
4789,Excellent,Available,41
4790,Excellent,Available,57
4791,Maintenance Required,Available,47
4792,Good,Maintenance,47
4793,Excellent,Maintenance,48
4794,Maintenance Required,Available,52
4795,Excellent,Available,38
4796,Fair,Maintenance,25
4797,Maintenance Required,Available,75
4798,Maintenance Required,Maintenance,41
4799,Maintenance Required,Available,20
4800,Maintenance Required,Available,41
4801,Maintenance Required,Available,5
4802,Fair,Available,43
4803,Excellent,Rented,47
4804,Maintenance Required,Available,76
4805,Good,Rented,10
4806,Fair,Maintenance,67
4807,Good,Available,43
4808,Maintenance Required,Available,23
4809,Fair,Available,35
4810,Excellent,Available,68
4811,Maintenance Required,Rented,80
4812,Excellent,Available,21
4813,Maintenance Required,Available,35
4814,Fair,Rented,51
4815,Fair,Available,10
4816,Fair,Available,56
4817,Good,Available,20
4818,Maintenance Required,Available,34
4819,Excellent,Available,66
4820,Fair,Maintenance,14
4821,Good,Maintenance,14
4822,Excellent,Maintenance,57
4823,Fair,Available,72
4824,Fair,Available,72
4825,Fair,Maintenance,58
4826,Good,Rented,16
4827,Excellent,Rented,66
4828,Good,Available,77
4829,Excellent,Available,2
4830,Excellent,Available,66
4831,Excellent,Maintenance,66
4832,Fair,Available,16
4833,Good,Available,25
4834,Fair,Available,4
4835,Excellent,Available,71
4836,Maintenance Required,Available,44
4837,Maintenance Required,Maintenance,44
4838,Excellent,Available,76
4839,Good,Available,14
4840,Maintenance Required,Rented,13
4841,Fair,Rented,73
4842,Good,Available,3
4843,Fair,Rented,21
4844,Maintenance Required,Available,58
4845,Excellent,Available,19
4846,Good,Rented,45
4847,Excellent,Rented,21
4848,Fair,Maintenance,35
4849,Excellent,Available,42
4850,Excellent,Maintenance,50
4851,Excellent,Available,20
4852,Excellent,Available,29
4853,Fair,Rented,56
4854,Maintenance Required,Available,46
4855,Maintenance Required,Available,54
4856,Excellent,Available,63
4857,Fair,Maintenance,3
4858,Fair,Available,80
4859,Good,Maintenance,39
4860,Maintenance Required,Available,73
4861,Maintenance Required,Available,13
4862,Excellent,Maintenance,46
4863,Good,Maintenance,50
4864,Good,Available,42
4865,Good,Available,17
4866,Good,Available,61
4867,Maintenance Required,Rented,71
4868,Excellent,Available,33
4869,Excellent,Available,53
4870,Fair,Available,73
4871,Fair,Available,63
4872,Maintenance Required,Available,70
4873,Excellent,Available,65
4874,Good,Maintenance,65
4875,Fair,Available,32
4876,Good,Available,67
4877,Fair,Available,35
4878,Fair,Maintenance,61
4879,Excellent,Maintenance,70
4880,Excellent,Rented,23
4881,Maintenance Required,Available,79
4882,Good,Available,49
4883,Maintenance Required,Available,48
4884,Maintenance Required,Available,59
4885,Good,Rented,18
4886,Good,Available,69
4887,Maintenance Required,Available,23
4888,Fair,Available,30
4889,Good,Maintenance,69
4890,Fair,Available,78
4891,Excellent,Available,61
4892,Excellent,Available,18
4893,Maintenance Required,Available,59
4894,Maintenance Required,Available,4
4895,Fair,Available,73
4896,Good,Rented,3
4897,Fair,Available,74
4898,Good,Available,59
4899,Fair,Available,28
4900,Good,Maintenance,37
4901,Excellent,Available,10
4902,Good,Available,24
4903,Maintenance Required,Rented,68
4904,Excellent,Rented,60
4905,Maintenance Required,Available,55
4906,Maintenance Required,Available,61
4907,Excellent,Available,7
4908,Fair,Available,8
4909,Good,Maintenance,71
4910,Good,Rented,33
4911,Good,Rented,72
4912,Excellent,Maintenance,3
4913,Maintenance Required,Rented,58
4914,Fair,Available,80
4915,Fair,Available,25
4916,Fair,Available,18
4917,Good,Maintenance,76
4918,Good,Available,17
4919,Fair,Rented,17
4920,Maintenance Required,Available,62
4921,Maintenance Required,Available,59
4922,Maintenance Required,Available,47
4923,Good,Available,7
4924,Fair,Available,67
4925,Excellent,Available,12
4926,Fair,Rented,68
4927,Good,Rented,5
4928,Good,Maintenance,25
4929,Maintenance Required,Maintenance,51
4930,Fair,Available,65
4931,Fair,Rented,3
4932,Good,Available,43
4933,Fair,Rented,65
4934,Excellent,Rented,61
4935,Good,Maintenance,74
4936,Fair,Available,23
4937,Excellent,Available,17
4938,Fair,Rented,41
4939,Maintenance Required,Rented,11
4940,Fair,Rented,76
4941,Maintenance Required,Maintenance,57
4942,Maintenance Required,Available,9
4943,Excellent,Available,54
4944,Fair,Maintenance,74
4945,Fair,Maintenance,38
4946,Excellent,Available,18
4947,Fair,Rented,72
4948,Good,Available,23
4949,Excellent,Maintenance,7
4950,Maintenance Required,Available,36
4951,Maintenance Required,Maintenance,64
4952,Good,Rented,55
4953,Maintenance Required,Available,26
4954,Maintenance Required,Rented,38
4955,Excellent,Rented,73
4956,Good,Available,71
4957,Excellent,Maintenance,3
4958,Excellent,Available,16
4959,Fair,Available,13
4960,Maintenance Required,Rented,65
4961,Excellent,Rented,77
4962,Fair,Available,24
4963,Maintenance Required,Available,42
4964,Fair,Available,76
4965,Excellent,Maintenance,33
4966,Maintenance Required,Available,51
4967,Excellent,Available,2
4968,Fair,Maintenance,34
4969,Good,Available,62
4970,Good,Rented,21
4971,Maintenance Required,Rented,38
4972,Good,Maintenance,45
4973,Good,Available,39
4974,Excellent,Rented,45
4975,Maintenance Required,Available,16
4976,Excellent,Available,43
4977,Fair,Available,28
4978,Fair,Available,31
4979,Maintenance Required,Available,56
4980,Maintenance Required,Rented,58
4981,Good,Available,57
4982,Maintenance Required,Available,17
4983,Maintenance Required,Available,69
4984,Good,Available,7
4985,Fair,Maintenance,2
4986,Excellent,Available,57
4987,Maintenance Required,Rented,1
4988,Good,Maintenance,10
4989,Maintenance Required,Available,4
4990,Excellent,Rented,74
4991,Maintenance Required,Rented,34
4992,Maintenance Required,Available,53
4993,Good,Available,61
4994,Excellent,Available,59
4995,Good,Available,38
4996,Maintenance Required,Maintenance,50
4997,Excellent,Available,32
4998,Fair,Available,20
4999,Fair,Available,50
5000,Fair,Maintenance,47
5001,Maintenance Required,Rented,58
5002,Fair,Available,27
5003,Excellent,Available,61
5004,Good,Maintenance,64
5005,Fair,Rented,29
5006,Fair,Rented,50
5007,Good,Rented,10
5008,Fair,Maintenance,12
5009,Good,Rented,78
5010,Excellent,Maintenance,31
5011,Good,Rented,51
5012,Maintenance Required,Available,43
5013,Good,Maintenance,33
5014,Fair,Available,5
5015,Fair,Rented,78
5016,Good,Available,52
5017,Maintenance Required,Available,8
5018,Good,Available,50
5019,Fair,Available,7
5020,Fair,Available,50
5021,Maintenance Required,Available,58
5022,Excellent,Available,39
5023,Fair,Available,27
5024,Good,Maintenance,61
5025,Fair,Available,54
5026,Good,Maintenance,62
5027,Maintenance Required,Rented,41
5028,Maintenance Required,Available,59
5029,Fair,Available,43
5030,Excellent,Rented,67
5031,Good,Maintenance,12
5032,Maintenance Required,Maintenance,78
5033,Excellent,Available,77
5034,Good,Rented,38
5035,Excellent,Available,2
5036,Good,Available,74
5037,Good,Available,14
5038,Good,Rented,51
5039,Maintenance Required,Available,34
5040,Excellent,Available,21
5041,Fair,Available,56
5042,Maintenance Required,Rented,47
5043,Good,Maintenance,11
5044,Fair,Available,9
5045,Excellent,Maintenance,48
5046,Maintenance Required,Available,46
5047,Maintenance Required,Available,61
5048,Good,Available,44
5049,Fair,Available,29
5050,Fair,Maintenance,17
5051,Excellent,Rented,63
5052,Excellent,Available,25
5053,Good,Maintenance,19
5054,Good,Available,29
5055,Maintenance Required,Maintenance,19
5056,Maintenance Required,Available,79
5057,Good,Available,48
5058,Maintenance Required,Available,77
5059,Good,Rented,63
5060,Fair,Rented,68
5061,Maintenance Required,Available,35
5062,Fair,Available,47
5063,Good,Maintenance,59
5064,Excellent,Available,32
5065,Fair,Available,16
5066,Excellent,Maintenance,68
5067,Fair,Rented,62
5068,Fair,Available,40
5069,Excellent,Available,44
5070,Excellent,Available,41
5071,Maintenance Required,Rented,1
5072,Maintenance Required,Available,77
5073,Maintenance Required,Rented,33
5074,Good,Rented,11
5075,Maintenance Required,Rented,69
5076,Maintenance Required,Available,25
5077,Fair,Available,50
5078,Good,Available,29
5079,Maintenance Required,Available,57
5080,Maintenance Required,Available,74
5081,Maintenance Required,Maintenance,26
5082,Good,Rented,19
5083,Excellent,Maintenance,22
5084,Fair,Available,10
5085,Good,Rented,24
5086,Good,Maintenance,38
5087,Good,Available,64
5088,Excellent,Available,41
5089,Excellent,Maintenance,22
5090,Excellent,Available,38
5091,Fair,Rented,1
5092,Maintenance Required,Available,17
5093,Maintenance Required,Maintenance,80
5094,Good,Maintenance,55
5095,Fair,Available,10
5096,Maintenance Required,Rented,76
5097,Maintenance Required,Rented,31
5098,Fair,Maintenance,3
5099,Excellent,Rented,15
5100,Maintenance Required,Available,39
5101,Maintenance Required,Available,50
5102,Maintenance Required,Maintenance,27
5103,Fair,Maintenance,68
5104,Fair,Maintenance,58
5105,Fair,Available,77
5106,Excellent,Available,58
5107,Fair,Available,15
5108,Maintenance Required,Available,34
5109,Good,Maintenance,56
5110,Good,Available,41
5111,Fair,Rented,62
5112,Maintenance Required,Available,62
5113,Maintenance Required,Available,31
5114,Good,Available,11
5115,Fair,Maintenance,65
5116,Maintenance Required,Available,59
5117,Excellent,Maintenance,50
5118,Maintenance Required,Available,11
5119,Maintenance Required,Maintenance,48
5120,Good,Available,69
5121,Excellent,Available,24
5122,Fair,Maintenance,8
5123,Fair,Available,2
5124,Excellent,Rented,45
5125,Maintenance Required,Available,30
5126,Fair,Available,71
5127,Fair,Maintenance,5
5128,Good,Available,9
5129,Good,Available,39
5130,Good,Rented,53
5131,Good,Available,14
5132,Good,Available,79
5133,Maintenance Required,Available,8
5134,Good,Available,31
5135,Fair,Maintenance,25
5136,Fair,Maintenance,61
5137,Excellent,Maintenance,70
5138,Good,Maintenance,51
5139,Excellent,Maintenance,24
5140,Excellent,Maintenance,52
5141,Maintenance Required,Available,63
5142,Good,Rented,61
5143,Maintenance Required,Rented,25
5144,Excellent,Maintenance,32
5145,Maintenance Required,Available,61
5146,Good,Rented,75
5147,Maintenance Required,Available,50
5148,Maintenance Required,Maintenance,73
5149,Fair,Available,64
5150,Excellent,Available,2
5151,Fair,Available,36
5152,Good,Maintenance,57
5153,Good,Maintenance,52
5154,Excellent,Available,4
5155,Good,Available,57
5156,Maintenance Required,Available,19
5157,Maintenance Required,Maintenance,19
5158,Fair,Available,21
5159,Good,Available,50
5160,Fair,Available,43
5161,Maintenance Required,Rented,45
5162,Excellent,Rented,16
5163,Fair,Available,57
5164,Maintenance Required,Available,75
5165,Fair,Maintenance,36
5166,Maintenance Required,Available,12
5167,Fair,Available,65
5168,Fair,Available,64
5169,Excellent,Available,26
5170,Maintenance Required,Available,26
5171,Maintenance Required,Available,80
5172,Good,Maintenance,56
5173,Excellent,Rented,48
5174,Fair,Available,4
5175,Excellent,Rented,25
5176,Maintenance Required,Rented,78
5177,Excellent,Available,24
5178,Excellent,Available,69
5179,Good,Maintenance,50
5180,Excellent,Available,58
5181,Fair,Available,62
5182,Good,Available,58
5183,Good,Available,37
5184,Good,Rented,11
5185,Maintenance Required,Available,14
5186,Maintenance Required,Available,1
5187,Excellent,Maintenance,73
5188,Good,Available,48
5189,Fair,Maintenance,53
5190,Maintenance Required,Maintenance,27
5191,Maintenance Required,Rented,16
5192,Good,Maintenance,21
5193,Maintenance Required,Available,51
5194,Excellent,Rented,53
5195,Maintenance Required,Available,61
5196,Fair,Rented,45
5197,Fair,Available,32
5198,Excellent,Available,13
5199,Maintenance Required,Available,57
5200,Excellent,Available,46
5201,Good,Available,6
5202,Excellent,Available,69
5203,Fair,Available,70
5204,Maintenance Required,Available,68
5205,Fair,Rented,28
5206,Fair,Available,65
5207,Good,Available,61
5208,Excellent,Available,68
5209,Excellent,Available,37
5210,Excellent,Available,37
5211,Maintenance Required,Available,8
5212,Good,Available,75
5213,Maintenance Required,Available,52
5214,Excellent,Rented,67
5215,Excellent,Available,15
5216,Maintenance Required,Rented,47
5217,Good,Available,12
5218,Fair,Rented,3
5219,Excellent,Available,46
5220,Fair,Available,6
5221,Fair,Available,71
5222,Good,Available,71
5223,Excellent,Rented,62
5224,Excellent,Rented,74
5225,Fair,Maintenance,40
5226,Fair,Rented,31
5227,Excellent,Available,45
5228,Good,Maintenance,51
5229,Maintenance Required,Available,28
5230,Good,Available,63
5231,Fair,Available,39
5232,Excellent,Rented,66
5233,Good,Available,5
5234,Excellent,Available,45
5235,Fair,Available,24
5236,Maintenance Required,Rented,79
5237,Excellent,Available,32
5238,Fair,Available,5
5239,Excellent,Available,28
5240,Maintenance Required,Rented,71
5241,Fair,Available,22
5242,Excellent,Maintenance,39
5243,Excellent,Rented,49
5244,Maintenance Required,Available,7
5245,Maintenance Required,Available,10
5246,Excellent,Rented,76
5247,Excellent,Available,53
5248,Good,Maintenance,3
5249,Maintenance Required,Maintenance,38
5250,Good,Maintenance,14
5251,Fair,Available,13
5252,Maintenance Required,Available,13
5253,Fair,Rented,42
5254,Good,Available,50
5255,Good,Available,57
5256,Fair,Available,20
5257,Excellent,Available,54
5258,Maintenance Required,Maintenance,57
5259,Maintenance Required,Rented,65
5260,Good,Maintenance,23
5261,Maintenance Required,Maintenance,46
5262,Maintenance Required,Available,40
5263,Excellent,Maintenance,47
5264,Maintenance Required,Available,8
5265,Good,Available,60
5266,Fair,Rented,12
5267,Maintenance Required,Available,13
5268,Good,Rented,36
5269,Fair,Available,11
5270,Excellent,Rented,58
5271,Excellent,Available,43
5272,Excellent,Available,34
5273,Maintenance Required,Available,24
5274,Fair,Maintenance,37
5275,Maintenance Required,Maintenance,19
5276,Fair,Available,37
5277,Excellent,Available,12
5278,Excellent,Available,60
5279,Maintenance Required,Rented,77
5280,Excellent,Maintenance,18
5281,Good,Rented,25
5282,Maintenance Required,Available,32
5283,Fair,Available,22
5284,Maintenance Required,Available,61
5285,Fair,Available,63
5286,Maintenance Required,Available,40
5287,Excellent,Available,35
5288,Excellent,Available,56
5289,Good,Available,46
5290,Fair,Available,20
5291,Maintenance Required,Available,44
5292,Good,Available,72
5293,Good,Available,56
5294,Fair,Available,27
5295,Fair,Available,47
5296,Fair,Available,2
5297,Fair,Available,17
5298,Fair,Available,62
5299,Maintenance Required,Maintenance,48
5300,Excellent,Maintenance,65
5301,Good,Available,36
5302,Good,Rented,57
5303,Good,Rented,10
5304,Good,Available,25
5305,Good,Maintenance,5
5306,Maintenance Required,Maintenance,28
5307,Good,Available,14
5308,Maintenance Required,Available,53
5309,Good,Available,58
5310,Maintenance Required,Available,20
5311,Maintenance Required,Rented,58
5312,Fair,Rented,57
5313,Fair,Maintenance,79
5314,Excellent,Maintenance,66
5315,Maintenance Required,Maintenance,38
5316,Maintenance Required,Available,58
5317,Good,Maintenance,75
5318,Fair,Maintenance,38
5319,Good,Available,79
5320,Maintenance Required,Rented,26
5321,Maintenance Required,Available,45
5322,Maintenance Required,Maintenance,52
5323,Excellent,Available,34
5324,Maintenance Required,Rented,30
5325,Good,Available,57
5326,Good,Available,5
5327,Excellent,Available,51
5328,Maintenance Required,Rented,14
5329,Excellent,Available,77
5330,Fair,Available,32
5331,Good,Available,27
5332,Excellent,Available,26
5333,Excellent,Available,13
5334,Maintenance Required,Available,51
5335,Excellent,Available,70
5336,Maintenance Required,Available,32
5337,Excellent,Available,69
5338,Good,Maintenance,77
5339,Fair,Available,68
5340,Excellent,Available,10
5341,Good,Maintenance,36
5342,Excellent,Available,62
5343,Good,Available,63
5344,Fair,Maintenance,12
5345,Excellent,Rented,11
5346,Excellent,Maintenance,55
5347,Good,Available,54
5348,Fair,Available,49
5349,Maintenance Required,Available,38
5350,Maintenance Required,Available,19
5351,Fair,Rented,19
5352,Good,Available,71
5353,Excellent,Maintenance,44
5354,Maintenance Required,Available,19
5355,Fair,Available,32
5356,Good,Available,54
5357,Fair,Available,8
5358,Fair,Rented,10
5359,Maintenance Required,Available,79
5360,Good,Maintenance,51
5361,Excellent,Available,68
5362,Maintenance Required,Available,73
5363,Maintenance Required,Maintenance,24
5364,Maintenance Required,Available,51
5365,Good,Rented,7
5366,Excellent,Rented,71
5367,Good,Available,72
5368,Excellent,Rented,38
5369,Maintenance Required,Available,29
5370,Maintenance Required,Available,7
5371,Good,Maintenance,36
5372,Good,Maintenance,3
5373,Good,Available,2
5374,Fair,Rented,7
5375,Maintenance Required,Available,23
5376,Excellent,Available,62
5377,Maintenance Required,Available,37
5378,Fair,Rented,66
5379,Good,Available,80
5380,Good,Rented,30
5381,Excellent,Available,30
5382,Good,Maintenance,23
5383,Good,Available,27
5384,Maintenance Required,Available,74
5385,Fair,Available,42
5386,Fair,Maintenance,15
5387,Fair,Rented,32
5388,Fair,Available,48
5389,Maintenance Required,Available,11
5390,Fair,Rented,47
5391,Excellent,Available,70
5392,Good,Available,61
5393,Good,Rented,55
5394,Good,Rented,53
5395,Fair,Available,45
5396,Fair,Available,3
5397,Good,Maintenance,70
5398,Fair,Available,64
5399,Maintenance Required,Rented,2
5400,Excellent,Available,5
5401,Maintenance Required,Available,15
5402,Excellent,Available,13
5403,Excellent,Available,47
5404,Good,Available,25
5405,Fair,Rented,15
5406,Maintenance Required,Available,75
5407,Excellent,Available,3
5408,Fair,Rented,11
5409,Excellent,Maintenance,4
5410,Good,Available,26
5411,Excellent,Rented,24
5412,Good,Rented,22
5413,Good,Available,7
5414,Fair,Available,50
5415,Maintenance Required,Available,50
5416,Excellent,Rented,30
5417,Fair,Available,13
5418,Good,Available,71
5419,Excellent,Available,14
5420,Excellent,Rented,61
5421,Fair,Available,16
5422,Fair,Available,60
5423,Excellent,Maintenance,43
5424,Fair,Available,74
5425,Excellent,Maintenance,71
5426,Excellent,Available,2
5427,Maintenance Required,Available,53
5428,Good,Rented,46
5429,Fair,Maintenance,29
5430,Excellent,Rented,48
5431,Good,Available,56
5432,Fair,Available,24
5433,Excellent,Available,31
5434,Maintenance Required,Rented,24
5435,Excellent,Rented,13
5436,Fair,Rented,54
5437,Good,Available,3
5438,Good,Available,75
5439,Maintenance Required,Rented,47
5440,Fair,Available,57
5441,Excellent,Available,39
5442,Excellent,Rented,61
5443,Good,Available,44
5444,Maintenance Required,Maintenance,17
5445,Maintenance Required,Available,80
5446,Maintenance Required,Available,21
5447,Maintenance Required,Maintenance,41
5448,Excellent,Rented,80
5449,Good,Available,71
5450,Excellent,Available,62
5451,Excellent,Available,15
5452,Good,Available,34
5453,Good,Available,15
5454,Fair,Available,65
5455,Maintenance Required,Rented,40
5456,Excellent,Available,28
5457,Excellent,Rented,57
5458,Excellent,Maintenance,34
5459,Maintenance Required,Rented,1
5460,Fair,Available,77
5461,Excellent,Maintenance,41
5462,Maintenance Required,Available,46
5463,Fair,Available,25
5464,Excellent,Rented,16
5465,Excellent,Rented,52
5466,Maintenance Required,Available,4
5467,Excellent,Available,27
5468,Good,Rented,14
5469,Good,Available,28
5470,Excellent,Rented,67
5471,Excellent,Available,21
5472,Maintenance Required,Maintenance,41
5473,Fair,Rented,49
5474,Excellent,Available,34
5475,Excellent,Available,9
5476,Good,Rented,38
5477,Maintenance Required,Maintenance,8
5478,Fair,Available,20
5479,Maintenance Required,Available,16
5480,Fair,Available,27
5481,Excellent,Available,39
5482,Maintenance Required,Available,33
5483,Maintenance Required,Rented,38
5484,Fair,Maintenance,19
5485,Good,Available,19
5486,Maintenance Required,Available,8
5487,Excellent,Available,17
5488,Fair,Rented,55
5489,Good,Maintenance,8
5490,Fair,Available,77
5491,Good,Available,44
5492,Maintenance Required,Rented,36
5493,Good,Available,41
5494,Fair,Rented,64
5495,Fair,Available,33
5496,Excellent,Rented,30
5497,Fair,Available,35
5498,Excellent,Available,56
5499,Excellent,Available,37
5500,Maintenance Required,Available,28
5501,Fair,Rented,29
5502,Excellent,Available,31
5503,Excellent,Rented,64
5504,Maintenance Required,Maintenance,69
5505,Maintenance Required,Rented,42
5506,Excellent,Maintenance,7
5507,Good,Available,68
5508,Excellent,Available,36
5509,Fair,Rented,36
5510,Maintenance Required,Available,40
5511,Fair,Available,31
5512,Maintenance Required,Available,48
5513,Maintenance Required,Available,56
5514,Maintenance Required,Maintenance,13
5515,Good,Available,47
5516,Excellent,Rented,31
5517,Excellent,Available,41
5518,Good,Rented,1
5519,Excellent,Available,3
5520,Fair,Maintenance,67
5521,Maintenance Required,Available,51
5522,Fair,Available,3
5523,Excellent,Available,73
5524,Excellent,Maintenance,46
5525,Maintenance Required,Maintenance,45
5526,Excellent,Maintenance,20
5527,Maintenance Required,Available,35
5528,Maintenance Required,Maintenance,50
5529,Maintenance Required,Available,7
5530,Good,Available,78
5531,Maintenance Required,Available,10
5532,Fair,Available,12
5533,Maintenance Required,Available,5
5534,Excellent,Maintenance,63
5535,Excellent,Rented,69
5536,Good,Available,65
5537,Good,Available,16
5538,Fair,Maintenance,59
5539,Good,Available,18
5540,Good,Available,27
5541,Fair,Rented,24
5542,Maintenance Required,Available,63
5543,Excellent,Available,45
5544,Fair,Rented,67
5545,Maintenance Required,Available,16
5546,Excellent,Available,59
5547,Good,Available,12
5548,Maintenance Required,Rented,23
5549,Good,Available,25
5550,Maintenance Required,Available,41
5551,Fair,Available,63
5552,Fair,Available,13
5553,Fair,Available,2
5554,Maintenance Required,Maintenance,5
5555,Maintenance Required,Available,31
5556,Fair,Maintenance,15
5557,Excellent,Maintenance,59
5558,Fair,Available,79
5559,Excellent,Available,44
5560,Good,Available,73
5561,Excellent,Maintenance,29
5562,Fair,Maintenance,47
5563,Maintenance Required,Maintenance,63
5564,Good,Rented,78
5565,Good,Rented,38
5566,Maintenance Required,Maintenance,27
5567,Maintenance Required,Available,45
5568,Excellent,Rented,29
5569,Good,Maintenance,10
5570,Excellent,Available,20
5571,Excellent,Available,42
5572,Good,Available,10
5573,Excellent,Available,7
5574,Fair,Available,61
5575,Excellent,Available,48
5576,Maintenance Required,Maintenance,34
5577,Fair,Available,36
5578,Good,Available,22
5579,Good,Available,17
5580,Excellent,Maintenance,22
5581,Good,Maintenance,62
5582,Maintenance Required,Available,42
5583,Fair,Available,74
5584,Excellent,Available,75
5585,Excellent,Maintenance,62
5586,Maintenance Required,Maintenance,46
5587,Maintenance Required,Maintenance,27
5588,Excellent,Available,22
5589,Maintenance Required,Maintenance,15
5590,Good,Rented,24
5591,Excellent,Maintenance,7
5592,Good,Rented,77
5593,Fair,Available,9
5594,Good,Available,80
5595,Fair,Available,58
5596,Good,Maintenance,77
5597,Good,Rented,1
5598,Maintenance Required,Available,36
5599,Excellent,Available,70
5600,Good,Rented,29
5601,Fair,Maintenance,8
5602,Maintenance Required,Available,35
5603,Fair,Available,40
5604,Excellent,Rented,40
5605,Excellent,Available,63
5606,Good,Available,42
5607,Good,Available,42
5608,Excellent,Available,34
5609,Excellent,Maintenance,66
5610,Good,Maintenance,23
5611,Excellent,Available,42
5612,Fair,Rented,69
5613,Good,Available,62
5614,Maintenance Required,Available,66
5615,Maintenance Required,Available,29
5616,Maintenance Required,Available,48
5617,Fair,Available,13
5618,Excellent,Rented,28
5619,Maintenance Required,Rented,3
5620,Maintenance Required,Available,54
5621,Good,Available,52
5622,Excellent,Maintenance,12
5623,Maintenance Required,Available,9
5624,Fair,Available,14
5625,Excellent,Maintenance,29
5626,Maintenance Required,Available,32
5627,Good,Available,15
5628,Good,Rented,8
5629,Excellent,Rented,64
5630,Good,Rented,2
5631,Good,Available,74
5632,Excellent,Maintenance,54
5633,Good,Available,75
5634,Fair,Available,2
5635,Good,Available,67
5636,Good,Available,62
5637,Good,Available,51
5638,Fair,Available,58
5639,Maintenance Required,Maintenance,39
5640,Maintenance Required,Available,35
5641,Fair,Available,19
5642,Maintenance Required,Available,8
5643,Excellent,Available,18
5644,Maintenance Required,Rented,29
5645,Excellent,Available,80
5646,Maintenance Required,Available,4
5647,Fair,Rented,5
5648,Excellent,Available,71
5649,Fair,Available,41
5650,Excellent,Maintenance,69
5651,Maintenance Required,Maintenance,78
5652,Fair,Available,34
5653,Fair,Rented,56
5654,Excellent,Rented,69
5655,Fair,Available,34
5656,Fair,Available,5
5657,Fair,Available,8
5658,Fair,Rented,48
5659,Fair,Available,62
5660,Good,Available,73
5661,Maintenance Required,Rented,15
5662,Good,Available,41
5663,Excellent,Available,4
5664,Excellent,Available,33
5665,Fair,Maintenance,5
5666,Maintenance Required,Rented,7
5667,Excellent,Available,3
5668,Maintenance Required,Available,35
5669,Fair,Available,40
5670,Excellent,Available,7
5671,Excellent,Available,38
5672,Maintenance Required,Available,38
5673,Fair,Maintenance,46
5674,Maintenance Required,Maintenance,60
5675,Fair,Maintenance,28
5676,Fair,Available,57
5677,Maintenance Required,Available,47
5678,Good,Available,37
5679,Maintenance Required,Available,51
5680,Maintenance Required,Rented,41
5681,Excellent,Available,8
5682,Excellent,Rented,68
5683,Fair,Available,78
5684,Excellent,Available,12
5685,Maintenance Required,Available,14
5686,Fair,Available,23
5687,Excellent,Available,72
5688,Fair,Maintenance,73
5689,Fair,Available,3
5690,Fair,Available,14
5691,Excellent,Rented,57
5692,Excellent,Rented,33
5693,Maintenance Required,Rented,36
5694,Good,Available,50
5695,Good,Available,6
5696,Excellent,Maintenance,32
5697,Maintenance Required,Rented,59
5698,Good,Available,8
5699,Maintenance Required,Available,40
5700,Fair,Available,53
5701,Maintenance Required,Maintenance,36
5702,Fair,Available,54
5703,Good,Available,65
5704,Excellent,Maintenance,40
5705,Good,Maintenance,30
5706,Excellent,Available,9
5707,Good,Available,57
5708,Maintenance Required,Maintenance,36
5709,Maintenance Required,Available,21
5710,Excellent,Available,74
5711,Fair,Available,39
5712,Fair,Rented,1
5713,Fair,Rented,44
5714,Good,Available,31
5715,Maintenance Required,Maintenance,72
5716,Maintenance Required,Available,3
5717,Maintenance Required,Rented,62
5718,Fair,Maintenance,54
5719,Good,Rented,61
5720,Excellent,Available,68
5721,Fair,Available,32
5722,Excellent,Maintenance,45
5723,Maintenance Required,Available,13
5724,Good,Maintenance,55
5725,Maintenance Required,Available,74
5726,Maintenance Required,Rented,57
5727,Maintenance Required,Rented,56
5728,Excellent,Maintenance,8
5729,Good,Available,16
5730,Maintenance Required,Available,21
5731,Fair,Maintenance,17
5732,Good,Available,79
5733,Maintenance Required,Maintenance,58
5734,Excellent,Maintenance,64
5735,Maintenance Required,Rented,46
5736,Excellent,Available,41
5737,Maintenance Required,Available,48
5738,Maintenance Required,Rented,76
5739,Fair,Available,6
5740,Maintenance Required,Rented,58
5741,Fair,Available,15
5742,Maintenance Required,Rented,46
5743,Good,Available,8
5744,Excellent,Available,3
5745,Fair,Available,48
5746,Fair,Available,80
5747,Fair,Rented,80
5748,Good,Available,42
5749,Good,Rented,50
5750,Fair,Maintenance,34
5751,Fair,Available,35
5752,Maintenance Required,Rented,44
5753,Good,Available,53
5754,Fair,Available,44
5755,Fair,Available,1
5756,Fair,Available,73
5757,Maintenance Required,Available,2
5758,Maintenance Required,Available,61
5759,Good,Rented,68
5760,Fair,Maintenance,50
5761,Maintenance Required,Available,72
5762,Fair,Available,72
5763,Maintenance Required,Available,55
5764,Maintenance Required,Rented,31
5765,Excellent,Available,79
5766,Maintenance Required,Available,60
5767,Good,Maintenance,34
5768,Good,Available,37
5769,Excellent,Rented,6
5770,Maintenance Required,Available,78
5771,Fair,Available,56
5772,Maintenance Required,Rented,62
5773,Fair,Available,68
5774,Maintenance Required,Available,36
5775,Fair,Maintenance,54
5776,Excellent,Rented,9
5777,Maintenance Required,Maintenance,25
5778,Excellent,Rented,43
5779,Fair,Maintenance,23
5780,Fair,Available,23
5781,Maintenance Required,Maintenance,13
5782,Fair,Rented,10
5783,Maintenance Required,Maintenance,79
5784,Maintenance Required,Maintenance,8
5785,Good,Available,66
5786,Maintenance Required,Available,7
5787,Excellent,Available,3
5788,Fair,Maintenance,28
5789,Good,Available,3
5790,Fair,Available,62
5791,Maintenance Required,Maintenance,23
5792,Fair,Maintenance,23
5793,Excellent,Maintenance,37
5794,Excellent,Rented,1
5795,Fair,Maintenance,74
5796,Excellent,Available,79
5797,Fair,Rented,23
5798,Excellent,Available,34
5799,Excellent,Maintenance,9
5800,Maintenance Required,Maintenance,20
5801,Fair,Rented,13
5802,Fair,Available,46
5803,Good,Available,11
5804,Good,Maintenance,25
5805,Fair,Maintenance,8
5806,Maintenance Required,Rented,50
5807,Fair,Available,75
5808,Fair,Available,28
5809,Good,Rented,72
5810,Fair,Available,46
5811,Fair,Rented,68
5812,Maintenance Required,Rented,32
5813,Fair,Maintenance,31
5814,Excellent,Available,42
5815,Good,Rented,2
5816,Good,Available,61
5817,Good,Available,59
5818,Good,Available,52
5819,Fair,Available,6
5820,Good,Rented,26
5821,Good,Available,57
5822,Good,Rented,40
5823,Maintenance Required,Maintenance,19
5824,Maintenance Required,Maintenance,60
5825,Fair,Maintenance,31
5826,Good,Maintenance,11
5827,Maintenance Required,Available,56
5828,Maintenance Required,Rented,65
5829,Maintenance Required,Maintenance,33
5830,Excellent,Available,50
5831,Excellent,Rented,38
5832,Good,Maintenance,49
5833,Maintenance Required,Available,49
5834,Fair,Available,24
5835,Maintenance Required,Available,41
5836,Excellent,Available,10
5837,Fair,Available,3
5838,Excellent,Available,34
5839,Excellent,Maintenance,59
5840,Good,Maintenance,9
5841,Good,Available,36
5842,Excellent,Available,59
5843,Fair,Rented,55
5844,Excellent,Available,68
5845,Maintenance Required,Available,80
5846,Fair,Available,46
5847,Good,Available,11
5848,Excellent,Available,27
5849,Excellent,Available,4
5850,Fair,Available,66
5851,Maintenance Required,Available,51
5852,Good,Rented,12
5853,Excellent,Available,8
5854,Fair,Maintenance,60
5855,Excellent,Rented,25
5856,Maintenance Required,Available,47
5857,Good,Available,64
5858,Excellent,Rented,24
5859,Maintenance Required,Available,28
5860,Maintenance Required,Available,31
5861,Excellent,Available,11
5862,Good,Rented,38
5863,Excellent,Maintenance,21
5864,Good,Available,79
5865,Excellent,Available,34
5866,Excellent,Available,54
5867,Maintenance Required,Available,68
5868,Maintenance Required,Rented,35
5869,Good,Available,7
5870,Fair,Available,11
5871,Excellent,Available,44
5872,Excellent,Available,61
5873,Excellent,Available,72
5874,Fair,Available,39
5875,Fair,Available,11
5876,Excellent,Maintenance,9
5877,Maintenance Required,Available,42
5878,Maintenance Required,Rented,20
5879,Good,Available,77
5880,Maintenance Required,Maintenance,64
5881,Maintenance Required,Available,56
5882,Fair,Maintenance,42
5883,Maintenance Required,Available,43
5884,Maintenance Required,Available,41
5885,Fair,Available,2
5886,Fair,Rented,23
5887,Excellent,Rented,34
5888,Fair,Maintenance,76
5889,Excellent,Rented,54
5890,Fair,Available,44
5891,Good,Rented,67
5892,Excellent,Available,64
5893,Excellent,Rented,39
5894,Fair,Maintenance,8
5895,Excellent,Maintenance,3
5896,Fair,Available,64
5897,Excellent,Maintenance,63
5898,Maintenance Required,Rented,22
5899,Maintenance Required,Available,71
5900,Fair,Available,6
5901,Excellent,Available,38
5902,Good,Maintenance,36
5903,Good,Rented,34
5904,Excellent,Maintenance,64
5905,Excellent,Available,69
5906,Excellent,Available,6
5907,Good,Rented,16
5908,Maintenance Required,Available,66
5909,Fair,Maintenance,53
5910,Excellent,Available,57
5911,Fair,Available,19
5912,Excellent,Available,53
5913,Excellent,Rented,20
5914,Excellent,Rented,49
5915,Excellent,Rented,2
5916,Excellent,Available,69
5917,Maintenance Required,Available,29
5918,Maintenance Required,Available,74
5919,Maintenance Required,Rented,29
5920,Excellent,Available,53
5921,Fair,Available,41
5922,Excellent,Available,59
5923,Excellent,Rented,5
5924,Excellent,Available,56
5925,Fair,Available,59
5926,Excellent,Available,69
5927,Maintenance Required,Maintenance,58
5928,Good,Maintenance,33
5929,Fair,Available,37
5930,Maintenance Required,Available,59
5931,Maintenance Required,Rented,68
5932,Excellent,Rented,62
5933,Maintenance Required,Available,55
5934,Good,Available,12
5935,Good,Available,71
5936,Excellent,Available,76
5937,Excellent,Maintenance,27
5938,Excellent,Available,20
5939,Maintenance Required,Available,21
5940,Maintenance Required,Maintenance,47
5941,Good,Rented,29
5942,Fair,Available,60
5943,Excellent,Available,68
5944,Fair,Maintenance,6
5945,Fair,Available,75
5946,Maintenance Required,Maintenance,60
5947,Excellent,Available,69
5948,Good,Available,23
5949,Good,Available,52
5950,Good,Rented,69
5951,Excellent,Maintenance,13
5952,Excellent,Available,70
5953,Maintenance Required,Available,46
5954,Maintenance Required,Available,9
5955,Maintenance Required,Available,7
5956,Excellent,Available,59
5957,Fair,Maintenance,48
5958,Excellent,Available,46
5959,Maintenance Required,Rented,16
5960,Excellent,Rented,49
5961,Good,Maintenance,53
5962,Fair,Maintenance,52
5963,Good,Rented,51
5964,Good,Available,7
5965,Maintenance Required,Maintenance,32
5966,Good,Available,63
5967,Good,Available,8
5968,Fair,Available,42
5969,Excellent,Rented,6
5970,Fair,Available,79
5971,Maintenance Required,Maintenance,79
5972,Good,Maintenance,60
5973,Excellent,Maintenance,64
5974,Fair,Available,26
5975,Excellent,Available,8
5976,Maintenance Required,Available,56
5977,Fair,Maintenance,70
5978,Good,Maintenance,37
5979,Excellent,Available,30
5980,Maintenance Required,Available,36
5981,Fair,Rented,29
5982,Maintenance Required,Available,1
5983,Fair,Maintenance,50
5984,Maintenance Required,Available,32
5985,Excellent,Available,80
5986,Maintenance Required,Maintenance,37
5987,Fair,Maintenance,7
5988,Excellent,Available,32
5989,Excellent,Available,61
5990,Excellent,Available,63
5991,Maintenance Required,Available,59
5992,Excellent,Available,48
5993,Excellent,Available,1
5994,Excellent,Maintenance,7
5995,Fair,Rented,70
5996,Fair,Rented,43
5997,Excellent,Maintenance,27
5998,Good,Rented,37
5999,Excellent,Rented,40
6000,Good,Maintenance,21
6001,Excellent,Rented,42
6002,Fair,Available,21
6003,Good,Available,29
6004,Good,Maintenance,48
6005,Excellent,Available,47
6006,Excellent,Available,48
6007,Fair,Available,25
6008,Maintenance Required,Available,33
6009,Maintenance Required,Maintenance,12
6010,Maintenance Required,Available,66
6011,Fair,Available,2
6012,Excellent,Maintenance,27
6013,Excellent,Maintenance,35
6014,Fair,Available,4
6015,Excellent,Available,38
6016,Excellent,Rented,3
6017,Excellent,Available,34
6018,Excellent,Available,48
6019,Good,Available,55
6020,Maintenance Required,Rented,20
6021,Good,Rented,80
6022,Fair,Rented,72
6023,Maintenance Required,Maintenance,29
6024,Excellent,Maintenance,26
6025,Fair,Available,20
6026,Excellent,Rented,27
6027,Fair,Rented,7
6028,Maintenance Required,Available,26
6029,Excellent,Available,57
6030,Excellent,Available,39
6031,Good,Maintenance,62
6032,Excellent,Available,39
6033,Excellent,Maintenance,41
6034,Maintenance Required,Rented,29
6035,Fair,Available,75
6036,Fair,Available,56
6037,Fair,Available,55
6038,Fair,Available,11
6039,Fair,Available,77
6040,Excellent,Available,54
6041,Fair,Available,5
6042,Maintenance Required,Available,38
6043,Maintenance Required,Maintenance,14
6044,Maintenance Required,Rented,71
6045,Good,Available,30
6046,Good,Available,17
6047,Good,Available,36
6048,Good,Maintenance,31
6049,Good,Available,68
6050,Maintenance Required,Available,73
6051,Fair,Available,19
6052,Good,Rented,79
6053,Fair,Available,3
6054,Fair,Available,4
6055,Maintenance Required,Rented,70
6056,Fair,Rented,55
6057,Maintenance Required,Available,6
6058,Excellent,Available,50
6059,Fair,Rented,60
6060,Maintenance Required,Rented,65
6061,Maintenance Required,Maintenance,26
6062,Fair,Available,4
6063,Good,Maintenance,63
6064,Good,Available,8
6065,Excellent,Maintenance,25
6066,Excellent,Available,59
6067,Good,Available,78
6068,Maintenance Required,Available,60
6069,Fair,Available,60
6070,Maintenance Required,Available,68
6071,Excellent,Maintenance,14
6072,Maintenance Required,Available,65
6073,Maintenance Required,Maintenance,52
6074,Excellent,Rented,23
6075,Maintenance Required,Available,70
6076,Maintenance Required,Rented,2
6077,Excellent,Available,65
6078,Excellent,Available,63
6079,Fair,Available,21
6080,Fair,Rented,70
6081,Excellent,Rented,42
6082,Excellent,Rented,70
6083,Good,Available,77
6084,Excellent,Maintenance,37
6085,Maintenance Required,Maintenance,79
6086,Excellent,Available,57
6087,Excellent,Maintenance,16
6088,Good,Available,8
6089,Excellent,Maintenance,72
6090,Fair,Available,70
6091,Maintenance Required,Maintenance,33
6092,Excellent,Available,74
6093,Good,Available,69
6094,Maintenance Required,Available,33
6095,Maintenance Required,Rented,70
6096,Maintenance Required,Available,18
6097,Excellent,Available,24
6098,Excellent,Rented,9
6099,Maintenance Required,Available,55
6100,Fair,Maintenance,8
6101,Maintenance Required,Available,74
6102,Excellent,Maintenance,29
6103,Excellent,Available,64
6104,Good,Available,57
6105,Maintenance Required,Available,31
6106,Maintenance Required,Maintenance,17
6107,Maintenance Required,Available,68
6108,Excellent,Available,37
6109,Maintenance Required,Maintenance,41
6110,Good,Rented,13
6111,Excellent,Available,26
6112,Excellent,Rented,22
6113,Maintenance Required,Available,44
6114,Maintenance Required,Maintenance,35
6115,Fair,Available,78
6116,Good,Available,32
6117,Good,Rented,64
6118,Excellent,Available,29
6119,Maintenance Required,Rented,79
6120,Good,Available,56
6121,Fair,Available,68
6122,Fair,Rented,57
6123,Excellent,Available,33
6124,Maintenance Required,Rented,43
6125,Maintenance Required,Rented,38
6126,Excellent,Maintenance,18
6127,Maintenance Required,Maintenance,79
6128,Maintenance Required,Available,41
6129,Fair,Available,17
6130,Good,Available,39
6131,Maintenance Required,Rented,43
6132,Good,Maintenance,59
6133,Excellent,Rented,23
6134,Good,Rented,21
6135,Fair,Available,61
6136,Excellent,Available,56
6137,Fair,Available,41
6138,Good,Rented,30
6139,Maintenance Required,Maintenance,30
6140,Good,Available,68
6141,Good,Available,79
6142,Maintenance Required,Available,69
6143,Fair,Available,20
6144,Maintenance Required,Available,55
6145,Maintenance Required,Rented,73
6146,Excellent,Available,12
6147,Maintenance Required,Available,47
6148,Fair,Maintenance,64
6149,Fair,Available,7
6150,Excellent,Available,63
6151,Good,Rented,75
6152,Maintenance Required,Available,19
6153,Excellent,Rented,47
6154,Excellent,Available,5
6155,Maintenance Required,Rented,20
6156,Maintenance Required,Available,37
6157,Maintenance Required,Available,75
6158,Excellent,Maintenance,37
6159,Excellent,Available,11
6160,Excellent,Rented,77
6161,Fair,Maintenance,51
6162,Fair,Available,42
6163,Good,Available,40
6164,Excellent,Rented,7
6165,Fair,Rented,67
6166,Maintenance Required,Available,17
6167,Excellent,Available,21
6168,Good,Available,24
6169,Maintenance Required,Available,71
6170,Maintenance Required,Available,8
6171,Excellent,Rented,21
6172,Fair,Rented,51
6173,Excellent,Available,73
6174,Excellent,Maintenance,58
6175,Excellent,Available,52
6176,Excellent,Available,64
6177,Excellent,Available,33
6178,Excellent,Available,46
6179,Fair,Available,53
6180,Maintenance Required,Rented,19
6181,Good,Available,33
6182,Fair,Rented,74
6183,Good,Rented,44
6184,Excellent,Available,46
6185,Fair,Rented,25
6186,Fair,Available,63
6187,Maintenance Required,Available,11
6188,Fair,Maintenance,21
6189,Good,Maintenance,46
6190,Maintenance Required,Available,69
6191,Maintenance Required,Available,46
6192,Good,Available,73
6193,Excellent,Available,34
6194,Good,Maintenance,42
6195,Good,Available,22
6196,Maintenance Required,Available,13
6197,Excellent,Available,30
6198,Maintenance Required,Rented,18
6199,Fair,Available,36
6200,Good,Available,30
6201,Fair,Available,76
6202,Maintenance Required,Rented,59
6203,Excellent,Available,37
6204,Maintenance Required,Available,61
6205,Maintenance Required,Available,34
6206,Maintenance Required,Available,80
6207,Good,Available,66
6208,Excellent,Rented,14
6209,Excellent,Available,58
6210,Maintenance Required,Maintenance,5
6211,Fair,Available,38
6212,Good,Maintenance,79
6213,Good,Available,73
6214,Fair,Available,49
6215,Good,Maintenance,16
6216,Maintenance Required,Available,17
6217,Fair,Maintenance,65
6218,Excellent,Available,61
6219,Excellent,Available,37
6220,Fair,Rented,44
6221,Excellent,Available,73
6222,Fair,Available,68
6223,Fair,Rented,34
6224,Excellent,Available,45
6225,Fair,Available,29
6226,Fair,Available,34
6227,Excellent,Maintenance,60
6228,Maintenance Required,Available,3
6229,Good,Maintenance,10
6230,Fair,Available,43
6231,Maintenance Required,Maintenance,42
6232,Fair,Maintenance,35
6233,Maintenance Required,Available,3
6234,Good,Maintenance,16
6235,Excellent,Available,21
6236,Good,Rented,10
6237,Good,Available,40
6238,Excellent,Available,66
6239,Fair,Rented,33
6240,Good,Rented,71
6241,Excellent,Rented,59
6242,Fair,Available,8
6243,Excellent,Maintenance,57
6244,Excellent,Rented,48
6245,Maintenance Required,Available,17
6246,Maintenance Required,Rented,24
6247,Fair,Available,23
6248,Maintenance Required,Available,17
6249,Good,Available,58
6250,Excellent,Available,64
6251,Excellent,Rented,63
6252,Good,Rented,66
6253,Maintenance Required,Rented,78
6254,Good,Available,43
6255,Maintenance Required,Available,80
6256,Excellent,Maintenance,50
6257,Fair,Available,39
6258,Excellent,Maintenance,35
6259,Good,Maintenance,70
6260,Maintenance Required,Maintenance,47
6261,Good,Rented,20
6262,Excellent,Available,19
6263,Fair,Available,54
6264,Fair,Available,41
6265,Fair,Rented,62
6266,Maintenance Required,Available,70
6267,Fair,Available,47
6268,Good,Available,25
6269,Good,Available,58
6270,Fair,Rented,28
6271,Maintenance Required,Available,43
6272,Maintenance Required,Available,79
6273,Maintenance Required,Available,60
6274,Good,Available,7
6275,Excellent,Available,3
6276,Maintenance Required,Maintenance,22
6277,Fair,Maintenance,55
6278,Fair,Maintenance,73
6279,Excellent,Available,60
6280,Excellent,Available,45
6281,Good,Maintenance,42
6282,Maintenance Required,Available,7
6283,Excellent,Available,13
6284,Maintenance Required,Rented,28
6285,Good,Available,77
6286,Maintenance Required,Maintenance,72
6287,Maintenance Required,Available,22
6288,Good,Available,50
6289,Maintenance Required,Available,51
6290,Excellent,Available,25
6291,Good,Available,45
6292,Maintenance Required,Available,27
6293,Maintenance Required,Available,4
6294,Good,Available,58
6295,Fair,Available,40
6296,Fair,Available,78
6297,Maintenance Required,Available,76
6298,Maintenance Required,Available,41
6299,Good,Maintenance,34
6300,Excellent,Maintenance,36
6301,Maintenance Required,Rented,19
6302,Fair,Rented,10
6303,Maintenance Required,Maintenance,30
6304,Excellent,Rented,43
6305,Fair,Available,8
6306,Good,Available,70
6307,Excellent,Available,12
6308,Excellent,Maintenance,25
6309,Maintenance Required,Available,56
6310,Maintenance Required,Available,3
6311,Excellent,Available,75
6312,Fair,Rented,36
6313,Excellent,Maintenance,55
6314,Maintenance Required,Rented,53
6315,Excellent,Available,49
6316,Excellent,Available,43
6317,Fair,Available,31
6318,Excellent,Available,11
6319,Fair,Available,51
6320,Maintenance Required,Available,59
6321,Fair,Rented,60
6322,Fair,Rented,51
6323,Good,Maintenance,25
6324,Maintenance Required,Available,62
6325,Excellent,Available,11
6326,Maintenance Required,Maintenance,1
6327,Excellent,Available,42
6328,Good,Available,31
6329,Fair,Rented,79
6330,Excellent,Available,24
6331,Excellent,Rented,63
6332,Maintenance Required,Available,13
6333,Maintenance Required,Available,29
6334,Fair,Available,2
6335,Good,Maintenance,38
6336,Excellent,Rented,77
6337,Excellent,Rented,68
6338,Good,Available,20
6339,Maintenance Required,Available,74
6340,Excellent,Rented,46
6341,Excellent,Rented,15
6342,Excellent,Rented,51
6343,Excellent,Available,78
6344,Maintenance Required,Available,56
6345,Excellent,Available,43
6346,Excellent,Rented,16
6347,Maintenance Required,Rented,74
6348,Maintenance Required,Available,78
6349,Fair,Rented,14
6350,Excellent,Maintenance,57
6351,Maintenance Required,Available,80
6352,Maintenance Required,Available,71
6353,Maintenance Required,Available,79
6354,Good,Maintenance,20
6355,Good,Available,66
6356,Maintenance Required,Maintenance,66
6357,Fair,Rented,67
6358,Good,Available,58
6359,Maintenance Required,Available,28
6360,Maintenance Required,Maintenance,80
6361,Maintenance Required,Available,51
6362,Fair,Maintenance,58
6363,Good,Available,24
6364,Maintenance Required,Available,5
6365,Fair,Rented,42
6366,Fair,Available,43
6367,Good,Available,15
6368,Maintenance Required,Available,50
6369,Excellent,Available,12
6370,Maintenance Required,Maintenance,49
6371,Fair,Available,9
6372,Good,Maintenance,69
6373,Fair,Rented,24
6374,Excellent,Available,40
6375,Excellent,Rented,58
6376,Excellent,Maintenance,42
6377,Good,Available,36
6378,Fair,Maintenance,14
6379,Good,Rented,53
6380,Excellent,Available,69
6381,Excellent,Available,16
6382,Excellent,Available,14
6383,Excellent,Available,49
6384,Maintenance Required,Maintenance,36
6385,Fair,Rented,7
6386,Fair,Maintenance,40
6387,Excellent,Available,34
6388,Excellent,Available,70
6389,Good,Maintenance,13
6390,Good,Rented,33
6391,Excellent,Available,72
6392,Good,Rented,80
6393,Excellent,Available,69
6394,Maintenance Required,Available,80
6395,Excellent,Available,55
6396,Excellent,Rented,40
6397,Maintenance Required,Available,55
6398,Maintenance Required,Rented,14
6399,Fair,Available,20
6400,Maintenance Required,Rented,1
6401,Excellent,Available,7
6402,Fair,Maintenance,67
6403,Fair,Available,20
6404,Maintenance Required,Rented,33
6405,Fair,Rented,76
6406,Fair,Available,23
6407,Good,Available,5
6408,Excellent,Available,26
6409,Maintenance Required,Available,9
6410,Fair,Maintenance,58
6411,Maintenance Required,Available,72
6412,Fair,Maintenance,20
6413,Maintenance Required,Rented,39
6414,Excellent,Maintenance,34
6415,Fair,Maintenance,35
6416,Good,Available,28
6417,Excellent,Available,10
6418,Good,Rented,2
6419,Good,Available,30
6420,Good,Available,80
6421,Maintenance Required,Rented,57
6422,Fair,Maintenance,8
6423,Good,Rented,40
6424,Good,Available,65
6425,Fair,Available,79
6426,Good,Available,34
6427,Good,Available,33
6428,Excellent,Available,31
6429,Fair,Available,16
6430,Maintenance Required,Maintenance,62
6431,Excellent,Available,36
6432,Good,Maintenance,14
6433,Fair,Available,70
6434,Good,Available,32
6435,Fair,Available,61
6436,Good,Maintenance,65
6437,Good,Available,64
6438,Fair,Available,60
6439,Good,Available,41
6440,Fair,Available,19
6441,Good,Available,33
6442,Fair,Rented,27
6443,Maintenance Required,Available,74
6444,Good,Maintenance,56
6445,Maintenance Required,Available,1
6446,Fair,Available,29
6447,Maintenance Required,Available,2
6448,Fair,Maintenance,42
6449,Fair,Maintenance,6
6450,Fair,Available,22
6451,Good,Maintenance,61
6452,Good,Available,49
6453,Maintenance Required,Available,45
6454,Good,Rented,74
6455,Maintenance Required,Available,3
6456,Maintenance Required,Available,47
6457,Excellent,Maintenance,49
6458,Fair,Available,8
6459,Good,Available,69
6460,Good,Available,54
6461,Maintenance Required,Rented,11
6462,Excellent,Available,48
6463,Fair,Available,11
6464,Maintenance Required,Available,18
6465,Fair,Available,28
6466,Maintenance Required,Rented,37
6467,Maintenance Required,Maintenance,44
6468,Maintenance Required,Available,66
6469,Excellent,Available,63
6470,Maintenance Required,Available,57
6471,Excellent,Available,68
6472,Good,Maintenance,32
6473,Excellent,Available,75
6474,Good,Maintenance,20
6475,Fair,Rented,50
6476,Good,Rented,47
6477,Fair,Available,50
6478,Excellent,Available,43
6479,Maintenance Required,Available,42
6480,Good,Available,22
6481,Good,Available,70
6482,Fair,Available,53
6483,Maintenance Required,Available,17
6484,Excellent,Rented,27
6485,Maintenance Required,Available,10
6486,Good,Maintenance,56
6487,Fair,Available,77
6488,Excellent,Rented,10
6489,Good,Maintenance,68
6490,Good,Available,20
6491,Good,Maintenance,49
6492,Maintenance Required,Available,67
6493,Good,Rented,40
6494,Fair,Rented,65
6495,Excellent,Available,14
6496,Good,Available,54
6497,Maintenance Required,Maintenance,47
6498,Maintenance Required,Available,43
6499,Excellent,Maintenance,41
6500,Fair,Available,50
6501,Good,Available,18
6502,Excellent,Maintenance,22
6503,Maintenance Required,Available,66
6504,Excellent,Available,68
6505,Maintenance Required,Available,1
6506,Good,Available,37
6507,Excellent,Available,52
6508,Excellent,Maintenance,53
6509,Fair,Available,43
6510,Good,Rented,35
6511,Excellent,Available,18
6512,Maintenance Required,Rented,23
6513,Maintenance Required,Available,64
6514,Good,Available,72
6515,Excellent,Maintenance,76
6516,Fair,Available,8
6517,Fair,Available,66
6518,Maintenance Required,Maintenance,6
6519,Fair,Rented,63
6520,Fair,Available,66
6521,Excellent,Maintenance,16
6522,Excellent,Maintenance,5
6523,Fair,Rented,61
6524,Excellent,Available,22
6525,Excellent,Available,14
6526,Fair,Maintenance,50
6527,Fair,Rented,57
6528,Good,Available,1
6529,Good,Available,17
6530,Excellent,Rented,18
6531,Excellent,Rented,68
6532,Fair,Available,3
6533,Good,Rented,32
6534,Excellent,Available,41
6535,Fair,Maintenance,69
6536,Excellent,Rented,22
6537,Excellent,Available,28
6538,Maintenance Required,Available,15
6539,Maintenance Required,Available,17
6540,Excellent,Maintenance,51
6541,Excellent,Available,73
6542,Fair,Available,74
6543,Excellent,Available,13
6544,Maintenance Required,Maintenance,9
6545,Fair,Available,24
6546,Maintenance Required,Available,29
6547,Good,Maintenance,20
6548,Excellent,Available,3
6549,Excellent,Available,58
6550,Excellent,Maintenance,4
6551,Excellent,Available,40
6552,Maintenance Required,Maintenance,36
6553,Excellent,Available,50
6554,Excellent,Rented,52
6555,Good,Rented,64
6556,Excellent,Available,21
6557,Excellent,Maintenance,47
6558,Excellent,Rented,71
6559,Fair,Available,27
6560,Good,Available,31
6561,Excellent,Rented,4
6562,Maintenance Required,Available,24
6563,Excellent,Available,42
6564,Fair,Rented,40
6565,Maintenance Required,Available,16
6566,Fair,Available,5
6567,Excellent,Available,44
6568,Good,Available,29
6569,Maintenance Required,Rented,76
6570,Excellent,Maintenance,26
6571,Fair,Available,20
6572,Fair,Available,62
6573,Fair,Maintenance,26
6574,Maintenance Required,Available,54
6575,Good,Maintenance,31
6576,Good,Rented,7
6577,Fair,Rented,29
6578,Good,Available,36
6579,Excellent,Maintenance,78
6580,Excellent,Available,41
6581,Fair,Available,4
6582,Good,Rented,51
6583,Fair,Available,63
6584,Fair,Rented,12
6585,Good,Available,67
6586,Maintenance Required,Available,35
6587,Excellent,Available,1
6588,Fair,Available,74
6589,Fair,Rented,47
6590,Good,Available,37
6591,Excellent,Maintenance,13
6592,Good,Available,3
6593,Excellent,Available,22
6594,Fair,Available,49
6595,Excellent,Rented,77
6596,Excellent,Rented,3
6597,Excellent,Rented,45
6598,Excellent,Maintenance,44
6599,Maintenance Required,Rented,21
6600,Fair,Available,61
6601,Maintenance Required,Available,36
6602,Good,Available,51
6603,Fair,Available,66
6604,Maintenance Required,Available,78
6605,Maintenance Required,Available,55
6606,Good,Available,2
6607,Maintenance Required,Available,33
6608,Good,Rented,4
6609,Good,Available,44
6610,Maintenance Required,Available,63
6611,Fair,Available,12
6612,Maintenance Required,Available,19
6613,Maintenance Required,Available,75
6614,Good,Available,44
6615,Fair,Maintenance,38
6616,Fair,Available,48
6617,Excellent,Available,72
6618,Excellent,Rented,19
6619,Fair,Available,75
6620,Good,Available,61
6621,Fair,Available,55
6622,Good,Maintenance,58
6623,Good,Rented,33
6624,Excellent,Maintenance,12
6625,Good,Available,4
6626,Excellent,Maintenance,42
6627,Fair,Rented,15
6628,Maintenance Required,Available,39
6629,Good,Rented,20
6630,Maintenance Required,Available,1
6631,Maintenance Required,Available,15
6632,Excellent,Available,55
6633,Fair,Available,23
6634,Fair,Available,43
6635,Good,Available,11
6636,Maintenance Required,Rented,12
6637,Good,Maintenance,24
6638,Fair,Available,4
6639,Maintenance Required,Available,9
6640,Excellent,Available,35
6641,Good,Rented,50
6642,Excellent,Available,79
6643,Fair,Maintenance,71
6644,Excellent,Rented,22
6645,Good,Available,25
6646,Maintenance Required,Maintenance,79
6647,Excellent,Maintenance,14
6648,Maintenance Required,Available,21
6649,Excellent,Available,56
6650,Maintenance Required,Available,8
6651,Fair,Rented,50
6652,Maintenance Required,Available,62
6653,Fair,Rented,60
6654,Fair,Available,22
6655,Fair,Available,72
6656,Excellent,Available,8
6657,Good,Available,32
6658,Excellent,Maintenance,60
6659,Good,Maintenance,75
6660,Excellent,Available,56
6661,Fair,Available,19
6662,Fair,Available,14
6663,Good,Available,68
6664,Good,Available,43
6665,Good,Maintenance,32
6666,Fair,Maintenance,53
6667,Excellent,Maintenance,16
6668,Excellent,Available,68
6669,Good,Maintenance,24
6670,Fair,Available,6
6671,Maintenance Required,Rented,2
6672,Excellent,Maintenance,29
6673,Excellent,Available,29
6674,Fair,Available,72
6675,Maintenance Required,Rented,14
6676,Maintenance Required,Maintenance,60
6677,Excellent,Maintenance,19
6678,Excellent,Available,16
6679,Maintenance Required,Available,2
6680,Maintenance Required,Available,75
6681,Fair,Rented,78
6682,Fair,Available,38
6683,Excellent,Rented,36
6684,Excellent,Available,76
6685,Maintenance Required,Rented,32
6686,Good,Maintenance,61
6687,Good,Available,40
6688,Fair,Rented,41
6689,Maintenance Required,Maintenance,64
6690,Maintenance Required,Maintenance,41
6691,Maintenance Required,Available,21
6692,Good,Available,53
6693,Good,Available,61
6694,Good,Rented,34
6695,Good,Maintenance,6
6696,Excellent,Available,11
6697,Maintenance Required,Available,53
6698,Fair,Available,14
6699,Fair,Available,30
6700,Maintenance Required,Rented,3
6701,Good,Available,67
6702,Maintenance Required,Rented,74
6703,Excellent,Rented,71
6704,Fair,Available,5
6705,Excellent,Rented,75
6706,Good,Available,1
6707,Good,Rented,24
6708,Maintenance Required,Available,31
6709,Maintenance Required,Available,28
6710,Excellent,Available,69
6711,Excellent,Maintenance,28
6712,Good,Available,34
6713,Good,Available,10
6714,Excellent,Rented,62
6715,Good,Rented,72
6716,Excellent,Available,16
6717,Maintenance Required,Rented,37
6718,Excellent,Rented,22
6719,Fair,Rented,27
6720,Maintenance Required,Available,69
6721,Fair,Available,45
6722,Fair,Available,36
6723,Fair,Rented,54
6724,Excellent,Available,25
6725,Fair,Maintenance,51
6726,Maintenance Required,Rented,23
6727,Maintenance Required,Available,30
6728,Fair,Available,2
6729,Good,Available,71
6730,Fair,Maintenance,16
6731,Maintenance Required,Maintenance,47
6732,Maintenance Required,Available,14
6733,Excellent,Maintenance,56
6734,Excellent,Available,68
6735,Excellent,Available,9
6736,Fair,Rented,37
6737,Good,Rented,24
6738,Maintenance Required,Available,9
6739,Maintenance Required,Available,34
6740,Maintenance Required,Available,70
6741,Good,Available,56
6742,Good,Available,34
6743,Excellent,Available,67
6744,Good,Available,58
6745,Good,Maintenance,76
6746,Fair,Available,1
6747,Good,Available,1
6748,Good,Available,68
6749,Excellent,Available,73
6750,Fair,Rented,52
6751,Fair,Maintenance,53
6752,Maintenance Required,Available,24
6753,Maintenance Required,Maintenance,72
6754,Good,Available,13
6755,Good,Available,61
6756,Excellent,Maintenance,63
6757,Fair,Available,10
6758,Good,Available,27
6759,Good,Available,65
6760,Excellent,Available,23
6761,Maintenance Required,Available,51
6762,Excellent,Available,53
6763,Fair,Available,32
6764,Maintenance Required,Rented,61
6765,Good,Maintenance,2
6766,Fair,Maintenance,64
6767,Maintenance Required,Available,2
6768,Fair,Maintenance,53
6769,Excellent,Available,66
6770,Excellent,Available,44
6771,Excellent,Rented,76
6772,Excellent,Available,62
6773,Good,Rented,68
6774,Good,Maintenance,79
6775,Fair,Maintenance,70
6776,Excellent,Maintenance,29
6777,Good,Rented,20
6778,Excellent,Available,67
6779,Fair,Available,55
6780,Fair,Available,76
6781,Good,Available,54
6782,Excellent,Rented,23
6783,Fair,Maintenance,22
6784,Excellent,Available,54
6785,Maintenance Required,Available,44
6786,Excellent,Rented,30
6787,Excellent,Available,64
6788,Fair,Rented,74
6789,Excellent,Available,63
6790,Excellent,Available,36
6791,Excellent,Available,72
6792,Maintenance Required,Available,38
6793,Excellent,Maintenance,21
6794,Maintenance Required,Available,26
6795,Maintenance Required,Available,37
6796,Fair,Rented,65
6797,Good,Rented,24
6798,Maintenance Required,Available,70
6799,Good,Available,62
6800,Maintenance Required,Rented,58
6801,Maintenance Required,Available,4
6802,Fair,Available,79
6803,Maintenance Required,Maintenance,31
6804,Excellent,Rented,73
6805,Maintenance Required,Available,47
6806,Maintenance Required,Maintenance,10
6807,Fair,Available,71
6808,Maintenance Required,Available,54
6809,Maintenance Required,Available,32
6810,Excellent,Maintenance,54
6811,Fair,Available,35
6812,Maintenance Required,Rented,44
6813,Maintenance Required,Maintenance,62
6814,Good,Maintenance,47
6815,Fair,Maintenance,36
6816,Maintenance Required,Available,30
6817,Good,Rented,69
6818,Fair,Maintenance,38
6819,Good,Available,73
6820,Maintenance Required,Available,80
6821,Good,Available,37
6822,Fair,Available,35
6823,Fair,Rented,24
6824,Excellent,Available,64
6825,Maintenance Required,Maintenance,16
6826,Fair,Maintenance,23
6827,Excellent,Rented,72
6828,Excellent,Available,14
6829,Maintenance Required,Available,57
6830,Fair,Available,21
6831,Excellent,Available,29
6832,Maintenance Required,Available,28
6833,Good,Rented,12
6834,Excellent,Maintenance,79
6835,Fair,Available,49
6836,Excellent,Maintenance,16
6837,Excellent,Maintenance,53
6838,Maintenance Required,Available,76
6839,Good,Maintenance,64
6840,Excellent,Available,27
6841,Fair,Available,17
6842,Maintenance Required,Available,22
6843,Fair,Available,76
6844,Excellent,Available,46
6845,Fair,Rented,52
6846,Fair,Available,47
6847,Fair,Maintenance,61
6848,Good,Available,49
6849,Excellent,Available,72
6850,Excellent,Available,64
6851,Excellent,Available,51
6852,Maintenance Required,Available,41
6853,Fair,Available,67
6854,Maintenance Required,Available,7
6855,Maintenance Required,Rented,4
6856,Maintenance Required,Available,15
6857,Good,Available,44
6858,Maintenance Required,Rented,57
6859,Good,Available,3
6860,Fair,Rented,38
6861,Maintenance Required,Maintenance,77
6862,Excellent,Available,12
6863,Good,Rented,28
6864,Maintenance Required,Available,80
6865,Fair,Available,59
6866,Maintenance Required,Available,34
6867,Good,Available,50
6868,Maintenance Required,Available,24
6869,Good,Available,48
6870,Good,Available,68
6871,Maintenance Required,Maintenance,78
6872,Maintenance Required,Available,52
6873,Excellent,Maintenance,70
6874,Fair,Maintenance,60
6875,Excellent,Available,72
6876,Fair,Available,14
6877,Maintenance Required,Available,25
6878,Maintenance Required,Available,40
6879,Excellent,Available,43
6880,Excellent,Maintenance,50
6881,Maintenance Required,Maintenance,31
6882,Good,Available,8
6883,Good,Available,78
6884,Fair,Available,77
6885,Excellent,Available,28
6886,Good,Available,11
6887,Fair,Rented,42
6888,Excellent,Available,78
6889,Good,Available,61
6890,Maintenance Required,Maintenance,52
6891,Good,Available,63
6892,Maintenance Required,Available,8
6893,Fair,Rented,54
6894,Good,Rented,68
6895,Fair,Available,10
6896,Fair,Available,7
6897,Maintenance Required,Rented,31
6898,Maintenance Required,Rented,59
6899,Fair,Maintenance,63
6900,Good,Available,26
6901,Maintenance Required,Rented,35
6902,Maintenance Required,Available,28
6903,Maintenance Required,Rented,76
6904,Fair,Rented,41
6905,Excellent,Available,75
6906,Fair,Available,4
6907,Excellent,Available,34
6908,Fair,Available,69
6909,Good,Rented,27
6910,Maintenance Required,Rented,76
6911,Fair,Available,74
6912,Maintenance Required,Rented,31
6913,Fair,Maintenance,63
6914,Maintenance Required,Maintenance,67
6915,Maintenance Required,Maintenance,78
6916,Maintenance Required,Maintenance,2
6917,Good,Maintenance,55
6918,Fair,Available,11
6919,Good,Available,70
6920,Excellent,Maintenance,75
6921,Excellent,Available,37
6922,Fair,Rented,38
6923,Good,Rented,36
6924,Maintenance Required,Available,7
6925,Fair,Available,47
6926,Good,Rented,44
6927,Maintenance Required,Available,72
6928,Fair,Available,8
6929,Good,Maintenance,59
6930,Fair,Available,61
6931,Fair,Available,59
6932,Good,Maintenance,79
6933,Fair,Rented,16
6934,Good,Rented,1
6935,Good,Maintenance,70
6936,Good,Available,4
6937,Excellent,Available,53
6938,Fair,Maintenance,72
6939,Maintenance Required,Rented,64
6940,Maintenance Required,Available,1
6941,Excellent,Available,4
6942,Good,Maintenance,74
6943,Fair,Rented,23
6944,Maintenance Required,Available,58
6945,Good,Available,51
6946,Maintenance Required,Available,62
6947,Maintenance Required,Available,67
6948,Maintenance Required,Rented,53
6949,Maintenance Required,Available,68
6950,Good,Available,52
6951,Maintenance Required,Available,72
6952,Excellent,Available,69
6953,Good,Available,2
6954,Good,Available,53
6955,Maintenance Required,Available,79
6956,Fair,Rented,4
6957,Fair,Available,51
6958,Maintenance Required,Rented,73
6959,Fair,Available,4
6960,Fair,Available,51
6961,Fair,Maintenance,32
6962,Fair,Available,44
6963,Excellent,Rented,17
6964,Good,Available,49
6965,Excellent,Available,70
6966,Good,Available,23
6967,Good,Maintenance,65
6968,Excellent,Maintenance,2
6969,Excellent,Available,21
6970,Maintenance Required,Available,32
6971,Fair,Available,4
6972,Maintenance Required,Maintenance,52
6973,Excellent,Available,54
6974,Good,Available,11
6975,Excellent,Available,25
6976,Fair,Available,18
6977,Excellent,Available,35
6978,Fair,Maintenance,59
6979,Good,Rented,35
6980,Maintenance Required,Available,55
6981,Maintenance Required,Rented,23
6982,Good,Available,74
6983,Good,Available,29
6984,Fair,Available,56
6985,Excellent,Maintenance,3
6986,Fair,Available,35
6987,Maintenance Required,Rented,58
6988,Maintenance Required,Available,11
6989,Fair,Available,74
6990,Fair,Available,54
6991,Good,Available,2
6992,Fair,Available,69
6993,Good,Available,63
6994,Fair,Available,53
6995,Fair,Rented,28
6996,Fair,Available,48
6997,Excellent,Available,55
6998,Good,Maintenance,8
6999,Maintenance Required,Rented,36
7000,Maintenance Required,Available,23
7001,Excellent,Available,39
7002,Good,Maintenance,78
7003,Excellent,Available,78
7004,Fair,Available,27
7005,Fair,Available,44
7006,Maintenance Required,Available,44
7007,Maintenance Required,Available,69
7008,Excellent,Available,64
7009,Fair,Rented,65
7010,Excellent,Available,43
7011,Excellent,Rented,33
7012,Excellent,Maintenance,35
7013,Excellent,Available,41
7014,Good,Available,69
7015,Fair,Available,7
7016,Maintenance Required,Available,35
7017,Good,Available,10
7018,Excellent,Rented,52
7019,Excellent,Maintenance,14
7020,Maintenance Required,Available,45
7021,Good,Available,57
7022,Excellent,Available,31
7023,Fair,Maintenance,16
7024,Maintenance Required,Available,35
7025,Fair,Available,30
7026,Excellent,Available,17
7027,Excellent,Available,33
7028,Good,Available,75
7029,Fair,Available,14
7030,Maintenance Required,Available,61
7031,Fair,Available,2
7032,Excellent,Available,75
7033,Fair,Available,31
7034,Good,Rented,24
7035,Excellent,Available,19
7036,Fair,Available,47
7037,Good,Maintenance,49
7038,Maintenance Required,Available,39
7039,Fair,Rented,50
7040,Good,Available,70
7041,Good,Maintenance,77
7042,Fair,Available,75
7043,Excellent,Maintenance,10
7044,Excellent,Maintenance,45
7045,Fair,Rented,65
7046,Maintenance Required,Maintenance,71
7047,Excellent,Maintenance,24
7048,Maintenance Required,Available,44
7049,Good,Maintenance,66
7050,Good,Available,58
7051,Maintenance Required,Available,10
7052,Fair,Rented,76
7053,Maintenance Required,Available,3
7054,Maintenance Required,Available,44
7055,Maintenance Required,Rented,41
7056,Good,Available,1
7057,Excellent,Maintenance,58
7058,Maintenance Required,Available,65
7059,Maintenance Required,Available,67
7060,Excellent,Available,7
7061,Maintenance Required,Available,5
7062,Excellent,Available,17
7063,Excellent,Rented,52
7064,Good,Maintenance,37
7065,Maintenance Required,Available,3
7066,Fair,Rented,69
7067,Good,Maintenance,64
7068,Excellent,Available,22
7069,Fair,Available,39
7070,Maintenance Required,Available,2
7071,Maintenance Required,Available,13
7072,Excellent,Available,70
7073,Good,Available,9
7074,Maintenance Required,Rented,26
7075,Excellent,Rented,24
7076,Fair,Available,80
7077,Excellent,Rented,56
7078,Maintenance Required,Available,54
7079,Excellent,Available,62
7080,Good,Available,63
7081,Maintenance Required,Available,24
7082,Fair,Available,54
7083,Good,Available,4
7084,Excellent,Available,25
7085,Maintenance Required,Available,10
7086,Good,Available,68
7087,Fair,Available,12
7088,Excellent,Available,73
7089,Fair,Available,64
7090,Maintenance Required,Available,50
7091,Excellent,Maintenance,27
7092,Excellent,Available,49
7093,Good,Available,19
7094,Maintenance Required,Available,51
7095,Good,Available,28
7096,Fair,Available,49
7097,Excellent,Available,61
7098,Excellent,Rented,49
7099,Maintenance Required,Rented,8
7100,Maintenance Required,Rented,31
7101,Good,Available,68
7102,Excellent,Maintenance,33
7103,Excellent,Available,16
7104,Good,Maintenance,59
7105,Fair,Rented,4
7106,Excellent,Available,80
7107,Maintenance Required,Available,13
7108,Maintenance Required,Available,45
7109,Maintenance Required,Available,60
7110,Fair,Rented,70
7111,Maintenance Required,Maintenance,47
7112,Good,Available,3
7113,Maintenance Required,Available,52
7114,Fair,Rented,76
7115,Excellent,Available,78
7116,Good,Rented,75
7117,Fair,Maintenance,68
7118,Fair,Available,52
7119,Excellent,Maintenance,28
7120,Fair,Available,1
7121,Good,Available,28
7122,Excellent,Available,28
7123,Good,Available,79
7124,Excellent,Available,60
7125,Good,Rented,4
7126,Fair,Available,60
7127,Maintenance Required,Available,34
7128,Maintenance Required,Available,26
7129,Maintenance Required,Available,12
7130,Good,Available,68
7131,Excellent,Rented,11
7132,Good,Available,19
7133,Fair,Maintenance,25
7134,Excellent,Rented,21
7135,Maintenance Required,Available,23
7136,Excellent,Maintenance,32
7137,Fair,Maintenance,7
7138,Maintenance Required,Available,2
7139,Good,Available,14
7140,Excellent,Available,65
7141,Good,Available,39
7142,Fair,Rented,51
7143,Good,Available,62
7144,Good,Rented,13
7145,Maintenance Required,Maintenance,14
7146,Excellent,Maintenance,14
7147,Excellent,Rented,68
7148,Maintenance Required,Available,54
7149,Good,Available,48
7150,Good,Rented,43
7151,Good,Rented,62
7152,Excellent,Available,15
7153,Excellent,Rented,58
7154,Maintenance Required,Maintenance,69
7155,Fair,Rented,56
7156,Excellent,Available,40
7157,Good,Available,61
7158,Fair,Rented,78
7159,Fair,Available,71
7160,Fair,Available,60
7161,Good,Available,44
7162,Maintenance Required,Rented,59
7163,Maintenance Required,Rented,69
7164,Fair,Available,29
7165,Maintenance Required,Available,50
7166,Good,Available,29
7167,Excellent,Available,62
7168,Excellent,Maintenance,34
7169,Excellent,Rented,46
7170,Fair,Available,10
7171,Maintenance Required,Available,80
7172,Good,Available,19
7173,Maintenance Required,Rented,40
7174,Fair,Maintenance,20
7175,Excellent,Available,54
7176,Fair,Available,47
7177,Fair,Available,30
7178,Good,Maintenance,51
7179,Maintenance Required,Available,3
7180,Excellent,Available,71
7181,Maintenance Required,Available,53
7182,Excellent,Maintenance,25
7183,Excellent,Available,69
7184,Good,Available,11
7185,Fair,Maintenance,26
7186,Maintenance Required,Available,27
7187,Maintenance Required,Maintenance,42
7188,Maintenance Required,Rented,8
7189,Good,Available,79
7190,Good,Available,63
7191,Excellent,Rented,34
7192,Maintenance Required,Available,60
7193,Maintenance Required,Available,13
7194,Excellent,Maintenance,31
7195,Fair,Rented,53
7196,Good,Maintenance,39
7197,Good,Rented,26
7198,Good,Available,68
7199,Maintenance Required,Available,67
7200,Good,Maintenance,78
7201,Excellent,Rented,43
7202,Excellent,Maintenance,22
7203,Fair,Available,40
7204,Good,Rented,68
7205,Maintenance Required,Rented,18
7206,Good,Available,27
7207,Fair,Maintenance,24
7208,Good,Maintenance,13
7209,Maintenance Required,Rented,60
7210,Fair,Available,29
7211,Excellent,Maintenance,33
7212,Fair,Available,57
7213,Maintenance Required,Available,60
7214,Good,Available,24
7215,Maintenance Required,Maintenance,52
7216,Excellent,Rented,43
7217,Good,Available,76
7218,Fair,Available,62
7219,Excellent,Available,60
7220,Good,Maintenance,48
7221,Fair,Available,39
7222,Excellent,Available,59
7223,Excellent,Available,1
7224,Fair,Available,57
7225,Excellent,Rented,68
7226,Maintenance Required,Available,54
7227,Maintenance Required,Maintenance,69
7228,Excellent,Available,39
7229,Good,Available,70
7230,Maintenance Required,Rented,23
7231,Maintenance Required,Maintenance,6
7232,Good,Available,31
7233,Fair,Maintenance,78
7234,Good,Available,23
7235,Good,Available,47
7236,Excellent,Rented,70
7237,Good,Available,2
7238,Fair,Available,32
7239,Maintenance Required,Available,63
7240,Maintenance Required,Available,40
7241,Excellent,Available,34
7242,Excellent,Available,75
7243,Fair,Rented,13
7244,Excellent,Available,29
7245,Good,Available,74
7246,Fair,Available,67
7247,Excellent,Available,72
7248,Maintenance Required,Rented,18
7249,Good,Rented,10
7250,Excellent,Available,63
7251,Fair,Available,50
7252,Excellent,Maintenance,78
7253,Maintenance Required,Available,13
7254,Maintenance Required,Maintenance,35
7255,Excellent,Maintenance,33
7256,Good,Available,1
7257,Good,Available,69
7258,Excellent,Rented,73
7259,Excellent,Maintenance,34
7260,Maintenance Required,Available,80
7261,Fair,Available,72
7262,Good,Rented,20
7263,Fair,Available,54
7264,Maintenance Required,Available,17
7265,Maintenance Required,Available,72
7266,Excellent,Available,68
7267,Maintenance Required,Available,31
7268,Good,Rented,54
7269,Excellent,Maintenance,6
7270,Fair,Maintenance,2
7271,Excellent,Available,70
7272,Excellent,Available,68
7273,Excellent,Available,32
7274,Good,Rented,43
7275,Good,Maintenance,69
7276,Maintenance Required,Available,51
7277,Excellent,Available,20
7278,Maintenance Required,Available,2
7279,Excellent,Rented,8
7280,Good,Available,74
7281,Maintenance Required,Rented,27
7282,Good,Available,51
7283,Fair,Available,47
7284,Excellent,Maintenance,45
7285,Excellent,Rented,72
7286,Good,Rented,1
7287,Good,Maintenance,18
7288,Good,Maintenance,40
7289,Good,Available,53
7290,Good,Available,69
7291,Good,Rented,75
7292,Maintenance Required,Available,26
7293,Fair,Available,79
7294,Excellent,Available,78
7295,Good,Available,79
7296,Fair,Available,31
7297,Fair,Rented,68
7298,Good,Available,20
7299,Good,Maintenance,52
7300,Excellent,Rented,78
7301,Excellent,Available,11
7302,Maintenance Required,Available,42
7303,Excellent,Available,27
7304,Maintenance Required,Available,76
7305,Excellent,Maintenance,35
7306,Excellent,Rented,39
7307,Fair,Available,60
7308,Good,Rented,6
7309,Excellent,Available,77
7310,Fair,Maintenance,43
7311,Excellent,Maintenance,11
7312,Excellent,Rented,79
7313,Fair,Available,21
7314,Fair,Maintenance,67
7315,Fair,Maintenance,62
7316,Excellent,Available,33
7317,Good,Rented,74
7318,Maintenance Required,Available,24
7319,Excellent,Rented,70
7320,Excellent,Available,24
7321,Excellent,Available,72
7322,Excellent,Available,59
7323,Maintenance Required,Available,73
7324,Fair,Rented,27
7325,Good,Maintenance,42
7326,Fair,Available,17
7327,Maintenance Required,Maintenance,48
7328,Fair,Rented,4
7329,Excellent,Available,77
7330,Fair,Maintenance,14
7331,Good,Available,15
7332,Good,Available,49
7333,Fair,Maintenance,24
7334,Maintenance Required,Available,37
7335,Good,Available,1
7336,Excellent,Rented,15
7337,Good,Available,58
7338,Maintenance Required,Available,35
7339,Fair,Rented,80
7340,Good,Available,63
7341,Maintenance Required,Rented,69
7342,Maintenance Required,Rented,37
7343,Excellent,Maintenance,32
7344,Fair,Rented,28
7345,Excellent,Maintenance,17
7346,Excellent,Available,13
7347,Good,Available,54
7348,Fair,Available,59
7349,Excellent,Available,65
7350,Excellent,Available,18
7351,Good,Available,21
7352,Maintenance Required,Available,41
7353,Good,Available,59
7354,Good,Maintenance,56
7355,Maintenance Required,Available,62
7356,Fair,Available,58
7357,Good,Available,45
7358,Maintenance Required,Maintenance,66
7359,Maintenance Required,Maintenance,42
7360,Excellent,Rented,47
7361,Fair,Maintenance,50
7362,Good,Rented,62
7363,Maintenance Required,Available,40
7364,Excellent,Available,29
7365,Good,Available,7
7366,Fair,Rented,46
7367,Fair,Available,34
7368,Fair,Rented,31
7369,Fair,Available,80
7370,Fair,Maintenance,75
7371,Fair,Rented,37
7372,Fair,Available,1
7373,Fair,Available,40
7374,Maintenance Required,Available,43
7375,Maintenance Required,Available,26
7376,Fair,Available,55
7377,Excellent,Maintenance,9
7378,Excellent,Available,51
7379,Maintenance Required,Available,69
7380,Fair,Available,79
7381,Fair,Available,73
7382,Excellent,Available,23
7383,Good,Available,32
7384,Maintenance Required,Rented,10
7385,Excellent,Maintenance,12
7386,Excellent,Rented,1
7387,Maintenance Required,Available,57
7388,Maintenance Required,Available,25
7389,Excellent,Maintenance,34
7390,Fair,Maintenance,67
7391,Maintenance Required,Available,20
7392,Good,Rented,34
7393,Fair,Rented,74
7394,Good,Available,33
7395,Maintenance Required,Maintenance,62
7396,Good,Maintenance,69
7397,Excellent,Rented,54
7398,Maintenance Required,Rented,12
7399,Fair,Available,50
7400,Excellent,Maintenance,68
7401,Good,Available,38
7402,Maintenance Required,Available,80
7403,Excellent,Rented,21
7404,Excellent,Available,73
7405,Good,Available,42
7406,Maintenance Required,Available,18
7407,Fair,Rented,48
7408,Excellent,Available,39
7409,Fair,Available,69
7410,Fair,Maintenance,80
7411,Maintenance Required,Maintenance,57
7412,Fair,Maintenance,42
7413,Good,Rented,13
7414,Excellent,Available,67
7415,Maintenance Required,Maintenance,5
7416,Maintenance Required,Available,31
7417,Good,Available,14
7418,Fair,Available,75
7419,Good,Available,22
7420,Good,Available,42
7421,Fair,Maintenance,23
7422,Good,Available,8
7423,Fair,Rented,45
7424,Excellent,Rented,10
7425,Maintenance Required,Available,23
7426,Fair,Available,27
7427,Good,Maintenance,37
7428,Good,Available,53
7429,Excellent,Available,64
7430,Excellent,Rented,27
7431,Excellent,Available,33
7432,Excellent,Available,68
7433,Excellent,Rented,49
7434,Good,Available,50
7435,Good,Available,36
7436,Maintenance Required,Available,36
7437,Maintenance Required,Available,24
7438,Fair,Rented,32
7439,Excellent,Rented,36
7440,Maintenance Required,Available,23
7441,Fair,Available,22
7442,Fair,Available,13
7443,Good,Available,35
7444,Maintenance Required,Available,13
7445,Maintenance Required,Maintenance,26
7446,Excellent,Available,47
7447,Fair,Available,40
7448,Excellent,Available,50
7449,Fair,Available,32
7450,Good,Available,61
7451,Excellent,Available,33
7452,Good,Available,47
7453,Excellent,Available,52
7454,Excellent,Available,29
7455,Fair,Maintenance,35
7456,Good,Rented,78
7457,Good,Available,47
7458,Excellent,Maintenance,35
7459,Excellent,Available,63
7460,Good,Available,54
7461,Fair,Available,43
7462,Good,Maintenance,52
7463,Excellent,Maintenance,48
7464,Fair,Available,20
7465,Maintenance Required,Available,79
7466,Maintenance Required,Maintenance,68
7467,Excellent,Available,72
7468,Fair,Rented,45
7469,Good,Maintenance,27
7470,Maintenance Required,Maintenance,1
7471,Maintenance Required,Rented,17
7472,Fair,Available,1
7473,Fair,Rented,39
7474,Excellent,Available,48
7475,Fair,Available,59
7476,Maintenance Required,Rented,43
7477,Fair,Maintenance,45
7478,Excellent,Rented,77
7479,Maintenance Required,Maintenance,42
7480,Good,Available,64
7481,Good,Available,26
7482,Excellent,Available,24
7483,Excellent,Available,31
7484,Good,Available,52
7485,Excellent,Available,74
7486,Maintenance Required,Available,55
7487,Maintenance Required,Available,32
7488,Excellent,Available,44
7489,Good,Available,39
7490,Maintenance Required,Available,20
7491,Good,Available,18
7492,Maintenance Required,Available,21
7493,Excellent,Available,35
7494,Fair,Available,37
7495,Good,Available,18
7496,Good,Available,77
7497,Good,Available,37
7498,Good,Available,20
7499,Excellent,Available,8
7500,Good,Available,13
7501,Good,Maintenance,58
7502,Fair,Available,21
7503,Excellent,Maintenance,43
7504,Excellent,Available,63
7505,Good,Available,43
7506,Fair,Rented,78
7507,Maintenance Required,Rented,15
7508,Fair,Maintenance,24
7509,Maintenance Required,Rented,36
7510,Fair,Available,49
7511,Maintenance Required,Rented,69
7512,Fair,Available,75
7513,Excellent,Available,49
7514,Good,Available,1
7515,Excellent,Maintenance,60
7516,Maintenance Required,Available,7
7517,Maintenance Required,Available,31
7518,Maintenance Required,Available,17
7519,Fair,Rented,16
7520,Good,Rented,61
7521,Maintenance Required,Available,9
7522,Good,Maintenance,55
7523,Fair,Available,19
7524,Maintenance Required,Rented,77
7525,Good,Maintenance,59
7526,Fair,Available,24
7527,Good,Available,65
7528,Maintenance Required,Available,36
7529,Good,Available,77
7530,Good,Maintenance,24
7531,Good,Maintenance,29
7532,Good,Maintenance,11
7533,Good,Available,42
7534,Fair,Maintenance,28
7535,Maintenance Required,Available,4
7536,Excellent,Maintenance,63
7537,Excellent,Available,38
7538,Fair,Available,36
7539,Fair,Available,22
7540,Good,Maintenance,21
7541,Fair,Available,20
7542,Maintenance Required,Available,50
7543,Good,Maintenance,67
7544,Fair,Available,30
7545,Maintenance Required,Available,36
7546,Good,Available,79
7547,Fair,Available,59
7548,Good,Available,46
7549,Good,Available,71
7550,Maintenance Required,Maintenance,67
7551,Fair,Maintenance,75
7552,Excellent,Available,11
7553,Excellent,Maintenance,32
7554,Fair,Maintenance,35
7555,Fair,Maintenance,62
7556,Excellent,Maintenance,45
7557,Fair,Rented,24
7558,Good,Available,17
7559,Excellent,Available,25
7560,Excellent,Maintenance,62
7561,Excellent,Maintenance,54
7562,Fair,Maintenance,56
7563,Maintenance Required,Rented,39
7564,Maintenance Required,Available,37
7565,Excellent,Available,22
7566,Good,Available,71
7567,Fair,Available,49
7568,Maintenance Required,Maintenance,72
7569,Good,Rented,18
7570,Good,Available,1
7571,Fair,Available,17
7572,Excellent,Available,14
7573,Fair,Rented,48
7574,Fair,Available,23
7575,Maintenance Required,Rented,19
7576,Maintenance Required,Maintenance,58
7577,Fair,Available,4
7578,Maintenance Required,Available,41
7579,Excellent,Available,62
7580,Maintenance Required,Available,26
7581,Fair,Available,22
7582,Good,Available,26
7583,Fair,Available,56
7584,Good,Rented,29
7585,Fair,Available,9
7586,Excellent,Available,39
7587,Excellent,Available,62
7588,Fair,Available,20
7589,Excellent,Maintenance,16
7590,Fair,Rented,9
7591,Good,Available,69
7592,Fair,Available,80
7593,Good,Available,10
7594,Good,Rented,47
7595,Maintenance Required,Available,36
7596,Maintenance Required,Available,57
7597,Maintenance Required,Rented,56
7598,Fair,Available,38
7599,Maintenance Required,Available,65
7600,Maintenance Required,Available,5
7601,Excellent,Available,59
7602,Excellent,Available,9
7603,Fair,Available,18
7604,Excellent,Available,68
7605,Fair,Available,51
7606,Excellent,Maintenance,14
7607,Fair,Maintenance,62
7608,Excellent,Available,3
7609,Excellent,Available,33
7610,Maintenance Required,Available,8
7611,Excellent,Available,25
7612,Good,Available,73
7613,Good,Available,37
7614,Fair,Available,54
7615,Excellent,Available,34
7616,Excellent,Rented,10
7617,Fair,Available,6
7618,Excellent,Available,10
7619,Excellent,Available,48
7620,Fair,Maintenance,12
7621,Maintenance Required,Maintenance,66
7622,Excellent,Rented,41
7623,Excellent,Rented,54
7624,Fair,Available,57
7625,Excellent,Available,35
7626,Good,Available,67
7627,Fair,Rented,10
7628,Fair,Available,3
7629,Good,Rented,35
7630,Excellent,Available,61
7631,Fair,Available,9
7632,Maintenance Required,Available,70
7633,Fair,Available,14
7634,Excellent,Rented,16
7635,Maintenance Required,Available,23
7636,Good,Available,33
7637,Good,Available,79
7638,Excellent,Rented,15
7639,Maintenance Required,Available,14
7640,Fair,Rented,2
7641,Fair,Available,24
7642,Excellent,Available,28
7643,Good,Rented,64
7644,Good,Available,10
7645,Maintenance Required,Available,1
7646,Excellent,Maintenance,42
7647,Fair,Available,40
7648,Excellent,Maintenance,39
7649,Maintenance Required,Available,67
7650,Maintenance Required,Maintenance,79
7651,Fair,Available,17
7652,Maintenance Required,Available,31
7653,Excellent,Maintenance,13
7654,Good,Available,79
7655,Excellent,Available,76
7656,Excellent,Maintenance,8
7657,Excellent,Available,79
7658,Maintenance Required,Available,80
7659,Good,Available,76
7660,Maintenance Required,Available,67
7661,Fair,Maintenance,10
7662,Good,Available,33
7663,Good,Available,34
7664,Excellent,Available,43
7665,Maintenance Required,Available,52
7666,Maintenance Required,Available,23
7667,Maintenance Required,Maintenance,69
7668,Maintenance Required,Available,51
7669,Excellent,Available,71
7670,Fair,Available,5
7671,Good,Rented,22
7672,Fair,Available,19
7673,Maintenance Required,Rented,3
7674,Maintenance Required,Maintenance,61
7675,Good,Rented,67
7676,Maintenance Required,Maintenance,59
7677,Excellent,Rented,9
7678,Good,Available,1
7679,Good,Available,7
7680,Good,Available,11
7681,Fair,Rented,13
7682,Good,Available,74
7683,Good,Available,72
7684,Maintenance Required,Available,56
7685,Good,Available,50
7686,Maintenance Required,Available,11
7687,Fair,Available,76
7688,Maintenance Required,Rented,18
7689,Maintenance Required,Maintenance,8
7690,Excellent,Available,55
7691,Fair,Available,3
7692,Excellent,Maintenance,31
7693,Maintenance Required,Rented,24
7694,Good,Rented,62
7695,Maintenance Required,Available,3
7696,Good,Maintenance,27
7697,Fair,Available,77
7698,Maintenance Required,Rented,51
7699,Maintenance Required,Available,64
7700,Fair,Available,44
7701,Excellent,Available,68
7702,Excellent,Maintenance,44
7703,Good,Available,7
7704,Good,Available,54
7705,Excellent,Available,7
7706,Maintenance Required,Available,48
7707,Excellent,Maintenance,40
7708,Fair,Available,74
7709,Fair,Available,17
7710,Excellent,Rented,54
7711,Fair,Available,7
7712,Excellent,Rented,24
7713,Excellent,Maintenance,52
7714,Excellent,Available,16
7715,Good,Rented,79
7716,Fair,Maintenance,64
7717,Good,Available,2
7718,Maintenance Required,Rented,12
7719,Excellent,Available,36
7720,Maintenance Required,Rented,62
7721,Fair,Available,43
7722,Fair,Available,6
7723,Fair,Available,64
7724,Fair,Rented,14
7725,Good,Available,46
7726,Fair,Available,80
7727,Good,Maintenance,69
7728,Excellent,Available,51
7729,Excellent,Available,75
7730,Maintenance Required,Available,55
7731,Maintenance Required,Rented,72
7732,Maintenance Required,Rented,47
7733,Good,Available,48
7734,Fair,Available,10
7735,Maintenance Required,Available,34
7736,Good,Rented,26
7737,Excellent,Available,1
7738,Maintenance Required,Maintenance,8
7739,Excellent,Available,6
7740,Excellent,Available,64
7741,Excellent,Available,15
7742,Excellent,Maintenance,19
7743,Good,Available,20
7744,Maintenance Required,Available,13
7745,Excellent,Maintenance,77
7746,Fair,Rented,60
7747,Fair,Available,67
7748,Maintenance Required,Available,52
7749,Excellent,Rented,73
7750,Fair,Available,51
7751,Excellent,Available,35
7752,Fair,Rented,29
7753,Maintenance Required,Available,10
7754,Good,Rented,17
7755,Good,Rented,57
7756,Excellent,Available,14
7757,Excellent,Available,35
7758,Excellent,Available,49
7759,Fair,Rented,67
7760,Fair,Maintenance,46
7761,Excellent,Maintenance,19
7762,Fair,Rented,76
7763,Maintenance Required,Available,70
7764,Good,Available,80
7765,Maintenance Required,Available,75
7766,Good,Maintenance,46
7767,Excellent,Available,9
7768,Fair,Maintenance,30
7769,Maintenance Required,Available,57
7770,Fair,Available,39
7771,Good,Rented,29
7772,Maintenance Required,Available,30
7773,Excellent,Maintenance,80
7774,Maintenance Required,Available,43
7775,Maintenance Required,Maintenance,29
7776,Maintenance Required,Rented,40
7777,Excellent,Maintenance,28
7778,Fair,Available,28
7779,Excellent,Available,74
7780,Fair,Maintenance,21
7781,Maintenance Required,Maintenance,22
7782,Good,Available,44
7783,Maintenance Required,Available,38
7784,Excellent,Available,41
7785,Maintenance Required,Rented,15
7786,Excellent,Maintenance,52
7787,Maintenance Required,Available,78
7788,Excellent,Rented,12
7789,Fair,Maintenance,55
7790,Maintenance Required,Maintenance,80
7791,Fair,Available,21
7792,Maintenance Required,Available,48
7793,Good,Maintenance,71
7794,Fair,Available,28
7795,Fair,Available,6
7796,Excellent,Available,44
7797,Maintenance Required,Available,74
7798,Good,Available,68
7799,Maintenance Required,Maintenance,49
7800,Excellent,Available,3
7801,Maintenance Required,Available,38
7802,Maintenance Required,Available,18
7803,Good,Maintenance,29
7804,Excellent,Available,29
7805,Excellent,Rented,26
7806,Maintenance Required,Maintenance,3
7807,Excellent,Available,14
7808,Maintenance Required,Maintenance,68
7809,Excellent,Available,55
7810,Excellent,Maintenance,46
7811,Good,Available,29
7812,Excellent,Available,41
7813,Good,Maintenance,78
7814,Fair,Available,33
7815,Good,Available,12
7816,Excellent,Available,64
7817,Fair,Available,63
7818,Excellent,Rented,45
7819,Good,Maintenance,40
7820,Excellent,Available,18
7821,Fair,Available,77
7822,Maintenance Required,Maintenance,8
7823,Maintenance Required,Rented,55
7824,Fair,Available,43
7825,Fair,Available,5
7826,Maintenance Required,Rented,41
7827,Good,Rented,8
7828,Good,Available,58
7829,Excellent,Available,50
7830,Fair,Rented,24
7831,Excellent,Available,36
7832,Maintenance Required,Available,12
7833,Fair,Rented,20
7834,Excellent,Available,54
7835,Good,Available,66
7836,Maintenance Required,Available,31
7837,Fair,Available,70
7838,Good,Rented,57
7839,Maintenance Required,Rented,47
7840,Excellent,Rented,26
7841,Fair,Rented,9
7842,Excellent,Rented,4
7843,Excellent,Maintenance,33
7844,Fair,Available,49
7845,Excellent,Maintenance,8
7846,Fair,Rented,20
7847,Good,Available,66
7848,Maintenance Required,Available,77
7849,Good,Maintenance,58
7850,Maintenance Required,Rented,61
7851,Fair,Available,49
7852,Good,Available,1
7853,Maintenance Required,Available,39
7854,Fair,Available,37
7855,Maintenance Required,Available,25
7856,Good,Maintenance,1
7857,Maintenance Required,Available,21
7858,Fair,Available,56
7859,Good,Rented,73
7860,Fair,Rented,62
7861,Maintenance Required,Available,23
7862,Fair,Available,33
7863,Good,Available,2
7864,Good,Maintenance,75
7865,Fair,Maintenance,58
7866,Fair,Available,46
7867,Fair,Available,52
7868,Excellent,Maintenance,24
7869,Maintenance Required,Available,34
7870,Fair,Available,43
7871,Maintenance Required,Available,64
7872,Good,Maintenance,65
7873,Excellent,Maintenance,2
7874,Maintenance Required,Maintenance,60
7875,Maintenance Required,Available,22
7876,Good,Maintenance,35
7877,Fair,Available,70
7878,Maintenance Required,Available,67
7879,Good,Available,46
7880,Good,Available,35
7881,Maintenance Required,Available,17
7882,Fair,Available,71
7883,Good,Available,35
7884,Good,Maintenance,8
7885,Excellent,Available,34
7886,Maintenance Required,Maintenance,55
7887,Excellent,Maintenance,72
7888,Maintenance Required,Available,58
7889,Good,Rented,33
7890,Fair,Rented,22
7891,Excellent,Available,60
7892,Maintenance Required,Maintenance,45
7893,Good,Rented,59
7894,Excellent,Available,69
7895,Excellent,Rented,53
7896,Excellent,Rented,21
7897,Maintenance Required,Rented,28
7898,Good,Maintenance,11
7899,Good,Available,64
7900,Excellent,Available,38
7901,Excellent,Rented,10
7902,Maintenance Required,Available,55
7903,Good,Available,55
7904,Maintenance Required,Rented,51
7905,Good,Available,51
7906,Good,Available,65
7907,Maintenance Required,Maintenance,40
7908,Good,Available,24
7909,Maintenance Required,Maintenance,64
7910,Maintenance Required,Available,55
7911,Excellent,Rented,59
7912,Excellent,Available,57
7913,Fair,Rented,67
7914,Good,Available,79
7915,Fair,Available,59
7916,Fair,Available,25
7917,Excellent,Available,77
7918,Good,Available,80
7919,Good,Rented,9
7920,Fair,Available,31
7921,Good,Available,35
7922,Excellent,Available,62
7923,Fair,Maintenance,45
7924,Good,Available,24
7925,Excellent,Maintenance,72
7926,Excellent,Rented,43
7927,Excellent,Rented,12
7928,Maintenance Required,Rented,4
7929,Maintenance Required,Maintenance,61
7930,Excellent,Available,26
7931,Maintenance Required,Available,13
7932,Good,Maintenance,41
7933,Good,Rented,26
7934,Good,Available,38
7935,Excellent,Available,42
7936,Good,Available,47
7937,Excellent,Available,23
7938,Good,Available,13
7939,Maintenance Required,Rented,39
7940,Excellent,Available,42
7941,Fair,Maintenance,75
7942,Maintenance Required,Available,58
7943,Excellent,Rented,30
7944,Fair,Rented,1
7945,Good,Available,69
7946,Good,Available,71
7947,Excellent,Available,6
7948,Fair,Available,28
7949,Maintenance Required,Available,48
7950,Maintenance Required,Maintenance,51
7951,Good,Rented,66
7952,Maintenance Required,Available,65
7953,Fair,Available,54
7954,Excellent,Available,40
7955,Good,Available,52
7956,Maintenance Required,Available,53
7957,Good,Available,73
7958,Excellent,Available,49
7959,Fair,Available,18
7960,Good,Available,79
7961,Good,Available,12
7962,Fair,Available,58
7963,Excellent,Rented,44
7964,Maintenance Required,Maintenance,78
7965,Excellent,Maintenance,22
7966,Good,Maintenance,75
7967,Good,Available,62
7968,Good,Available,13
7969,Good,Maintenance,28
7970,Good,Maintenance,79
7971,Excellent,Available,77
7972,Excellent,Available,48
7973,Fair,Available,80
7974,Maintenance Required,Available,63
7975,Excellent,Rented,56
7976,Excellent,Available,66
7977,Fair,Available,5
7978,Fair,Available,1
7979,Excellent,Available,54
7980,Excellent,Available,26
7981,Good,Rented,28
7982,Fair,Rented,1
7983,Good,Available,34
7984,Excellent,Available,14
7985,Fair,Maintenance,45
7986,Good,Maintenance,43
7987,Maintenance Required,Maintenance,11
7988,Maintenance Required,Maintenance,14
7989,Excellent,Available,7
7990,Fair,Available,49
7991,Maintenance Required,Available,63
7992,Good,Available,73
7993,Fair,Maintenance,48
7994,Maintenance Required,Available,27
7995,Excellent,Available,73
7996,Excellent,Available,54
7997,Fair,Available,11
7998,Excellent,Maintenance,54
7999,Fair,Available,50
8000,Fair,Available,78
8001,Fair,Maintenance,26
8002,Good,Available,64
8003,Excellent,Maintenance,8
8004,Excellent,Available,53
8005,Good,Available,48
8006,Excellent,Available,26
8007,Good,Available,29
8008,Good,Available,56
8009,Excellent,Available,72
8010,Maintenance Required,Available,77
8011,Maintenance Required,Available,34
8012,Fair,Available,71
8013,Excellent,Rented,46
8014,Good,Available,73
8015,Excellent,Available,37
8016,Fair,Available,58
8017,Good,Available,11
8018,Excellent,Available,26
8019,Excellent,Rented,31
8020,Maintenance Required,Rented,52
8021,Fair,Available,4
8022,Fair,Maintenance,10
8023,Excellent,Available,49
8024,Fair,Available,25
8025,Excellent,Available,76
8026,Good,Available,66
8027,Fair,Rented,70
8028,Good,Maintenance,66
8029,Excellent,Available,70
8030,Excellent,Available,62
8031,Maintenance Required,Available,58
8032,Good,Available,11
8033,Maintenance Required,Maintenance,48
8034,Fair,Available,40
8035,Maintenance Required,Available,8
8036,Maintenance Required,Maintenance,67
8037,Good,Available,10
8038,Fair,Available,3
8039,Excellent,Available,36
8040,Excellent,Maintenance,8
8041,Good,Rented,13
8042,Maintenance Required,Available,10
8043,Excellent,Available,1
8044,Fair,Available,66
8045,Good,Available,14
8046,Excellent,Available,33
8047,Fair,Available,75
8048,Fair,Available,22
8049,Maintenance Required,Available,32
8050,Fair,Rented,42
8051,Fair,Available,11
8052,Good,Maintenance,13
8053,Maintenance Required,Available,70
8054,Excellent,Maintenance,9
8055,Good,Available,25
8056,Good,Maintenance,43
8057,Excellent,Rented,33
8058,Excellent,Available,56
8059,Fair,Maintenance,13
8060,Good,Available,30
8061,Maintenance Required,Available,5
8062,Maintenance Required,Available,18
8063,Excellent,Rented,17
8064,Fair,Maintenance,53
8065,Excellent,Available,12
8066,Excellent,Available,10
8067,Good,Available,27
8068,Maintenance Required,Rented,16
8069,Maintenance Required,Available,75
8070,Maintenance Required,Rented,48
8071,Good,Available,32
8072,Good,Rented,71
8073,Fair,Available,65
8074,Good,Available,38
8075,Maintenance Required,Available,37
8076,Excellent,Rented,23
8077,Excellent,Available,34
8078,Excellent,Available,26
8079,Fair,Available,79
8080,Fair,Available,79
8081,Excellent,Rented,68
8082,Good,Rented,70
8083,Fair,Rented,20
8084,Good,Available,63
8085,Maintenance Required,Available,4
8086,Fair,Available,60
8087,Fair,Maintenance,7
8088,Fair,Rented,11
8089,Excellent,Available,74
8090,Fair,Available,44
8091,Fair,Maintenance,71
8092,Fair,Available,46
8093,Maintenance Required,Available,80
8094,Fair,Available,32
8095,Excellent,Rented,18
8096,Good,Maintenance,26
8097,Good,Available,40
8098,Maintenance Required,Available,68
8099,Excellent,Available,73
8100,Good,Maintenance,3
8101,Maintenance Required,Available,10
8102,Fair,Available,50
8103,Fair,Available,32
8104,Fair,Available,5
8105,Excellent,Available,63
8106,Fair,Available,14
8107,Good,Available,49
8108,Excellent,Available,30
8109,Good,Available,8
8110,Good,Available,9
8111,Excellent,Available,2
8112,Excellent,Available,27
8113,Fair,Available,55
8114,Excellent,Available,24
8115,Maintenance Required,Rented,32
8116,Excellent,Available,65
8117,Good,Available,43
8118,Maintenance Required,Available,62
8119,Maintenance Required,Available,17
8120,Maintenance Required,Rented,40
8121,Maintenance Required,Maintenance,80
8122,Maintenance Required,Available,75
8123,Maintenance Required,Maintenance,45
8124,Fair,Available,56
8125,Good,Available,9
8126,Maintenance Required,Rented,2
8127,Maintenance Required,Rented,38
8128,Maintenance Required,Rented,22
8129,Good,Maintenance,25
8130,Excellent,Available,53
8131,Excellent,Available,57
8132,Fair,Rented,79
8133,Excellent,Available,41
8134,Good,Available,24
8135,Excellent,Available,13
8136,Excellent,Available,62
8137,Good,Available,19
8138,Good,Available,73
8139,Good,Maintenance,18
8140,Fair,Available,11
8141,Excellent,Rented,28
8142,Maintenance Required,Rented,10
8143,Maintenance Required,Available,80
8144,Maintenance Required,Maintenance,40
8145,Excellent,Rented,63
8146,Excellent,Maintenance,15
8147,Fair,Available,68
8148,Excellent,Available,15
8149,Maintenance Required,Available,64
8150,Excellent,Available,31
8151,Excellent,Available,64
8152,Maintenance Required,Available,48
8153,Maintenance Required,Available,24
8154,Good,Rented,17
8155,Fair,Available,23
8156,Fair,Rented,66
8157,Good,Rented,75
8158,Fair,Rented,9
8159,Maintenance Required,Available,71
8160,Excellent,Available,4
8161,Excellent,Available,59
8162,Fair,Available,64
8163,Excellent,Available,36
8164,Maintenance Required,Available,20
8165,Fair,Available,66
8166,Fair,Available,36
8167,Good,Rented,57
8168,Maintenance Required,Available,50
8169,Fair,Maintenance,37
8170,Maintenance Required,Available,51
8171,Excellent,Rented,16
8172,Good,Rented,9
8173,Good,Available,57
8174,Maintenance Required,Available,58
8175,Maintenance Required,Rented,76
8176,Fair,Available,67
8177,Maintenance Required,Available,17
8178,Excellent,Maintenance,32
8179,Excellent,Available,67
8180,Maintenance Required,Available,54
8181,Excellent,Available,37
8182,Fair,Available,43
8183,Maintenance Required,Maintenance,44
8184,Excellent,Rented,59
8185,Excellent,Rented,77
8186,Excellent,Available,57
8187,Fair,Available,48
8188,Excellent,Available,4
8189,Good,Available,63
8190,Excellent,Available,34
8191,Good,Available,61
8192,Good,Available,76
8193,Fair,Rented,24
8194,Good,Available,58
8195,Fair,Available,7
8196,Good,Available,44
8197,Maintenance Required,Rented,14
8198,Fair,Rented,37
8199,Good,Rented,42
8200,Good,Available,40
8201,Maintenance Required,Available,28
8202,Good,Available,20
8203,Good,Available,4
8204,Fair,Available,7
8205,Maintenance Required,Available,1
8206,Maintenance Required,Available,74
8207,Good,Rented,59
8208,Good,Available,44
8209,Fair,Maintenance,14
8210,Maintenance Required,Available,60
8211,Maintenance Required,Rented,80
8212,Maintenance Required,Available,30
8213,Excellent,Available,48
8214,Good,Available,74
8215,Fair,Rented,16
8216,Good,Available,80
8217,Fair,Available,8
8218,Fair,Available,55
8219,Maintenance Required,Available,51
8220,Fair,Available,43
8221,Good,Available,45
8222,Fair,Maintenance,51
8223,Excellent,Available,34
8224,Excellent,Available,4
8225,Maintenance Required,Rented,5
8226,Excellent,Available,52
8227,Maintenance Required,Available,8
8228,Good,Available,32
8229,Excellent,Rented,47
8230,Excellent,Maintenance,41
8231,Maintenance Required,Maintenance,49
8232,Maintenance Required,Available,23
8233,Maintenance Required,Available,44
8234,Excellent,Available,30
8235,Fair,Available,28
8236,Excellent,Rented,23
8237,Fair,Available,6
8238,Excellent,Rented,11
8239,Good,Available,59
8240,Maintenance Required,Available,19
8241,Fair,Maintenance,80
8242,Good,Rented,73
8243,Fair,Available,63
8244,Maintenance Required,Available,70
8245,Maintenance Required,Rented,11
8246,Maintenance Required,Available,61
8247,Excellent,Available,65
8248,Excellent,Available,14
8249,Fair,Available,5
8250,Good,Available,75
8251,Good,Available,68
8252,Good,Available,22
8253,Maintenance Required,Available,60
8254,Fair,Available,6
8255,Excellent,Rented,68
8256,Good,Available,31
8257,Maintenance Required,Maintenance,36
8258,Maintenance Required,Available,33
8259,Excellent,Available,36
8260,Excellent,Rented,54
8261,Fair,Available,47
8262,Maintenance Required,Maintenance,17
8263,Good,Maintenance,32
8264,Maintenance Required,Available,74
8265,Excellent,Available,17
8266,Excellent,Rented,49
8267,Excellent,Available,79
8268,Maintenance Required,Available,61
8269,Good,Maintenance,7
8270,Fair,Available,55
8271,Excellent,Maintenance,38
8272,Fair,Available,6
8273,Maintenance Required,Available,63
8274,Maintenance Required,Rented,22
8275,Fair,Available,5
8276,Fair,Rented,27
8277,Good,Rented,22
8278,Fair,Rented,24
8279,Fair,Rented,35
8280,Fair,Maintenance,2
8281,Excellent,Available,46
8282,Excellent,Rented,75
8283,Maintenance Required,Available,41
8284,Good,Rented,23
8285,Excellent,Available,63
8286,Maintenance Required,Maintenance,10
8287,Excellent,Available,44
8288,Good,Rented,45
8289,Excellent,Rented,23
8290,Fair,Available,77
8291,Good,Maintenance,19
8292,Fair,Available,19
8293,Fair,Available,70
8294,Maintenance Required,Available,71
8295,Maintenance Required,Available,62
8296,Maintenance Required,Available,63
8297,Good,Available,63
8298,Fair,Maintenance,34
8299,Good,Rented,67
8300,Excellent,Rented,56
8301,Good,Available,75
8302,Excellent,Maintenance,37
8303,Good,Rented,26
8304,Good,Rented,66
8305,Fair,Maintenance,15
8306,Maintenance Required,Rented,24
8307,Maintenance Required,Rented,67
8308,Excellent,Maintenance,67
8309,Maintenance Required,Maintenance,3
8310,Maintenance Required,Available,48
8311,Excellent,Available,31
8312,Good,Available,7
8313,Fair,Available,63
8314,Good,Rented,79
8315,Fair,Rented,3
8316,Good,Maintenance,1
8317,Good,Available,5
8318,Excellent,Available,58
8319,Excellent,Available,19
8320,Fair,Rented,61
8321,Maintenance Required,Maintenance,23
8322,Good,Available,30
8323,Fair,Maintenance,53
8324,Fair,Available,42
8325,Maintenance Required,Available,64
8326,Good,Available,79
8327,Good,Available,51
8328,Excellent,Rented,40
8329,Excellent,Maintenance,23
8330,Excellent,Rented,45
8331,Excellent,Maintenance,10
8332,Excellent,Maintenance,65
8333,Excellent,Available,69
8334,Good,Available,3
8335,Good,Rented,51
8336,Fair,Available,19
8337,Good,Available,43
8338,Fair,Maintenance,62
8339,Good,Rented,34
8340,Good,Available,63
8341,Good,Available,62
8342,Excellent,Available,19
8343,Good,Available,45
8344,Excellent,Available,41
8345,Good,Available,51
8346,Maintenance Required,Available,73
8347,Excellent,Available,47
8348,Fair,Available,51
8349,Excellent,Maintenance,55
8350,Good,Available,52
8351,Fair,Available,76
8352,Good,Maintenance,29
8353,Maintenance Required,Available,55
8354,Maintenance Required,Available,44
8355,Maintenance Required,Rented,20
8356,Maintenance Required,Available,40
8357,Excellent,Available,12
8358,Excellent,Rented,18
8359,Good,Maintenance,20
8360,Excellent,Maintenance,16
8361,Maintenance Required,Available,34
8362,Excellent,Rented,47
8363,Maintenance Required,Maintenance,28
8364,Fair,Available,66
8365,Maintenance Required,Rented,49
8366,Fair,Maintenance,47
8367,Excellent,Maintenance,80
8368,Maintenance Required,Maintenance,49
8369,Maintenance Required,Available,57
8370,Good,Available,24
8371,Fair,Available,49
8372,Fair,Available,74
8373,Good,Rented,38
8374,Fair,Available,1
8375,Good,Available,33
8376,Excellent,Rented,78
8377,Maintenance Required,Available,20
8378,Maintenance Required,Rented,16
8379,Fair,Available,61
8380,Good,Available,19
8381,Good,Available,13
8382,Excellent,Maintenance,17
8383,Good,Maintenance,62
8384,Excellent,Available,12
8385,Maintenance Required,Available,33
8386,Maintenance Required,Available,14
8387,Excellent,Available,13
8388,Fair,Maintenance,76
8389,Fair,Available,31
8390,Good,Available,65
8391,Maintenance Required,Available,22
8392,Fair,Available,4
8393,Fair,Available,27
8394,Fair,Rented,28
8395,Fair,Available,26
8396,Maintenance Required,Available,9
8397,Excellent,Rented,78
8398,Good,Available,30
8399,Maintenance Required,Available,34
8400,Fair,Available,46
8401,Good,Available,32
8402,Excellent,Rented,39
8403,Good,Available,53
8404,Maintenance Required,Maintenance,5
8405,Fair,Available,18
8406,Excellent,Available,71
8407,Fair,Available,66
8408,Excellent,Maintenance,59
8409,Excellent,Maintenance,54
8410,Excellent,Rented,66
8411,Fair,Available,23
8412,Good,Available,77
8413,Fair,Available,39
8414,Fair,Available,54
8415,Good,Maintenance,26
8416,Excellent,Available,56
8417,Maintenance Required,Available,54
8418,Excellent,Rented,50
8419,Maintenance Required,Available,13
8420,Fair,Available,41
8421,Maintenance Required,Available,29
8422,Good,Rented,62
8423,Excellent,Available,61
8424,Fair,Rented,64
8425,Maintenance Required,Maintenance,1
8426,Good,Available,48
8427,Excellent,Rented,23
8428,Fair,Available,68
8429,Maintenance Required,Available,50
8430,Maintenance Required,Rented,77
8431,Excellent,Available,19
8432,Maintenance Required,Available,12
8433,Good,Available,79
8434,Excellent,Rented,79
8435,Maintenance Required,Available,57
8436,Maintenance Required,Available,72
8437,Fair,Available,63
8438,Good,Available,15
8439,Good,Available,45
8440,Fair,Available,58
8441,Fair,Rented,1
8442,Maintenance Required,Available,14
8443,Good,Maintenance,38
8444,Excellent,Available,35
8445,Maintenance Required,Available,78
8446,Maintenance Required,Available,49
8447,Fair,Rented,37
8448,Excellent,Maintenance,54
8449,Excellent,Available,38
8450,Fair,Available,17
8451,Fair,Rented,79
8452,Maintenance Required,Available,26
8453,Fair,Available,28
8454,Good,Available,21
8455,Good,Available,15
8456,Maintenance Required,Rented,80
8457,Good,Available,66
8458,Fair,Maintenance,26
8459,Excellent,Maintenance,47
8460,Maintenance Required,Rented,60
8461,Fair,Maintenance,32
8462,Good,Available,51
8463,Fair,Available,43
8464,Maintenance Required,Available,63
8465,Maintenance Required,Available,54
8466,Maintenance Required,Available,65
8467,Maintenance Required,Available,10
8468,Fair,Available,56
8469,Fair,Available,44
8470,Fair,Available,25
8471,Maintenance Required,Maintenance,7
8472,Fair,Maintenance,67
8473,Fair,Maintenance,17
8474,Good,Available,53
8475,Maintenance Required,Available,78
8476,Fair,Available,67
8477,Excellent,Rented,36
8478,Good,Maintenance,75
8479,Good,Available,39
8480,Excellent,Available,40
8481,Excellent,Available,21
8482,Fair,Available,33
8483,Maintenance Required,Rented,75
8484,Good,Available,50
8485,Fair,Rented,19
8486,Excellent,Available,34
8487,Fair,Available,3
8488,Maintenance Required,Available,63
8489,Fair,Available,26
8490,Maintenance Required,Rented,60
8491,Excellent,Rented,30
8492,Maintenance Required,Available,57
8493,Excellent,Maintenance,10
8494,Maintenance Required,Available,4
8495,Fair,Available,13
8496,Good,Available,63
8497,Maintenance Required,Available,36
8498,Excellent,Available,47
8499,Excellent,Rented,16
8500,Good,Maintenance,7
8501,Good,Available,20
8502,Good,Available,76
8503,Good,Maintenance,12
8504,Excellent,Available,4
8505,Fair,Available,75
8506,Excellent,Available,9
8507,Fair,Rented,57
8508,Excellent,Available,23
8509,Fair,Available,48
8510,Maintenance Required,Maintenance,31
8511,Excellent,Available,25
8512,Maintenance Required,Available,79
8513,Fair,Available,62
8514,Fair,Available,49
8515,Maintenance Required,Available,18
8516,Good,Available,26
8517,Fair,Rented,72
8518,Excellent,Maintenance,44
8519,Good,Available,6
8520,Good,Available,72
8521,Good,Available,72
8522,Good,Available,12
8523,Maintenance Required,Available,16
8524,Fair,Available,52
8525,Excellent,Available,75
8526,Good,Available,47
8527,Maintenance Required,Rented,16
8528,Good,Available,25
8529,Excellent,Rented,30
8530,Good,Available,15
8531,Good,Available,69
8532,Excellent,Rented,50
8533,Good,Available,25
8534,Maintenance Required,Rented,9
8535,Excellent,Available,67
8536,Excellent,Available,4
8537,Good,Rented,31
8538,Maintenance Required,Available,74
8539,Fair,Rented,18
8540,Fair,Available,78
8541,Maintenance Required,Available,46
8542,Excellent,Available,35
8543,Good,Available,78
8544,Maintenance Required,Available,38
8545,Maintenance Required,Available,67
8546,Maintenance Required,Available,76
8547,Excellent,Available,40
8548,Fair,Maintenance,30
8549,Excellent,Available,19
8550,Maintenance Required,Available,10
8551,Excellent,Available,80
8552,Excellent,Maintenance,42
8553,Excellent,Available,6
8554,Fair,Rented,80
8555,Maintenance Required,Maintenance,18
8556,Fair,Available,31
8557,Excellent,Available,74
8558,Maintenance Required,Available,50
8559,Good,Maintenance,29
8560,Maintenance Required,Rented,24
8561,Good,Available,41
8562,Excellent,Available,70
8563,Maintenance Required,Rented,39
8564,Good,Available,67
8565,Fair,Maintenance,72
8566,Fair,Available,45
8567,Excellent,Available,4
8568,Fair,Available,15
8569,Fair,Maintenance,39
8570,Maintenance Required,Maintenance,40
8571,Excellent,Rented,19
8572,Excellent,Available,35
8573,Maintenance Required,Available,14
8574,Good,Available,25
8575,Maintenance Required,Rented,14
8576,Excellent,Available,43
8577,Fair,Maintenance,45
8578,Good,Maintenance,68
8579,Excellent,Available,10
8580,Excellent,Available,23
8581,Excellent,Available,14
8582,Good,Maintenance,63
8583,Excellent,Available,9
8584,Maintenance Required,Available,77
8585,Fair,Rented,77
8586,Fair,Available,42
8587,Maintenance Required,Available,20
8588,Excellent,Available,60
8589,Maintenance Required,Available,64
8590,Excellent,Available,27
8591,Fair,Available,21
8592,Maintenance Required,Rented,60
8593,Good,Available,56
8594,Maintenance Required,Available,22
8595,Good,Available,54
8596,Good,Available,27
8597,Fair,Maintenance,47
8598,Fair,Rented,23
8599,Maintenance Required,Available,45
8600,Good,Maintenance,9
8601,Excellent,Maintenance,42
8602,Fair,Available,73
8603,Fair,Rented,10
8604,Good,Rented,47
8605,Good,Rented,55
8606,Good,Available,72
8607,Fair,Maintenance,54
8608,Maintenance Required,Available,46
8609,Maintenance Required,Rented,64
8610,Fair,Available,75
8611,Maintenance Required,Available,64
8612,Excellent,Maintenance,42
8613,Fair,Available,53
8614,Maintenance Required,Maintenance,51
8615,Maintenance Required,Available,75
8616,Excellent,Available,44
8617,Excellent,Available,48
8618,Good,Available,79
8619,Maintenance Required,Available,53
8620,Good,Rented,40
8621,Maintenance Required,Maintenance,34
8622,Fair,Available,64
8623,Excellent,Available,70
8624,Maintenance Required,Available,51
8625,Good,Maintenance,50
8626,Fair,Available,24
8627,Excellent,Rented,38
8628,Maintenance Required,Available,19
8629,Good,Available,1
8630,Good,Available,79
8631,Good,Available,43
8632,Good,Maintenance,24
8633,Good,Maintenance,2
8634,Fair,Rented,37
8635,Maintenance Required,Rented,18
8636,Fair,Available,32
8637,Maintenance Required,Available,38
8638,Maintenance Required,Available,76
8639,Excellent,Available,41
8640,Fair,Available,77
8641,Good,Maintenance,48
8642,Good,Available,41
8643,Fair,Maintenance,43
8644,Excellent,Rented,78
8645,Fair,Available,76
8646,Fair,Available,45
8647,Maintenance Required,Available,18
8648,Good,Available,11
8649,Excellent,Available,74
8650,Excellent,Rented,71
8651,Maintenance Required,Available,39
8652,Excellent,Available,9
8653,Maintenance Required,Available,37
8654,Maintenance Required,Available,27
8655,Excellent,Available,73
8656,Excellent,Available,41
8657,Maintenance Required,Available,42
8658,Maintenance Required,Available,80
8659,Excellent,Available,8
8660,Maintenance Required,Available,79
8661,Good,Available,67
8662,Fair,Maintenance,38
8663,Good,Available,35
8664,Fair,Available,3
8665,Fair,Available,3
8666,Good,Maintenance,66
8667,Fair,Available,53
8668,Excellent,Rented,73
8669,Maintenance Required,Available,71
8670,Fair,Available,42
8671,Fair,Available,48
8672,Excellent,Maintenance,43
8673,Good,Rented,7
8674,Maintenance Required,Rented,48
8675,Maintenance Required,Maintenance,1
8676,Excellent,Rented,49
8677,Maintenance Required,Maintenance,12
8678,Excellent,Available,36
8679,Excellent,Available,47
8680,Fair,Maintenance,70
8681,Maintenance Required,Maintenance,27
8682,Fair,Maintenance,41
8683,Good,Rented,47
8684,Excellent,Rented,60
8685,Good,Available,75
8686,Excellent,Available,54
8687,Fair,Maintenance,50
8688,Maintenance Required,Available,4
8689,Good,Rented,68
8690,Excellent,Available,55
8691,Good,Available,2
8692,Excellent,Available,46
8693,Fair,Available,4
8694,Maintenance Required,Maintenance,76
8695,Fair,Rented,15
8696,Fair,Maintenance,27
8697,Good,Maintenance,34
8698,Maintenance Required,Available,45
8699,Maintenance Required,Available,27
8700,Fair,Maintenance,73
8701,Good,Maintenance,11
8702,Maintenance Required,Available,61
8703,Excellent,Available,15
8704,Good,Available,16
8705,Fair,Available,61
8706,Good,Available,27
8707,Good,Available,35
8708,Excellent,Rented,36
8709,Maintenance Required,Available,2
8710,Maintenance Required,Maintenance,19
8711,Maintenance Required,Available,63
8712,Maintenance Required,Maintenance,32
8713,Excellent,Available,6
8714,Good,Available,23
8715,Good,Available,65
8716,Fair,Available,7
8717,Fair,Available,67
8718,Excellent,Maintenance,41
8719,Excellent,Rented,63
8720,Fair,Rented,33
8721,Excellent,Available,15
8722,Fair,Maintenance,19
8723,Excellent,Available,76
8724,Fair,Available,24
8725,Fair,Available,18
8726,Excellent,Available,64
8727,Good,Available,70
8728,Maintenance Required,Rented,31
8729,Good,Available,36
8730,Good,Available,5
8731,Maintenance Required,Maintenance,44
8732,Fair,Available,22
8733,Good,Available,64
8734,Fair,Maintenance,32
8735,Good,Rented,15
8736,Good,Available,65
8737,Excellent,Available,7
8738,Maintenance Required,Maintenance,20
8739,Fair,Available,54
8740,Good,Available,52
8741,Maintenance Required,Rented,12
8742,Excellent,Rented,2
8743,Excellent,Maintenance,22
8744,Excellent,Available,18
8745,Excellent,Rented,35
8746,Maintenance Required,Available,49
8747,Good,Rented,44
8748,Good,Available,20
8749,Fair,Available,32
8750,Excellent,Available,13
8751,Fair,Maintenance,35
8752,Fair,Available,49
8753,Good,Maintenance,76
8754,Fair,Maintenance,11
8755,Fair,Available,75
8756,Fair,Maintenance,35
8757,Good,Available,57
8758,Maintenance Required,Available,38
8759,Fair,Rented,8
8760,Fair,Available,33
8761,Maintenance Required,Available,14
8762,Good,Maintenance,53
8763,Excellent,Available,33
8764,Fair,Available,50
8765,Fair,Available,37
8766,Maintenance Required,Available,40
8767,Fair,Maintenance,63
8768,Fair,Available,9
8769,Fair,Available,21
8770,Maintenance Required,Available,66
8771,Fair,Available,49
8772,Good,Available,72
8773,Good,Available,33
8774,Fair,Available,61
8775,Good,Maintenance,10
8776,Good,Rented,13
8777,Maintenance Required,Available,78
8778,Good,Maintenance,34
8779,Maintenance Required,Rented,28
8780,Good,Rented,62
8781,Fair,Available,16
8782,Good,Available,20
8783,Good,Available,15
8784,Good,Maintenance,1
8785,Fair,Available,27
8786,Fair,Rented,24
8787,Good,Available,18
8788,Good,Available,59
8789,Fair,Available,57
8790,Maintenance Required,Available,77
8791,Maintenance Required,Available,28
8792,Maintenance Required,Available,7
8793,Good,Maintenance,21
8794,Maintenance Required,Rented,78
8795,Good,Available,27
8796,Excellent,Available,21
8797,Fair,Maintenance,68
8798,Maintenance Required,Available,25
8799,Good,Rented,46
8800,Good,Available,29
8801,Fair,Available,68
8802,Excellent,Maintenance,13
8803,Fair,Maintenance,67
8804,Excellent,Maintenance,73
8805,Excellent,Maintenance,16
8806,Fair,Available,80
8807,Excellent,Rented,72
8808,Good,Available,72
8809,Excellent,Rented,18
8810,Good,Available,33
8811,Fair,Available,76
8812,Fair,Available,25
8813,Fair,Maintenance,25
8814,Excellent,Maintenance,59
8815,Good,Available,57
8816,Excellent,Maintenance,35
8817,Good,Available,28
8818,Fair,Available,19
8819,Excellent,Maintenance,5
8820,Maintenance Required,Available,11
8821,Maintenance Required,Available,15
8822,Good,Available,29
8823,Excellent,Maintenance,30
8824,Good,Available,64
8825,Maintenance Required,Maintenance,33
8826,Excellent,Rented,31
8827,Good,Available,16
8828,Fair,Rented,22
8829,Maintenance Required,Maintenance,80
8830,Excellent,Available,10
8831,Excellent,Maintenance,39
8832,Good,Rented,65
8833,Fair,Available,21
8834,Fair,Available,80
8835,Maintenance Required,Rented,5
8836,Excellent,Available,74
8837,Good,Available,19
8838,Maintenance Required,Rented,12
8839,Fair,Available,65
8840,Maintenance Required,Available,55
8841,Excellent,Maintenance,8
8842,Excellent,Available,7
8843,Fair,Available,36
8844,Maintenance Required,Rented,19
8845,Excellent,Available,50
8846,Good,Available,17
8847,Good,Available,50
8848,Fair,Available,61
8849,Excellent,Available,4
8850,Maintenance Required,Rented,28
8851,Fair,Rented,69
8852,Good,Maintenance,40
8853,Good,Maintenance,61
8854,Maintenance Required,Available,35
8855,Fair,Available,70
8856,Excellent,Rented,65
8857,Excellent,Available,30
8858,Good,Maintenance,14
8859,Good,Available,10
8860,Good,Rented,53
8861,Fair,Available,18
8862,Good,Maintenance,12
8863,Excellent,Available,67
8864,Excellent,Available,12
8865,Good,Available,49
8866,Excellent,Available,57
8867,Maintenance Required,Rented,5
8868,Good,Available,38
8869,Good,Maintenance,21
8870,Fair,Available,21
8871,Fair,Available,51
8872,Maintenance Required,Available,64
8873,Maintenance Required,Maintenance,10
8874,Fair,Available,12
8875,Excellent,Available,46
8876,Fair,Available,50
8877,Fair,Available,46
8878,Maintenance Required,Available,27
8879,Maintenance Required,Rented,33
8880,Maintenance Required,Available,58
8881,Maintenance Required,Rented,22
8882,Excellent,Rented,50
8883,Maintenance Required,Maintenance,39
8884,Fair,Available,2
8885,Good,Available,43
8886,Good,Available,38
8887,Maintenance Required,Available,47
8888,Fair,Available,19
8889,Maintenance Required,Maintenance,78
8890,Maintenance Required,Available,7
8891,Maintenance Required,Available,30
8892,Maintenance Required,Available,80
8893,Fair,Maintenance,25
8894,Maintenance Required,Available,80
8895,Excellent,Rented,9
8896,Excellent,Available,6
8897,Fair,Available,49
8898,Fair,Available,73
8899,Excellent,Available,12
8900,Good,Available,36
8901,Excellent,Available,1
8902,Fair,Available,3
8903,Excellent,Maintenance,60
8904,Excellent,Maintenance,54
8905,Good,Available,66
8906,Fair,Available,68
8907,Good,Rented,65
8908,Fair,Available,34
8909,Maintenance Required,Available,72
8910,Maintenance Required,Maintenance,79
8911,Maintenance Required,Available,73
8912,Fair,Available,18
8913,Excellent,Available,21
8914,Maintenance Required,Maintenance,28
8915,Maintenance Required,Available,22
8916,Fair,Maintenance,52
8917,Fair,Available,64
8918,Maintenance Required,Rented,58
8919,Fair,Available,24
8920,Excellent,Available,8
8921,Excellent,Maintenance,68
8922,Maintenance Required,Maintenance,52
8923,Fair,Available,77
8924,Excellent,Maintenance,14
8925,Good,Available,29
8926,Maintenance Required,Available,53
8927,Good,Rented,73
8928,Good,Available,44
8929,Excellent,Available,57
8930,Good,Maintenance,2
8931,Maintenance Required,Available,48
8932,Excellent,Maintenance,41
8933,Fair,Rented,63
8934,Fair,Available,8
8935,Excellent,Maintenance,24
8936,Maintenance Required,Available,32
8937,Excellent,Available,29
8938,Fair,Rented,37
8939,Excellent,Maintenance,36
8940,Good,Maintenance,62
8941,Excellent,Available,37
8942,Maintenance Required,Rented,28
8943,Excellent,Rented,42
8944,Good,Available,73
8945,Fair,Available,68
8946,Excellent,Rented,10
8947,Good,Available,10
8948,Maintenance Required,Available,32
8949,Maintenance Required,Available,80
8950,Fair,Rented,68
8951,Excellent,Maintenance,59
8952,Maintenance Required,Available,60
8953,Good,Available,61
8954,Good,Rented,54
8955,Good,Rented,45
8956,Maintenance Required,Available,40
8957,Excellent,Available,11
8958,Maintenance Required,Rented,52
8959,Excellent,Available,38
8960,Maintenance Required,Available,77
8961,Good,Available,9
8962,Maintenance Required,Rented,48
8963,Excellent,Rented,10
8964,Excellent,Maintenance,13
8965,Good,Rented,44
8966,Excellent,Rented,6
8967,Excellent,Available,8
8968,Good,Available,1
8969,Excellent,Available,17
8970,Good,Maintenance,51
8971,Fair,Available,6
8972,Excellent,Available,5
8973,Excellent,Rented,70
8974,Good,Available,73
8975,Excellent,Available,76
8976,Maintenance Required,Rented,49
8977,Maintenance Required,Available,79
8978,Excellent,Available,6
8979,Fair,Available,79
8980,Maintenance Required,Available,11
8981,Good,Available,23
8982,Excellent,Maintenance,47
8983,Fair,Available,49
8984,Fair,Maintenance,76
8985,Excellent,Rented,50
8986,Good,Available,58
8987,Maintenance Required,Available,9
8988,Fair,Available,20
8989,Maintenance Required,Available,39
8990,Excellent,Available,42
8991,Good,Available,36
8992,Good,Available,67
8993,Excellent,Available,34
8994,Fair,Maintenance,60
8995,Excellent,Available,43
8996,Good,Available,38
8997,Maintenance Required,Available,18
8998,Fair,Available,32
8999,Excellent,Rented,30
9000,Fair,Maintenance,42
9001,Maintenance Required,Available,57
9002,Good,Available,25
9003,Excellent,Rented,20
9004,Good,Maintenance,12
9005,Excellent,Available,17
9006,Maintenance Required,Rented,14
9007,Maintenance Required,Available,55
9008,Good,Available,40
9009,Maintenance Required,Maintenance,66
9010,Maintenance Required,Available,2
9011,Excellent,Available,79
9012,Maintenance Required,Available,39
9013,Maintenance Required,Rented,5
9014,Maintenance Required,Rented,51
9015,Maintenance Required,Available,23
9016,Maintenance Required,Available,21
9017,Excellent,Available,79
9018,Maintenance Required,Available,33
9019,Fair,Maintenance,54
9020,Fair,Available,42
9021,Fair,Available,65
9022,Fair,Rented,53
9023,Excellent,Available,60
9024,Excellent,Available,58
9025,Fair,Available,26
9026,Good,Available,60
9027,Maintenance Required,Available,67
9028,Good,Rented,19
9029,Maintenance Required,Available,49
9030,Fair,Available,33
9031,Fair,Maintenance,64
9032,Maintenance Required,Available,38
9033,Fair,Available,44
9034,Excellent,Available,25
9035,Excellent,Available,20
9036,Maintenance Required,Rented,30
9037,Fair,Available,42
9038,Good,Available,26
9039,Good,Available,18
9040,Good,Available,43
9041,Maintenance Required,Rented,45
9042,Good,Available,66
9043,Maintenance Required,Available,68
9044,Fair,Available,62
9045,Good,Available,78
9046,Excellent,Available,29
9047,Good,Rented,26
9048,Excellent,Maintenance,51
9049,Fair,Rented,10
9050,Excellent,Available,62
9051,Excellent,Available,40
9052,Fair,Maintenance,11
9053,Maintenance Required,Available,14
9054,Excellent,Available,28
9055,Fair,Available,32
9056,Excellent,Available,71
9057,Maintenance Required,Rented,46
9058,Excellent,Maintenance,44
9059,Maintenance Required,Available,9
9060,Maintenance Required,Available,77
9061,Fair,Rented,3
9062,Good,Available,78
9063,Excellent,Available,48
9064,Excellent,Available,78
9065,Fair,Available,4
9066,Excellent,Available,29
9067,Maintenance Required,Rented,18
9068,Good,Available,29
9069,Fair,Rented,49
9070,Fair,Available,73
9071,Maintenance Required,Available,58
9072,Excellent,Maintenance,71
9073,Maintenance Required,Available,23
9074,Maintenance Required,Rented,22
9075,Good,Available,54
9076,Fair,Available,12
9077,Excellent,Rented,11
9078,Good,Maintenance,44
9079,Maintenance Required,Available,65
9080,Excellent,Available,36
9081,Maintenance Required,Available,24
9082,Good,Available,18
9083,Fair,Rented,49
9084,Fair,Available,15
9085,Good,Maintenance,65
9086,Maintenance Required,Rented,9
9087,Good,Maintenance,39
9088,Fair,Available,77
9089,Fair,Maintenance,7
9090,Maintenance Required,Available,37
9091,Fair,Rented,32
9092,Good,Maintenance,44
9093,Maintenance Required,Available,76
9094,Fair,Maintenance,40
9095,Good,Available,59
9096,Fair,Available,37
9097,Excellent,Available,38
9098,Excellent,Available,20
9099,Excellent,Available,2
9100,Maintenance Required,Available,76
9101,Maintenance Required,Rented,15
9102,Fair,Available,68
9103,Good,Maintenance,48
9104,Fair,Rented,5
9105,Maintenance Required,Rented,80
9106,Maintenance Required,Maintenance,17
9107,Good,Available,23
9108,Fair,Available,73
9109,Excellent,Available,2
9110,Fair,Available,45
9111,Fair,Available,77
9112,Maintenance Required,Available,48
9113,Maintenance Required,Available,59
9114,Good,Available,14
9115,Fair,Available,21
9116,Maintenance Required,Available,68
9117,Good,Available,16
9118,Excellent,Rented,15
9119,Excellent,Rented,45
9120,Good,Available,31
9121,Good,Rented,72
9122,Fair,Maintenance,19
9123,Excellent,Available,23
9124,Fair,Rented,12
9125,Fair,Available,75
9126,Maintenance Required,Maintenance,29
9127,Excellent,Rented,61
9128,Good,Available,9
9129,Good,Available,78
9130,Excellent,Available,66
9131,Fair,Maintenance,45
9132,Fair,Rented,23
9133,Maintenance Required,Available,21
9134,Maintenance Required,Available,79
9135,Good,Available,26
9136,Excellent,Available,56
9137,Good,Maintenance,1
9138,Maintenance Required,Maintenance,54
9139,Good,Rented,38
9140,Fair,Available,62
9141,Good,Rented,41
9142,Good,Available,57
9143,Maintenance Required,Available,76
9144,Maintenance Required,Rented,5
9145,Excellent,Available,79
9146,Fair,Rented,70
9147,Fair,Maintenance,67
9148,Fair,Available,36
9149,Fair,Maintenance,54
9150,Good,Available,31
9151,Excellent,Available,11
9152,Fair,Available,49
9153,Good,Rented,4
9154,Excellent,Maintenance,17
9155,Maintenance Required,Available,6
9156,Maintenance Required,Available,32
9157,Good,Available,22
9158,Fair,Available,16
9159,Excellent,Rented,19
9160,Maintenance Required,Available,46
9161,Excellent,Rented,26
9162,Maintenance Required,Available,31
9163,Fair,Available,38
9164,Fair,Available,35
9165,Excellent,Rented,4
9166,Fair,Rented,38
9167,Maintenance Required,Available,63
9168,Fair,Rented,16
9169,Excellent,Maintenance,45
9170,Excellent,Rented,27
9171,Good,Available,32
9172,Good,Available,47
9173,Good,Available,56
9174,Maintenance Required,Available,43
9175,Maintenance Required,Rented,60
9176,Maintenance Required,Available,8
9177,Fair,Available,24
9178,Maintenance Required,Rented,59
9179,Excellent,Rented,55
9180,Fair,Available,74
9181,Fair,Available,66
9182,Excellent,Available,55
9183,Maintenance Required,Available,54
9184,Good,Available,45
9185,Fair,Rented,50
9186,Excellent,Available,35
9187,Good,Available,9
9188,Fair,Available,2
9189,Maintenance Required,Maintenance,73
9190,Good,Available,37
9191,Maintenance Required,Available,75
9192,Excellent,Available,1
9193,Good,Available,71
9194,Maintenance Required,Available,66
9195,Good,Maintenance,50
9196,Excellent,Maintenance,71
9197,Good,Rented,28
9198,Excellent,Maintenance,11
9199,Good,Maintenance,76
9200,Maintenance Required,Maintenance,14
9201,Excellent,Rented,17
9202,Excellent,Available,43
9203,Excellent,Rented,68
9204,Maintenance Required,Rented,47
9205,Excellent,Maintenance,2
9206,Maintenance Required,Rented,5
9207,Good,Available,41
9208,Good,Available,53
9209,Excellent,Available,77
9210,Good,Available,17
9211,Excellent,Rented,66
9212,Fair,Available,56
9213,Maintenance Required,Available,63
9214,Good,Available,10
9215,Maintenance Required,Available,79
9216,Good,Available,73
9217,Fair,Available,31
9218,Maintenance Required,Available,63
9219,Fair,Maintenance,45
9220,Maintenance Required,Rented,32
9221,Excellent,Available,48
9222,Good,Available,67
9223,Maintenance Required,Available,56
9224,Maintenance Required,Available,15
9225,Excellent,Rented,77
9226,Maintenance Required,Available,22
9227,Fair,Maintenance,43
9228,Maintenance Required,Available,25
9229,Excellent,Available,69
9230,Excellent,Available,37
9231,Excellent,Available,43
9232,Fair,Rented,26
9233,Maintenance Required,Available,2
9234,Maintenance Required,Maintenance,76
9235,Fair,Rented,57
9236,Fair,Rented,39
9237,Fair,Available,41
9238,Good,Available,69
9239,Maintenance Required,Available,66
9240,Good,Available,79
9241,Fair,Available,17
9242,Maintenance Required,Rented,66
9243,Excellent,Available,36
9244,Good,Available,8
9245,Excellent,Available,44
9246,Maintenance Required,Available,40
9247,Maintenance Required,Available,7
9248,Maintenance Required,Available,54
9249,Maintenance Required,Available,70
9250,Maintenance Required,Rented,38
9251,Good,Available,11
9252,Good,Available,12
9253,Good,Available,31
9254,Excellent,Rented,12
9255,Maintenance Required,Available,48
9256,Maintenance Required,Rented,79
9257,Fair,Rented,49
9258,Excellent,Rented,21
9259,Excellent,Available,64
9260,Good,Available,78
9261,Maintenance Required,Rented,49
9262,Fair,Available,59
9263,Excellent,Maintenance,13
9264,Good,Maintenance,33
9265,Excellent,Available,61
9266,Good,Available,67
9267,Good,Available,2
9268,Good,Available,5
9269,Good,Rented,66
9270,Maintenance Required,Available,15
9271,Excellent,Available,18
9272,Excellent,Rented,11
9273,Maintenance Required,Available,51
9274,Fair,Available,56
9275,Fair,Rented,65
9276,Maintenance Required,Maintenance,66
9277,Fair,Available,60
9278,Maintenance Required,Maintenance,65
9279,Maintenance Required,Maintenance,46
9280,Excellent,Available,62
9281,Excellent,Rented,38
9282,Fair,Rented,78
9283,Excellent,Rented,9
9284,Good,Available,76
9285,Fair,Available,74
9286,Good,Available,3
9287,Maintenance Required,Rented,64
9288,Maintenance Required,Maintenance,67
9289,Fair,Available,78
9290,Excellent,Available,3
9291,Maintenance Required,Available,24
9292,Good,Available,8
9293,Good,Available,41
9294,Excellent,Available,13
9295,Excellent,Rented,22
9296,Fair,Available,53
9297,Good,Available,29
9298,Fair,Maintenance,23
9299,Maintenance Required,Rented,48
9300,Good,Maintenance,7
9301,Excellent,Available,54
9302,Fair,Maintenance,70
9303,Maintenance Required,Available,22
9304,Fair,Available,39
9305,Maintenance Required,Maintenance,67
9306,Maintenance Required,Available,57
9307,Maintenance Required,Rented,19
9308,Maintenance Required,Available,63
9309,Good,Available,15
9310,Fair,Rented,39
9311,Fair,Available,9
9312,Fair,Available,16
9313,Good,Available,66
9314,Fair,Available,72
9315,Good,Available,9
9316,Fair,Maintenance,5
9317,Fair,Available,6
9318,Good,Available,4
9319,Maintenance Required,Available,14
9320,Maintenance Required,Available,28
9321,Good,Rented,24
9322,Good,Available,32
9323,Fair,Available,27
9324,Excellent,Available,40
9325,Excellent,Maintenance,57
9326,Maintenance Required,Rented,74
9327,Excellent,Rented,21
9328,Fair,Available,61
9329,Good,Available,79
9330,Excellent,Rented,5
9331,Maintenance Required,Available,18
9332,Good,Available,70
9333,Excellent,Rented,44
9334,Excellent,Rented,44
9335,Maintenance Required,Available,73
9336,Good,Available,11
9337,Excellent,Available,36
9338,Maintenance Required,Available,76
9339,Maintenance Required,Available,80
9340,Maintenance Required,Rented,12
9341,Maintenance Required,Available,22
9342,Fair,Rented,36
9343,Maintenance Required,Available,7
9344,Maintenance Required,Maintenance,69
9345,Good,Available,56
9346,Fair,Rented,57
9347,Excellent,Rented,60
9348,Good,Available,16
9349,Good,Maintenance,74
9350,Maintenance Required,Rented,12
9351,Excellent,Rented,62
9352,Excellent,Available,2
9353,Maintenance Required,Maintenance,22
9354,Good,Available,55
9355,Fair,Available,40
9356,Fair,Available,57
9357,Excellent,Available,1
9358,Maintenance Required,Maintenance,78
9359,Maintenance Required,Available,6
9360,Fair,Maintenance,55
9361,Excellent,Maintenance,40
9362,Fair,Maintenance,54
9363,Maintenance Required,Available,66
9364,Good,Available,78
9365,Good,Maintenance,1
9366,Good,Rented,19
9367,Maintenance Required,Maintenance,71
9368,Excellent,Available,61
9369,Fair,Available,61
9370,Fair,Available,63
9371,Maintenance Required,Rented,42
9372,Good,Available,42
9373,Good,Available,75
9374,Fair,Available,54
9375,Excellent,Available,3
9376,Good,Available,17
9377,Maintenance Required,Available,45
9378,Fair,Available,3
9379,Good,Rented,18
9380,Fair,Available,51
9381,Excellent,Maintenance,48
9382,Fair,Available,36
9383,Good,Available,57
9384,Good,Rented,37
9385,Good,Available,55
9386,Maintenance Required,Rented,33
9387,Excellent,Available,55
9388,Good,Maintenance,72
9389,Maintenance Required,Available,8
9390,Excellent,Available,8
9391,Fair,Maintenance,33
9392,Maintenance Required,Available,68
9393,Maintenance Required,Maintenance,15
9394,Maintenance Required,Maintenance,31
9395,Good,Available,62
9396,Good,Available,79
9397,Good,Available,65
9398,Maintenance Required,Rented,68
9399,Good,Maintenance,71
9400,Good,Available,52
9401,Excellent,Rented,66
9402,Maintenance Required,Maintenance,27
9403,Maintenance Required,Available,14
9404,Good,Available,24
9405,Excellent,Rented,43
9406,Good,Rented,78
9407,Maintenance Required,Available,70
9408,Good,Available,47
9409,Excellent,Rented,75
9410,Fair,Maintenance,67
9411,Excellent,Available,52
9412,Fair,Available,27
9413,Fair,Available,77
9414,Maintenance Required,Rented,70
9415,Good,Rented,20
9416,Good,Maintenance,56
9417,Excellent,Rented,12
9418,Maintenance Required,Rented,52
9419,Maintenance Required,Rented,57
9420,Maintenance Required,Available,30
9421,Excellent,Maintenance,69
9422,Fair,Maintenance,6
9423,Fair,Rented,57
9424,Good,Available,65
9425,Fair,Available,5
9426,Fair,Available,63
9427,Good,Available,55
9428,Maintenance Required,Available,18
9429,Good,Available,8
9430,Fair,Maintenance,20
9431,Maintenance Required,Available,61
9432,Fair,Available,50
9433,Fair,Maintenance,68
9434,Maintenance Required,Rented,15
9435,Good,Available,11
9436,Fair,Available,75
9437,Good,Available,52
9438,Good,Available,61
9439,Maintenance Required,Available,60
9440,Fair,Rented,77
9441,Maintenance Required,Maintenance,19
9442,Excellent,Available,42
9443,Good,Maintenance,60
9444,Good,Maintenance,39
9445,Excellent,Available,46
9446,Maintenance Required,Rented,75
9447,Good,Available,73
9448,Excellent,Available,41
9449,Fair,Maintenance,9
9450,Fair,Maintenance,4
9451,Good,Available,60
9452,Maintenance Required,Available,78
9453,Good,Available,35
9454,Good,Rented,42
9455,Maintenance Required,Available,38
9456,Maintenance Required,Rented,8
9457,Maintenance Required,Rented,74
9458,Good,Available,19
9459,Maintenance Required,Available,19
9460,Excellent,Available,49
9461,Good,Available,31
9462,Good,Rented,2
9463,Good,Rented,2
9464,Excellent,Rented,47
9465,Maintenance Required,Rented,54
9466,Good,Maintenance,73
9467,Fair,Available,5
9468,Fair,Available,33
9469,Maintenance Required,Maintenance,71
9470,Excellent,Rented,2
9471,Excellent,Available,67
9472,Maintenance Required,Available,5
9473,Excellent,Available,1
9474,Excellent,Available,52
9475,Fair,Maintenance,47
9476,Good,Available,29
9477,Fair,Available,34
9478,Maintenance Required,Available,46
9479,Good,Available,24
9480,Excellent,Available,17
9481,Fair,Available,69
9482,Good,Maintenance,11
9483,Fair,Available,74
9484,Maintenance Required,Maintenance,58
9485,Good,Available,77
9486,Good,Maintenance,7
9487,Fair,Rented,11
9488,Fair,Maintenance,75
9489,Maintenance Required,Available,6
9490,Maintenance Required,Maintenance,45
9491,Excellent,Available,48
9492,Good,Rented,56
9493,Excellent,Available,15
9494,Maintenance Required,Available,67
9495,Excellent,Available,6
9496,Good,Available,59
9497,Good,Maintenance,49
9498,Excellent,Available,19
9499,Good,Maintenance,41
9500,Maintenance Required,Available,57
9501,Good,Available,65
9502,Fair,Available,24
9503,Good,Available,47
9504,Fair,Available,65
9505,Maintenance Required,Available,42
9506,Good,Available,72
9507,Excellent,Available,74
9508,Excellent,Available,53
9509,Fair,Maintenance,70
9510,Maintenance Required,Available,73
9511,Excellent,Maintenance,34
9512,Fair,Available,35
9513,Good,Maintenance,77
9514,Fair,Available,55
9515,Excellent,Maintenance,59
9516,Maintenance Required,Available,24
9517,Fair,Maintenance,48
9518,Fair,Maintenance,59
9519,Excellent,Available,61
9520,Maintenance Required,Available,52
9521,Excellent,Available,29
9522,Maintenance Required,Available,48
9523,Fair,Available,75
9524,Excellent,Available,51
9525,Excellent,Available,2
9526,Fair,Available,29
9527,Maintenance Required,Available,54
9528,Maintenance Required,Available,49
9529,Excellent,Available,47
9530,Excellent,Maintenance,80
9531,Fair,Rented,47
9532,Fair,Rented,55
9533,Good,Rented,69
9534,Good,Maintenance,74
9535,Fair,Rented,13
9536,Good,Rented,35
9537,Excellent,Available,20
9538,Good,Available,42
9539,Maintenance Required,Available,73
9540,Excellent,Available,76
9541,Maintenance Required,Rented,18
9542,Maintenance Required,Available,35
9543,Good,Available,40
9544,Good,Available,30
9545,Excellent,Maintenance,13
9546,Good,Rented,7
9547,Good,Available,54
9548,Maintenance Required,Available,63
9549,Excellent,Available,71
9550,Excellent,Maintenance,32
9551,Good,Available,69
9552,Fair,Available,34
9553,Maintenance Required,Maintenance,32
9554,Good,Available,2
9555,Good,Available,50
9556,Maintenance Required,Available,24
9557,Fair,Rented,20
9558,Maintenance Required,Maintenance,41
9559,Maintenance Required,Maintenance,51
9560,Fair,Maintenance,5
9561,Excellent,Available,6
9562,Fair,Available,47
9563,Excellent,Available,70
9564,Fair,Available,61
9565,Fair,Available,12
9566,Fair,Rented,29
9567,Excellent,Maintenance,70
9568,Maintenance Required,Rented,7
9569,Fair,Maintenance,80
9570,Fair,Maintenance,14
9571,Excellent,Available,67
9572,Fair,Available,15
9573,Maintenance Required,Available,55
9574,Fair,Available,77
9575,Maintenance Required,Available,15
9576,Excellent,Rented,5
9577,Maintenance Required,Available,47
9578,Maintenance Required,Rented,51
9579,Fair,Available,69
9580,Fair,Available,41
9581,Good,Rented,52
9582,Maintenance Required,Rented,64
9583,Fair,Maintenance,47
9584,Excellent,Available,77
9585,Fair,Available,30
9586,Good,Maintenance,17
9587,Maintenance Required,Available,14
9588,Maintenance Required,Rented,24
9589,Fair,Maintenance,35
9590,Maintenance Required,Available,14
9591,Maintenance Required,Available,40
9592,Good,Rented,71
9593,Fair,Maintenance,28
9594,Fair,Available,8
9595,Excellent,Available,26
9596,Good,Available,11
9597,Fair,Rented,26
9598,Excellent,Rented,15
9599,Good,Rented,1
9600,Fair,Rented,65
9601,Fair,Available,25
9602,Good,Rented,59
9603,Good,Available,22
9604,Excellent,Rented,80
9605,Excellent,Maintenance,49
9606,Good,Available,53
9607,Fair,Maintenance,45
9608,Good,Available,35
9609,Fair,Rented,28
9610,Excellent,Maintenance,39
9611,Fair,Rented,58
9612,Excellent,Rented,36
9613,Maintenance Required,Available,25
9614,Maintenance Required,Available,74
9615,Fair,Rented,63
9616,Maintenance Required,Rented,44
9617,Excellent,Rented,76
9618,Good,Available,16
9619,Good,Available,34
9620,Excellent,Maintenance,16
9621,Fair,Available,5
9622,Fair,Available,43
9623,Good,Available,75
9624,Fair,Available,14
9625,Maintenance Required,Available,66
9626,Fair,Available,40
9627,Maintenance Required,Available,9
9628,Excellent,Rented,58
9629,Excellent,Available,33
9630,Fair,Available,40
9631,Maintenance Required,Available,32
9632,Excellent,Available,23
9633,Maintenance Required,Maintenance,47
9634,Fair,Rented,13
9635,Maintenance Required,Available,14
9636,Fair,Rented,10
9637,Good,Rented,30
9638,Fair,Available,55
9639,Excellent,Available,80
9640,Excellent,Rented,35
9641,Excellent,Available,65
9642,Excellent,Rented,80
9643,Fair,Rented,15
9644,Fair,Available,14
9645,Fair,Maintenance,14
9646,Excellent,Available,46
9647,Fair,Available,75
9648,Good,Maintenance,69
9649,Good,Rented,63
9650,Excellent,Rented,71
9651,Maintenance Required,Rented,23
9652,Excellent,Maintenance,10
9653,Good,Maintenance,33
9654,Excellent,Rented,67
9655,Fair,Maintenance,70
9656,Maintenance Required,Available,18
9657,Excellent,Maintenance,26
9658,Excellent,Rented,78
9659,Fair,Rented,3
9660,Fair,Available,36
9661,Good,Available,1
9662,Maintenance Required,Available,1
9663,Fair,Available,34
9664,Excellent,Maintenance,79
9665,Maintenance Required,Available,11
9666,Excellent,Available,28
9667,Maintenance Required,Rented,23
9668,Good,Rented,31
9669,Good,Available,24
9670,Good,Rented,64
9671,Fair,Available,79
9672,Good,Available,34
9673,Excellent,Available,50
9674,Excellent,Available,75
9675,Good,Available,60
9676,Fair,Available,27
9677,Maintenance Required,Available,22
9678,Good,Available,34
9679,Good,Maintenance,45
9680,Good,Available,60
9681,Excellent,Available,48
9682,Maintenance Required,Available,45
9683,Maintenance Required,Available,19
9684,Excellent,Available,49
9685,Maintenance Required,Available,79
9686,Fair,Available,60
9687,Excellent,Available,41
9688,Excellent,Rented,32
9689,Excellent,Available,38
9690,Excellent,Available,78
9691,Fair,Rented,56
9692,Excellent,Available,40
9693,Fair,Available,47
9694,Excellent,Available,55
9695,Good,Maintenance,53
9696,Good,Available,74
9697,Fair,Available,25
9698,Maintenance Required,Maintenance,47
9699,Good,Maintenance,79
9700,Fair,Maintenance,77
9701,Fair,Maintenance,39
9702,Good,Available,73
9703,Excellent,Rented,42
9704,Maintenance Required,Available,36
9705,Fair,Maintenance,23
9706,Maintenance Required,Available,57
9707,Fair,Available,51
9708,Good,Maintenance,14
9709,Fair,Rented,66
9710,Good,Rented,26
9711,Maintenance Required,Rented,63
9712,Maintenance Required,Available,45
9713,Excellent,Available,27
9714,Good,Available,11
9715,Good,Available,10
9716,Maintenance Required,Available,67
9717,Fair,Available,27
9718,Fair,Available,10
9719,Good,Available,66
9720,Fair,Rented,37
9721,Good,Maintenance,37
9722,Good,Maintenance,55
9723,Fair,Available,17
9724,Fair,Available,48
9725,Good,Available,5
9726,Fair,Available,32
9727,Fair,Available,9
9728,Good,Available,63
9729,Maintenance Required,Available,49
9730,Good,Available,56
9731,Excellent,Available,61
9732,Fair,Rented,61
9733,Excellent,Maintenance,14
9734,Excellent,Available,6
9735,Excellent,Available,28
9736,Excellent,Available,23
9737,Fair,Available,27
9738,Good,Available,14
9739,Good,Available,54
9740,Good,Maintenance,25
9741,Fair,Available,46
9742,Good,Available,34
9743,Good,Available,53
9744,Good,Available,53
9745,Fair,Available,38
9746,Maintenance Required,Available,26
9747,Excellent,Available,44
9748,Excellent,Maintenance,42
9749,Maintenance Required,Maintenance,51
9750,Maintenance Required,Maintenance,57
9751,Excellent,Available,65
9752,Fair,Maintenance,16
9753,Good,Available,13
9754,Fair,Available,55
9755,Good,Rented,26
9756,Fair,Available,25
9757,Maintenance Required,Maintenance,35
9758,Good,Available,6
9759,Good,Available,50
9760,Fair,Rented,5
9761,Maintenance Required,Available,11
9762,Good,Maintenance,23
9763,Fair,Available,13
9764,Fair,Available,44
9765,Maintenance Required,Rented,59
9766,Maintenance Required,Available,21
9767,Good,Available,24
9768,Fair,Available,55
9769,Good,Available,75
9770,Maintenance Required,Maintenance,80
9771,Excellent,Maintenance,78
9772,Excellent,Rented,48
9773,Maintenance Required,Rented,72
9774,Maintenance Required,Maintenance,73
9775,Good,Maintenance,74
9776,Excellent,Maintenance,14
9777,Maintenance Required,Available,38
9778,Excellent,Available,50
9779,Excellent,Maintenance,31
9780,Excellent,Available,2
9781,Excellent,Available,38
9782,Excellent,Rented,44
9783,Maintenance Required,Available,42
9784,Good,Available,58
9785,Good,Available,27
9786,Excellent,Available,61
9787,Maintenance Required,Rented,65
9788,Maintenance Required,Maintenance,56
9789,Fair,Available,48
9790,Excellent,Rented,9
9791,Excellent,Available,21
9792,Fair,Available,52
9793,Fair,Rented,40
9794,Maintenance Required,Available,27
9795,Good,Available,38
9796,Fair,Available,3
9797,Maintenance Required,Available,57
9798,Good,Available,6
9799,Maintenance Required,Available,19
9800,Maintenance Required,Available,74
9801,Fair,Maintenance,72
9802,Maintenance Required,Maintenance,50
9803,Fair,Maintenance,25
9804,Good,Available,39
9805,Good,Available,21
9806,Fair,Available,34
9807,Excellent,Available,22
9808,Maintenance Required,Available,45
9809,Good,Available,55
9810,Excellent,Maintenance,80
9811,Fair,Available,6
9812,Excellent,Available,74
9813,Fair,Available,16
9814,Excellent,Available,38
9815,Fair,Available,8
9816,Good,Available,11
9817,Fair,Available,62
9818,Maintenance Required,Available,77
9819,Fair,Available,54
9820,Good,Rented,24
9821,Maintenance Required,Available,39
9822,Fair,Available,41
9823,Good,Available,74
9824,Good,Maintenance,44
9825,Excellent,Available,51
9826,Fair,Available,17
9827,Excellent,Rented,69
9828,Fair,Available,37
9829,Good,Maintenance,48
9830,Fair,Available,52
9831,Maintenance Required,Maintenance,58
9832,Excellent,Maintenance,23
9833,Excellent,Available,13
9834,Fair,Rented,20
9835,Excellent,Available,50
9836,Excellent,Maintenance,21
9837,Excellent,Available,63
9838,Maintenance Required,Maintenance,2
9839,Maintenance Required,Available,2
9840,Excellent,Available,46
9841,Excellent,Available,80
9842,Fair,Available,61
9843,Excellent,Rented,31
9844,Good,Available,8
9845,Good,Rented,27
9846,Maintenance Required,Available,77
9847,Maintenance Required,Available,69
9848,Good,Rented,40
9849,Fair,Maintenance,62
9850,Good,Available,59
9851,Maintenance Required,Available,26
9852,Good,Available,64
9853,Fair,Available,15
9854,Good,Available,31
9855,Good,Available,1
9856,Maintenance Required,Maintenance,44
9857,Fair,Rented,54
9858,Excellent,Available,33
9859,Excellent,Available,31
9860,Excellent,Maintenance,46
9861,Good,Maintenance,54
9862,Fair,Available,38
9863,Maintenance Required,Rented,19
9864,Excellent,Available,26
9865,Good,Available,39
9866,Excellent,Available,76
9867,Excellent,Available,40
9868,Fair,Rented,10
9869,Good,Rented,44
9870,Maintenance Required,Available,56
9871,Maintenance Required,Available,27
9872,Good,Available,54
9873,Fair,Available,11
9874,Good,Maintenance,22
9875,Good,Available,18
9876,Good,Available,42
9877,Fair,Available,66
9878,Maintenance Required,Maintenance,77
9879,Good,Available,73
9880,Maintenance Required,Available,77
9881,Maintenance Required,Available,57
9882,Good,Available,71
9883,Good,Available,45
9884,Maintenance Required,Available,78
9885,Fair,Available,50
9886,Fair,Available,56
9887,Good,Available,19
9888,Fair,Available,42
9889,Fair,Available,20
9890,Good,Available,59
9891,Fair,Available,58
9892,Maintenance Required,Available,14
9893,Maintenance Required,Available,19
9894,Fair,Maintenance,25
9895,Fair,Available,15
9896,Fair,Available,3
9897,Maintenance Required,Available,49
9898,Fair,Available,53
9899,Good,Available,60
9900,Maintenance Required,Available,24
9901,Fair,Available,41
9902,Maintenance Required,Rented,50
9903,Maintenance Required,Maintenance,66
9904,Maintenance Required,Available,56
9905,Maintenance Required,Available,50
9906,Maintenance Required,Available,50
9907,Excellent,Available,1
9908,Good,Available,27
9909,Good,Available,63
9910,Excellent,Available,58
9911,Maintenance Required,Available,54
9912,Maintenance Required,Available,78
9913,Fair,Maintenance,38
9914,Fair,Available,13
9915,Maintenance Required,Available,40
9916,Excellent,Rented,55
9917,Good,Maintenance,6
9918,Fair,Available,37
9919,Excellent,Rented,51
9920,Good,Available,66
9921,Maintenance Required,Maintenance,65
9922,Maintenance Required,Available,41
9923,Excellent,Available,40
9924,Maintenance Required,Rented,73
9925,Fair,Maintenance,9
9926,Good,Available,22
9927,Maintenance Required,Maintenance,44
9928,Excellent,Maintenance,77
9929,Fair,Available,65
9930,Excellent,Available,55
9931,Good,Available,8
9932,Excellent,Available,62
9933,Excellent,Available,24
9934,Good,Available,61
9935,Good,Maintenance,18
9936,Fair,Available,47
9937,Good,Available,18
9938,Good,Available,60
9939,Excellent,Available,26
9940,Fair,Maintenance,32
9941,Good,Available,20
9942,Fair,Available,74
9943,Excellent,Available,14
9944,Maintenance Required,Rented,80
9945,Maintenance Required,Maintenance,32
9946,Maintenance Required,Maintenance,21
9947,Maintenance Required,Rented,60
9948,Good,Available,69
9949,Excellent,Maintenance,51
9950,Good,Available,38
9951,Maintenance Required,Rented,76
9952,Excellent,Available,43
9953,Fair,Maintenance,33
9954,Fair,Rented,49
9955,Good,Available,35
9956,Good,Available,52
9957,Excellent,Available,49
9958,Fair,Maintenance,72
9959,Excellent,Maintenance,79
9960,Maintenance Required,Available,65
9961,Good,Maintenance,7
9962,Excellent,Available,66
9963,Excellent,Available,27
9964,Fair,Available,67
9965,Excellent,Available,28
9966,Excellent,Available,11
9967,Maintenance Required,Available,57
9968,Excellent,Available,25
9969,Maintenance Required,Available,1
9970,Fair,Available,74
9971,Fair,Available,37
9972,Maintenance Required,Available,22
9973,Good,Maintenance,76
9974,Excellent,Available,72
9975,Fair,Available,67
9976,Maintenance Required,Available,15
9977,Good,Rented,49
9978,Fair,Available,23
9979,Fair,Available,67
9980,Good,Available,55
9981,Excellent,Available,31
9982,Excellent,Available,63
9983,Fair,Available,62
9984,Good,Rented,5
9985,Good,Available,53
9986,Fair,Maintenance,54
9987,Excellent,Available,35
9988,Fair,Maintenance,17
9989,Fair,Available,27
9990,Good,Available,56
9991,Excellent,Available,64
9992,Fair,Available,53
9993,Maintenance Required,Maintenance,56
9994,Maintenance Required,Available,36
9995,Good,Maintenance,25
9996,Excellent,Available,8
9997,Excellent,Available,23
9998,Fair,Available,67
9999,Fair,Maintenance,13
10000,Excellent,Available,11
10001,Fair,Rented,13
10002,Good,Available,6
10003,Good,Available,48
10004,Maintenance Required,Maintenance,76
10005,Excellent,Available,21
10006,Excellent,Maintenance,35
10007,Good,Available,15
10008,Maintenance Required,Available,44
10009,Maintenance Required,Rented,11
10010,Maintenance Required,Available,49
10011,Maintenance Required,Available,19
10012,Good,Rented,51
10013,Fair,Rented,68
10014,Maintenance Required,Available,66
10015,Excellent,Maintenance,70
10016,Good,Available,26
10017,Maintenance Required,Available,64
10018,Excellent,Available,45
10019,Maintenance Required,Available,33
10020,Excellent,Available,1
10021,Good,Available,67
10022,Excellent,Available,28
10023,Good,Available,39
10024,Fair,Available,12
10025,Fair,Available,3
10026,Maintenance Required,Maintenance,40
10027,Fair,Available,60
10028,Maintenance Required,Available,42
10029,Excellent,Available,39
10030,Maintenance Required,Rented,12
10031,Good,Available,68
10032,Fair,Available,36
10033,Fair,Available,8
10034,Fair,Available,80
10035,Good,Available,12
10036,Excellent,Rented,28
10037,Maintenance Required,Available,50
10038,Excellent,Rented,62
10039,Maintenance Required,Rented,14
10040,Fair,Rented,72
10041,Good,Available,40
10042,Maintenance Required,Available,77
10043,Fair,Maintenance,68
10044,Excellent,Maintenance,10
10045,Maintenance Required,Maintenance,50
10046,Good,Available,18
10047,Fair,Available,33
10048,Fair,Rented,42
10049,Fair,Rented,19
10050,Good,Available,60
10051,Maintenance Required,Available,29
10052,Good,Available,52
10053,Excellent,Rented,75
10054,Fair,Maintenance,1
10055,Excellent,Rented,38
10056,Good,Available,21
10057,Excellent,Available,80
10058,Excellent,Rented,57
10059,Maintenance Required,Available,55
10060,Good,Available,57
10061,Fair,Maintenance,70
10062,Good,Available,74
10063,Fair,Available,66
10064,Maintenance Required,Available,40
10065,Maintenance Required,Available,47
10066,Maintenance Required,Available,21
10067,Fair,Rented,50
10068,Excellent,Rented,36
10069,Maintenance Required,Rented,41
10070,Maintenance Required,Available,54
10071,Maintenance Required,Available,43
10072,Excellent,Available,11
10073,Maintenance Required,Available,5
10074,Excellent,Available,14
10075,Good,Available,68
10076,Maintenance Required,Rented,73
10077,Good,Rented,76
10078,Fair,Available,24
10079,Fair,Rented,18
10080,Excellent,Available,54
10081,Good,Available,4
10082,Fair,Maintenance,45
10083,Maintenance Required,Available,7
10084,Maintenance Required,Maintenance,65
10085,Excellent,Available,25
10086,Fair,Available,27
10087,Maintenance Required,Maintenance,21
10088,Good,Available,48
10089,Excellent,Available,16
10090,Good,Maintenance,31
10091,Good,Available,70
10092,Excellent,Available,73
10093,Excellent,Available,1
10094,Maintenance Required,Available,63
10095,Fair,Maintenance,71
10096,Excellent,Available,3
10097,Fair,Rented,6
10098,Excellent,Available,43
10099,Maintenance Required,Maintenance,46
10100,Excellent,Maintenance,63
10101,Fair,Maintenance,6
10102,Good,Rented,8
10103,Excellent,Available,78
10104,Good,Rented,51
10105,Excellent,Maintenance,78
10106,Excellent,Maintenance,74
10107,Maintenance Required,Available,25
10108,Good,Rented,68
10109,Maintenance Required,Maintenance,18
10110,Excellent,Rented,54
10111,Maintenance Required,Rented,25
10112,Excellent,Rented,61
10113,Fair,Available,59
10114,Maintenance Required,Maintenance,77
10115,Good,Rented,39
10116,Excellent,Available,80
10117,Maintenance Required,Maintenance,35
10118,Excellent,Available,70
10119,Good,Available,13
10120,Good,Rented,42
10121,Excellent,Available,61
10122,Maintenance Required,Available,5
10123,Excellent,Available,44
10124,Good,Available,56
10125,Excellent,Maintenance,38
10126,Maintenance Required,Rented,69
10127,Fair,Available,67
10128,Good,Maintenance,13
10129,Good,Maintenance,15
10130,Excellent,Rented,60
10131,Excellent,Available,36
10132,Excellent,Available,22
10133,Fair,Maintenance,31
10134,Fair,Available,69
10135,Good,Maintenance,71
10136,Fair,Available,10
10137,Maintenance Required,Available,38
10138,Maintenance Required,Maintenance,40
10139,Good,Available,56
10140,Good,Available,57
10141,Good,Rented,53
10142,Good,Available,30
10143,Excellent,Available,65
10144,Fair,Available,40
10145,Maintenance Required,Maintenance,40
10146,Good,Available,37
10147,Excellent,Maintenance,9
10148,Fair,Maintenance,42
10149,Maintenance Required,Available,50
10150,Maintenance Required,Available,63
10151,Maintenance Required,Maintenance,8
10152,Excellent,Maintenance,1
10153,Fair,Rented,79
10154,Maintenance Required,Available,58
10155,Excellent,Maintenance,60
10156,Fair,Available,74
10157,Excellent,Available,12
10158,Maintenance Required,Available,45
10159,Maintenance Required,Rented,41
10160,Excellent,Available,18
10161,Excellent,Available,77
10162,Excellent,Available,68
10163,Fair,Available,59
10164,Excellent,Available,3
10165,Fair,Available,33
10166,Fair,Rented,10
10167,Good,Available,49
10168,Maintenance Required,Available,48
10169,Fair,Rented,64
10170,Good,Available,20
10171,Excellent,Rented,21
10172,Good,Maintenance,41
10173,Excellent,Available,28
10174,Maintenance Required,Available,25
10175,Good,Rented,16
10176,Excellent,Rented,51
10177,Excellent,Available,24
10178,Fair,Maintenance,20
10179,Good,Available,78
10180,Maintenance Required,Rented,30
10181,Maintenance Required,Rented,47
10182,Fair,Rented,61
10183,Fair,Available,50
10184,Fair,Available,24
10185,Fair,Available,38
10186,Excellent,Rented,54
10187,Fair,Rented,57
10188,Maintenance Required,Available,37
10189,Fair,Rented,68
10190,Fair,Rented,71
10191,Fair,Available,39
10192,Good,Available,75
10193,Maintenance Required,Maintenance,18
10194,Fair,Rented,31
10195,Good,Maintenance,69
10196,Fair,Available,72
10197,Fair,Available,52
10198,Maintenance Required,Available,24
10199,Excellent,Available,42
10200,Maintenance Required,Rented,71
10201,Maintenance Required,Available,68
10202,Excellent,Available,34
10203,Maintenance Required,Rented,37
10204,Fair,Rented,57
10205,Good,Maintenance,53
10206,Excellent,Available,58
10207,Excellent,Maintenance,25
10208,Maintenance Required,Available,69
10209,Maintenance Required,Maintenance,64
10210,Excellent,Rented,54
10211,Maintenance Required,Rented,70
10212,Good,Available,37
10213,Excellent,Available,43
10214,Fair,Rented,61
10215,Good,Available,23
10216,Good,Available,52
10217,Fair,Available,53
10218,Maintenance Required,Available,69
10219,Fair,Available,15
10220,Good,Available,11
10221,Excellent,Available,38
10222,Good,Maintenance,67
10223,Maintenance Required,Maintenance,65
10224,Maintenance Required,Maintenance,7
10225,Fair,Available,55
10226,Maintenance Required,Rented,33
10227,Excellent,Rented,7
10228,Fair,Maintenance,2
10229,Maintenance Required,Rented,31
10230,Excellent,Available,5
10231,Good,Available,48
10232,Fair,Available,50
10233,Fair,Rented,18
10234,Fair,Available,48
10235,Fair,Rented,77
10236,Maintenance Required,Available,72
10237,Excellent,Rented,41
10238,Good,Available,70
10239,Good,Available,1
10240,Excellent,Available,60
10241,Excellent,Maintenance,28
10242,Excellent,Available,7
10243,Fair,Maintenance,11
10244,Excellent,Available,67
10245,Fair,Rented,69
10246,Fair,Available,41
10247,Maintenance Required,Available,58
10248,Good,Available,38
10249,Good,Available,72
10250,Excellent,Available,78
10251,Excellent,Maintenance,17
10252,Maintenance Required,Rented,31
10253,Fair,Maintenance,75
10254,Good,Available,67
10255,Excellent,Maintenance,76
10256,Maintenance Required,Maintenance,35
10257,Maintenance Required,Available,67
10258,Maintenance Required,Available,18
10259,Fair,Available,66
10260,Good,Rented,55
10261,Good,Rented,14
10262,Good,Available,7
10263,Maintenance Required,Maintenance,39
10264,Fair,Available,68
10265,Excellent,Maintenance,73
10266,Maintenance Required,Rented,8
10267,Fair,Rented,4
10268,Good,Available,68
10269,Good,Rented,54
10270,Maintenance Required,Available,38
10271,Maintenance Required,Available,65
10272,Fair,Available,35
10273,Good,Available,50
10274,Fair,Available,19
10275,Good,Rented,6
10276,Good,Maintenance,40
10277,Excellent,Available,6
10278,Good,Available,19
10279,Excellent,Available,24
10280,Good,Maintenance,13
10281,Excellent,Available,46
10282,Fair,Available,50
10283,Fair,Available,42
10284,Fair,Available,50
10285,Maintenance Required,Available,30
10286,Maintenance Required,Rented,1
10287,Fair,Available,61
10288,Excellent,Available,79
10289,Good,Available,27
10290,Excellent,Rented,56
10291,Fair,Rented,31
10292,Fair,Available,66
10293,Maintenance Required,Rented,21
10294,Fair,Rented,33
10295,Good,Available,35
10296,Good,Available,8
10297,Good,Maintenance,28
10298,Fair,Available,46
10299,Maintenance Required,Rented,58
10300,Excellent,Available,31
10301,Fair,Maintenance,71
10302,Excellent,Maintenance,23
10303,Fair,Available,55
10304,Maintenance Required,Maintenance,78
10305,Good,Available,20
10306,Excellent,Available,27
10307,Good,Available,11
10308,Good,Maintenance,47
10309,Good,Available,22
10310,Excellent,Available,62
10311,Good,Available,15
10312,Excellent,Rented,60
10313,Excellent,Rented,58
10314,Good,Available,64
10315,Fair,Available,33
10316,Fair,Maintenance,61
10317,Excellent,Available,57
10318,Excellent,Available,30
10319,Maintenance Required,Available,54
10320,Excellent,Available,15
10321,Good,Rented,39
10322,Fair,Maintenance,38
10323,Good,Maintenance,55
10324,Maintenance Required,Maintenance,36
10325,Fair,Maintenance,37
10326,Excellent,Available,28
10327,Excellent,Available,74
10328,Fair,Maintenance,45
10329,Good,Rented,61
10330,Good,Rented,25
10331,Excellent,Available,45
10332,Excellent,Maintenance,63
10333,Maintenance Required,Available,20
10334,Excellent,Available,24
10335,Good,Maintenance,23
10336,Good,Maintenance,57
10337,Excellent,Rented,71
10338,Maintenance Required,Rented,32
10339,Maintenance Required,Available,40
10340,Fair,Maintenance,49
10341,Excellent,Available,80
10342,Maintenance Required,Available,73
10343,Good,Available,29
10344,Good,Available,53
10345,Fair,Available,75
10346,Excellent,Available,23
10347,Maintenance Required,Available,16
10348,Excellent,Available,6
10349,Good,Available,69
10350,Excellent,Available,17
10351,Good,Available,31
10352,Good,Maintenance,6
10353,Maintenance Required,Available,46
10354,Excellent,Available,68
10355,Maintenance Required,Available,55
10356,Excellent,Available,58
10357,Fair,Rented,12
10358,Good,Available,69
10359,Fair,Maintenance,60
10360,Excellent,Available,79
10361,Good,Maintenance,63
10362,Maintenance Required,Rented,6
10363,Excellent,Rented,42
10364,Fair,Rented,66
10365,Excellent,Available,55
10366,Good,Available,60
10367,Excellent,Available,55
10368,Excellent,Available,45
10369,Fair,Available,40
10370,Good,Available,51
10371,Excellent,Available,60
10372,Fair,Available,20
10373,Fair,Available,55
10374,Fair,Rented,56
10375,Maintenance Required,Rented,69
10376,Maintenance Required,Available,60
10377,Excellent,Available,53
10378,Fair,Available,22
10379,Excellent,Available,3
10380,Good,Rented,15
10381,Good,Rented,34
10382,Fair,Rented,66
10383,Excellent,Rented,13
10384,Good,Available,31
10385,Good,Available,24
10386,Good,Available,70
10387,Maintenance Required,Available,62
10388,Good,Available,19
10389,Fair,Available,35
10390,Fair,Available,15
10391,Maintenance Required,Rented,16
10392,Fair,Rented,52
10393,Maintenance Required,Rented,69
10394,Excellent,Available,11
10395,Excellent,Available,5
10396,Excellent,Available,77
10397,Maintenance Required,Available,68
10398,Maintenance Required,Maintenance,35
10399,Good,Available,31
10400,Excellent,Available,39
10401,Good,Rented,8
10402,Maintenance Required,Available,76
10403,Fair,Available,12
10404,Excellent,Available,45
10405,Maintenance Required,Available,65
10406,Fair,Rented,64
10407,Excellent,Available,43
10408,Good,Maintenance,15
10409,Good,Rented,18
10410,Fair,Available,7
10411,Maintenance Required,Maintenance,33
10412,Excellent,Available,41
10413,Excellent,Available,26
10414,Fair,Available,65
10415,Fair,Available,14
10416,Good,Available,79
10417,Fair,Available,52
10418,Excellent,Available,59
10419,Maintenance Required,Available,61
10420,Maintenance Required,Available,30
10421,Excellent,Rented,9
10422,Good,Rented,47
10423,Fair,Available,6
10424,Maintenance Required,Available,73
10425,Maintenance Required,Maintenance,24
10426,Excellent,Available,30
10427,Good,Rented,69
10428,Maintenance Required,Rented,22
10429,Maintenance Required,Maintenance,41
10430,Excellent,Rented,78
10431,Fair,Available,3
10432,Maintenance Required,Maintenance,65
10433,Excellent,Maintenance,50
10434,Maintenance Required,Rented,47
10435,Excellent,Maintenance,13
10436,Good,Available,24
10437,Maintenance Required,Available,3
10438,Maintenance Required,Available,65
10439,Fair,Maintenance,29
10440,Excellent,Maintenance,31
10441,Fair,Available,64
10442,Maintenance Required,Available,26
10443,Fair,Maintenance,15
10444,Maintenance Required,Maintenance,18
10445,Maintenance Required,Available,13
10446,Fair,Rented,61
10447,Maintenance Required,Available,70
10448,Fair,Available,33
10449,Maintenance Required,Available,76
10450,Good,Available,22
10451,Good,Available,54
10452,Good,Available,44
10453,Good,Available,2
10454,Excellent,Maintenance,69
10455,Fair,Rented,59
10456,Fair,Available,32
10457,Excellent,Available,79
10458,Fair,Available,65
10459,Good,Available,38
10460,Good,Rented,78
10461,Maintenance Required,Rented,21
10462,Good,Available,65
10463,Maintenance Required,Maintenance,7
10464,Good,Maintenance,25
10465,Excellent,Rented,11
10466,Excellent,Rented,61
10467,Excellent,Available,58
10468,Good,Available,1
10469,Good,Available,6
10470,Good,Rented,63
10471,Maintenance Required,Available,9
10472,Maintenance Required,Available,41
10473,Maintenance Required,Maintenance,14
10474,Fair,Maintenance,9
10475,Excellent,Available,1
10476,Excellent,Available,4
10477,Good,Available,30
10478,Excellent,Available,22
10479,Excellent,Available,71
10480,Excellent,Available,2
10481,Good,Available,32
10482,Excellent,Maintenance,46
10483,Maintenance Required,Rented,20
10484,Fair,Available,19
10485,Maintenance Required,Rented,32
10486,Fair,Rented,37
10487,Fair,Rented,10
10488,Excellent,Available,72
10489,Good,Available,70
10490,Fair,Maintenance,51
10491,Fair,Rented,57
10492,Excellent,Available,6
10493,Maintenance Required,Available,66
10494,Good,Maintenance,78
10495,Good,Available,2
10496,Good,Rented,67
10497,Maintenance Required,Available,45
10498,Maintenance Required,Maintenance,73
10499,Maintenance Required,Maintenance,75
10500,Good,Rented,10
10501,Maintenance Required,Maintenance,52
10502,Excellent,Rented,75
10503,Good,Rented,74
10504,Excellent,Maintenance,58
10505,Maintenance Required,Available,55
10506,Fair,Maintenance,59
10507,Fair,Maintenance,55
10508,Maintenance Required,Available,58
10509,Maintenance Required,Rented,77
10510,Maintenance Required,Available,56
10511,Excellent,Available,65
10512,Fair,Available,60
10513,Good,Available,53
10514,Maintenance Required,Available,32
10515,Good,Available,29
10516,Fair,Available,60
10517,Maintenance Required,Rented,23
10518,Maintenance Required,Available,72
10519,Excellent,Rented,58
10520,Fair,Available,32
10521,Excellent,Available,52
10522,Excellent,Rented,20
10523,Good,Available,27
10524,Good,Available,32
10525,Maintenance Required,Maintenance,43
10526,Good,Maintenance,75
10527,Excellent,Available,68
10528,Fair,Available,21
10529,Maintenance Required,Maintenance,64
10530,Excellent,Maintenance,28
10531,Good,Rented,67
10532,Maintenance Required,Maintenance,5
10533,Excellent,Maintenance,75
10534,Maintenance Required,Available,2
10535,Excellent,Available,25
10536,Good,Available,37
10537,Excellent,Maintenance,38
10538,Fair,Rented,63
10539,Fair,Maintenance,1
10540,Maintenance Required,Available,51
10541,Maintenance Required,Available,15
10542,Fair,Maintenance,38
10543,Good,Available,49
10544,Maintenance Required,Available,26
10545,Fair,Available,7
10546,Good,Rented,54
10547,Good,Available,59
10548,Maintenance Required,Available,2
10549,Maintenance Required,Available,72
10550,Good,Available,11
10551,Fair,Rented,13
10552,Maintenance Required,Available,55
10553,Excellent,Maintenance,9
10554,Excellent,Rented,60
10555,Excellent,Available,15
10556,Good,Available,43
10557,Excellent,Maintenance,61
10558,Excellent,Available,78
10559,Excellent,Available,23
10560,Maintenance Required,Available,14
10561,Excellent,Available,41
10562,Maintenance Required,Available,40
10563,Maintenance Required,Available,12
10564,Excellent,Rented,38
10565,Excellent,Available,33
10566,Fair,Available,53
10567,Fair,Available,39
10568,Good,Available,24
10569,Fair,Maintenance,44
10570,Maintenance Required,Available,10
10571,Excellent,Available,80
10572,Maintenance Required,Available,53
10573,Good,Rented,4
10574,Good,Maintenance,26
10575,Fair,Maintenance,53
10576,Fair,Available,52
10577,Maintenance Required,Available,7
10578,Good,Available,34
10579,Fair,Available,23
10580,Excellent,Rented,9
10581,Good,Rented,47
10582,Maintenance Required,Available,34
10583,Maintenance Required,Maintenance,51
10584,Maintenance Required,Rented,55
10585,Excellent,Available,65
10586,Excellent,Available,34
10587,Good,Available,44
10588,Maintenance Required,Available,36
10589,Excellent,Available,75
10590,Fair,Available,28
10591,Excellent,Available,74
10592,Fair,Available,26
10593,Fair,Available,67
10594,Good,Maintenance,49
10595,Fair,Rented,20
10596,Excellent,Available,47
10597,Maintenance Required,Available,19
10598,Excellent,Available,7
10599,Excellent,Available,80
10600,Fair,Available,55
10601,Fair,Rented,67
10602,Excellent,Maintenance,4
10603,Excellent,Available,21
10604,Excellent,Rented,7
10605,Good,Maintenance,28
10606,Good,Rented,20
10607,Fair,Maintenance,17
10608,Good,Maintenance,29
10609,Fair,Rented,55
10610,Excellent,Maintenance,16
10611,Fair,Maintenance,22
10612,Good,Maintenance,14
10613,Excellent,Available,28
10614,Good,Available,55
10615,Excellent,Maintenance,69
10616,Good,Available,28
10617,Excellent,Rented,47
10618,Excellent,Rented,64
10619,Maintenance Required,Available,58
10620,Maintenance Required,Available,74
10621,Excellent,Available,63
10622,Good,Maintenance,61
10623,Good,Available,20
10624,Excellent,Available,42
10625,Fair,Available,27
10626,Fair,Available,11
10627,Maintenance Required,Available,46
10628,Maintenance Required,Available,70
10629,Fair,Available,40
10630,Excellent,Maintenance,35
10631,Excellent,Available,33
10632,Maintenance Required,Available,58
10633,Good,Maintenance,55
10634,Good,Available,79
10635,Good,Available,69
10636,Maintenance Required,Maintenance,37
10637,Excellent,Rented,21
10638,Maintenance Required,Available,25
10639,Maintenance Required,Available,77
10640,Maintenance Required,Available,28
10641,Good,Available,57
10642,Good,Available,21
10643,Fair,Available,18
10644,Good,Rented,56
10645,Good,Rented,72
10646,Excellent,Available,66
10647,Fair,Available,44
10648,Fair,Available,38
10649,Maintenance Required,Maintenance,67
10650,Maintenance Required,Available,36
10651,Excellent,Available,79
10652,Maintenance Required,Available,34
10653,Maintenance Required,Rented,12
10654,Good,Available,40
10655,Excellent,Available,35
10656,Maintenance Required,Maintenance,45
10657,Excellent,Rented,39
10658,Good,Available,42
10659,Good,Maintenance,28
10660,Good,Available,32
10661,Fair,Maintenance,39
10662,Fair,Available,30
10663,Fair,Available,16
10664,Maintenance Required,Rented,1
10665,Fair,Rented,41
10666,Excellent,Available,18
10667,Excellent,Rented,58
10668,Good,Available,55
10669,Excellent,Rented,1
10670,Good,Available,23
10671,Good,Rented,39
10672,Excellent,Available,57
10673,Fair,Maintenance,79
10674,Good,Available,61
10675,Fair,Maintenance,67
10676,Maintenance Required,Available,17
10677,Good,Maintenance,45
10678,Excellent,Available,31
10679,Good,Available,55
10680,Excellent,Maintenance,72
10681,Excellent,Rented,23
10682,Excellent,Maintenance,65
10683,Good,Available,65
10684,Good,Available,5
10685,Excellent,Available,23
10686,Fair,Available,76
10687,Fair,Available,26
10688,Excellent,Available,63
10689,Good,Rented,7
10690,Good,Maintenance,75
10691,Excellent,Available,75
10692,Excellent,Available,41
10693,Good,Available,2
10694,Good,Available,62
10695,Good,Available,60
10696,Fair,Available,79
10697,Maintenance Required,Available,22
10698,Good,Available,30
10699,Excellent,Maintenance,39
10700,Maintenance Required,Rented,1
10701,Excellent,Available,5
10702,Excellent,Rented,62
10703,Fair,Available,14
10704,Fair,Available,49
10705,Maintenance Required,Available,38
10706,Fair,Maintenance,65
10707,Excellent,Maintenance,21
10708,Excellent,Available,42
10709,Good,Available,11
10710,Maintenance Required,Rented,66
10711,Excellent,Maintenance,6
10712,Maintenance Required,Available,75
10713,Fair,Available,74
10714,Maintenance Required,Available,14
10715,Excellent,Available,48
10716,Fair,Maintenance,52
10717,Good,Rented,63
10718,Fair,Maintenance,17
10719,Excellent,Available,3
10720,Maintenance Required,Maintenance,41
10721,Good,Available,36
10722,Good,Maintenance,30
10723,Maintenance Required,Rented,57
10724,Fair,Available,10
10725,Fair,Maintenance,24
10726,Fair,Rented,77
10727,Fair,Rented,11
10728,Excellent,Available,64
10729,Excellent,Maintenance,60
10730,Excellent,Available,11
10731,Good,Available,47
10732,Good,Available,52
10733,Good,Available,80
10734,Good,Available,61
10735,Excellent,Available,35
10736,Fair,Available,12
10737,Maintenance Required,Rented,69
10738,Excellent,Available,32
10739,Maintenance Required,Available,29
10740,Excellent,Available,49
10741,Fair,Available,44
10742,Excellent,Maintenance,15
10743,Fair,Maintenance,65
10744,Excellent,Maintenance,33
10745,Maintenance Required,Available,19
10746,Fair,Available,75
10747,Good,Available,61
10748,Maintenance Required,Rented,51
10749,Excellent,Available,40
10750,Excellent,Available,29
10751,Fair,Available,58
10752,Excellent,Maintenance,1
10753,Excellent,Available,70
10754,Excellent,Rented,14
10755,Good,Available,32
10756,Fair,Available,36
10757,Maintenance Required,Available,21
10758,Fair,Available,34
10759,Excellent,Maintenance,66
10760,Fair,Available,63
10761,Maintenance Required,Maintenance,9
10762,Fair,Available,15
10763,Maintenance Required,Maintenance,31
10764,Excellent,Available,72
10765,Fair,Maintenance,35
10766,Good,Available,33
10767,Fair,Available,37
10768,Excellent,Maintenance,68
10769,Excellent,Available,9
10770,Fair,Rented,54
10771,Excellent,Maintenance,79
10772,Good,Available,69
10773,Excellent,Rented,25
10774,Good,Rented,61
10775,Fair,Available,50
10776,Excellent,Rented,31
10777,Excellent,Available,45
10778,Excellent,Rented,73
10779,Excellent,Maintenance,36
10780,Excellent,Rented,15
10781,Excellent,Available,58
10782,Excellent,Rented,74
10783,Maintenance Required,Available,80
10784,Excellent,Available,13
10785,Good,Available,78
10786,Maintenance Required,Available,70
10787,Maintenance Required,Available,28
10788,Fair,Available,75
10789,Good,Maintenance,46
10790,Excellent,Maintenance,25
10791,Maintenance Required,Rented,47
10792,Fair,Maintenance,43
10793,Fair,Rented,32
10794,Excellent,Available,66
10795,Excellent,Available,53
10796,Maintenance Required,Available,61
10797,Excellent,Available,23
10798,Maintenance Required,Available,77
10799,Excellent,Rented,28
10800,Excellent,Rented,68
10801,Good,Available,55
10802,Fair,Available,23
10803,Excellent,Available,68
10804,Excellent,Available,80
10805,Maintenance Required,Rented,57
10806,Fair,Available,13
10807,Excellent,Rented,70
10808,Fair,Available,65
10809,Fair,Rented,17
10810,Maintenance Required,Available,60
10811,Fair,Available,8
10812,Maintenance Required,Rented,45
10813,Maintenance Required,Available,41
10814,Fair,Available,24
10815,Fair,Maintenance,39
10816,Maintenance Required,Maintenance,39
10817,Excellent,Maintenance,46
10818,Excellent,Available,51
10819,Excellent,Available,74
10820,Excellent,Maintenance,34
10821,Fair,Available,3
10822,Fair,Maintenance,39
10823,Good,Available,55
10824,Excellent,Rented,19
10825,Good,Maintenance,45
10826,Maintenance Required,Available,79
10827,Excellent,Rented,75
10828,Maintenance Required,Rented,52
10829,Fair,Available,63
10830,Fair,Available,33
10831,Good,Available,2
10832,Maintenance Required,Maintenance,42
10833,Maintenance Required,Available,76
10834,Fair,Maintenance,52
10835,Excellent,Available,9
10836,Fair,Available,36
10837,Maintenance Required,Maintenance,61
10838,Maintenance Required,Available,30
10839,Excellent,Maintenance,42
10840,Excellent,Available,54
10841,Good,Available,73
10842,Excellent,Rented,59
10843,Good,Available,54
10844,Good,Available,78
10845,Maintenance Required,Available,24
10846,Maintenance Required,Rented,11
10847,Maintenance Required,Available,23
10848,Excellent,Available,43
10849,Maintenance Required,Available,17
10850,Fair,Available,25
10851,Maintenance Required,Available,18
10852,Good,Available,11
10853,Good,Available,26
10854,Good,Available,7
10855,Excellent,Available,29
10856,Maintenance Required,Available,52
10857,Maintenance Required,Available,3
10858,Fair,Available,70
10859,Excellent,Available,30
10860,Maintenance Required,Available,44
10861,Good,Available,65
10862,Good,Maintenance,54
10863,Fair,Available,59
10864,Fair,Maintenance,14
10865,Good,Rented,31
10866,Good,Available,37
10867,Good,Maintenance,45
10868,Fair,Available,54
10869,Maintenance Required,Available,67
10870,Maintenance Required,Available,49
10871,Good,Available,79
10872,Good,Available,27
10873,Maintenance Required,Maintenance,13
10874,Excellent,Rented,66
10875,Excellent,Maintenance,1
10876,Excellent,Available,20
10877,Maintenance Required,Available,44
10878,Good,Available,12
10879,Good,Available,13
10880,Good,Available,70
10881,Excellent,Available,38
10882,Excellent,Maintenance,61
10883,Fair,Available,39
10884,Maintenance Required,Rented,47
10885,Maintenance Required,Available,50
10886,Good,Rented,45
10887,Excellent,Available,58
10888,Excellent,Available,63
10889,Good,Available,6
10890,Maintenance Required,Available,47
10891,Maintenance Required,Available,16
10892,Fair,Maintenance,49
10893,Good,Available,23
10894,Good,Available,7
10895,Good,Available,38
10896,Maintenance Required,Available,30
10897,Maintenance Required,Available,52
10898,Good,Available,30
10899,Excellent,Maintenance,46
10900,Maintenance Required,Available,80
10901,Excellent,Available,9
10902,Good,Maintenance,41
10903,Maintenance Required,Available,21
10904,Good,Available,79
10905,Maintenance Required,Rented,54
10906,Good,Available,33
10907,Excellent,Rented,15
10908,Excellent,Available,32
10909,Excellent,Maintenance,10
10910,Excellent,Available,15
10911,Excellent,Available,51
10912,Good,Available,43
10913,Fair,Rented,40
10914,Maintenance Required,Available,54
10915,Excellent,Available,12
10916,Fair,Available,71
10917,Good,Available,61
10918,Good,Maintenance,59
10919,Excellent,Available,24
10920,Good,Available,44
10921,Fair,Maintenance,40
10922,Excellent,Rented,70
10923,Maintenance Required,Available,53
10924,Maintenance Required,Rented,60
10925,Fair,Available,41
10926,Fair,Maintenance,74
10927,Excellent,Available,22
10928,Good,Available,55
10929,Fair,Available,22
10930,Fair,Rented,31
10931,Excellent,Available,34
10932,Excellent,Maintenance,52
10933,Maintenance Required,Maintenance,34
10934,Good,Available,16
10935,Good,Available,21
10936,Fair,Available,35
10937,Fair,Maintenance,59
10938,Fair,Rented,39
10939,Fair,Available,80
10940,Excellent,Available,43
10941,Excellent,Available,23
10942,Good,Maintenance,60
10943,Excellent,Available,76
10944,Maintenance Required,Available,17
10945,Excellent,Available,62
10946,Excellent,Available,26
10947,Good,Rented,30
10948,Fair,Rented,52
10949,Good,Available,15
10950,Fair,Available,77
10951,Fair,Available,34
10952,Excellent,Available,43
10953,Good,Available,57
10954,Maintenance Required,Rented,53
10955,Excellent,Maintenance,28
10956,Excellent,Available,59
10957,Good,Available,79
10958,Maintenance Required,Available,52
10959,Maintenance Required,Available,7
10960,Excellent,Maintenance,28
10961,Good,Maintenance,12
10962,Excellent,Maintenance,21
10963,Fair,Available,27
10964,Good,Maintenance,57
10965,Fair,Maintenance,65
10966,Fair,Available,42
10967,Excellent,Rented,47
10968,Excellent,Available,66
10969,Excellent,Available,13
10970,Good,Rented,54
10971,Fair,Rented,65
10972,Good,Available,53
10973,Maintenance Required,Available,61
10974,Good,Available,60
10975,Excellent,Available,30
10976,Fair,Rented,35
10977,Excellent,Available,45
10978,Maintenance Required,Available,76
10979,Excellent,Available,27
10980,Fair,Rented,38
10981,Good,Maintenance,28
10982,Fair,Available,34
10983,Fair,Available,37
10984,Good,Available,12
10985,Excellent,Maintenance,18
10986,Fair,Maintenance,67
10987,Good,Available,13
10988,Excellent,Available,17
10989,Good,Available,78
10990,Good,Available,71
10991,Good,Available,73
10992,Excellent,Available,20
10993,Excellent,Rented,40
10994,Maintenance Required,Maintenance,55
10995,Excellent,Rented,57
10996,Good,Maintenance,68
10997,Good,Rented,21
10998,Maintenance Required,Available,53
10999,Excellent,Available,8
11000,Maintenance Required,Rented,77
11001,Fair,Available,29
11002,Maintenance Required,Available,75
11003,Fair,Maintenance,47
11004,Excellent,Available,3
11005,Good,Available,12
11006,Good,Available,43
11007,Good,Available,16
11008,Fair,Available,29
11009,Fair,Rented,56
11010,Good,Rented,55
11011,Maintenance Required,Rented,8
11012,Maintenance Required,Available,43
11013,Excellent,Available,38
11014,Fair,Maintenance,12
11015,Good,Available,23
11016,Fair,Available,10
11017,Good,Available,64
11018,Fair,Available,45
11019,Good,Available,30
11020,Fair,Available,51
11021,Excellent,Available,41
11022,Fair,Available,50
11023,Fair,Maintenance,2
11024,Maintenance Required,Available,27
11025,Good,Available,60
11026,Fair,Maintenance,72
11027,Good,Maintenance,74
11028,Maintenance Required,Rented,20
11029,Excellent,Available,65
11030,Maintenance Required,Available,4
11031,Fair,Available,24
11032,Good,Available,40
11033,Good,Available,41
11034,Excellent,Available,55
11035,Maintenance Required,Available,13
11036,Excellent,Rented,57
11037,Maintenance Required,Available,21
11038,Excellent,Available,18
11039,Excellent,Available,45
11040,Fair,Available,80
11041,Good,Maintenance,57
11042,Maintenance Required,Maintenance,57
11043,Excellent,Available,66
11044,Fair,Maintenance,34
11045,Fair,Maintenance,13
11046,Fair,Available,4
11047,Fair,Maintenance,22
11048,Fair,Available,58
11049,Excellent,Available,40
11050,Excellent,Available,64
11051,Maintenance Required,Rented,1
11052,Fair,Available,74
11053,Maintenance Required,Maintenance,42
11054,Good,Available,76
11055,Excellent,Available,76
11056,Excellent,Available,59
11057,Fair,Available,51
11058,Maintenance Required,Rented,40
11059,Good,Available,31
11060,Fair,Rented,80
11061,Excellent,Available,77
11062,Fair,Maintenance,14
11063,Fair,Available,24
11064,Maintenance Required,Rented,60
11065,Fair,Available,59
11066,Fair,Available,56
11067,Fair,Rented,57
11068,Maintenance Required,Maintenance,49
11069,Maintenance Required,Available,44
11070,Excellent,Rented,57
11071,Good,Rented,38
11072,Excellent,Available,9
11073,Fair,Maintenance,52
11074,Good,Available,48
11075,Maintenance Required,Available,10
11076,Maintenance Required,Available,56
11077,Good,Available,63
11078,Good,Available,53
11079,Good,Available,27
11080,Excellent,Available,12
11081,Excellent,Available,11
11082,Good,Available,72
11083,Excellent,Available,35
11084,Excellent,Available,10
11085,Good,Available,12
11086,Maintenance Required,Available,11
11087,Fair,Maintenance,60
11088,Fair,Rented,12
11089,Maintenance Required,Available,73
11090,Fair,Available,76
11091,Excellent,Available,25
11092,Good,Available,9
11093,Good,Available,42
11094,Excellent,Maintenance,62
11095,Maintenance Required,Available,4
11096,Good,Rented,75
11097,Fair,Rented,67
11098,Good,Rented,35
11099,Good,Available,37
11100,Good,Available,36
11101,Excellent,Available,60
11102,Excellent,Available,50
11103,Maintenance Required,Rented,38
11104,Good,Available,56
11105,Good,Maintenance,62
11106,Good,Available,59
11107,Excellent,Maintenance,31
11108,Excellent,Maintenance,57
11109,Good,Available,53
11110,Fair,Available,39
11111,Maintenance Required,Available,30
11112,Good,Maintenance,6
11113,Good,Maintenance,3
11114,Maintenance Required,Maintenance,42
11115,Excellent,Available,65
11116,Fair,Available,72
11117,Good,Rented,1
11118,Good,Rented,67
11119,Maintenance Required,Maintenance,17
11120,Fair,Available,36
11121,Maintenance Required,Maintenance,38
11122,Fair,Available,8
11123,Fair,Available,59
11124,Good,Rented,45
11125,Good,Rented,78
11126,Maintenance Required,Available,3
11127,Good,Available,70
11128,Good,Available,67
11129,Excellent,Available,3
11130,Maintenance Required,Maintenance,77
11131,Maintenance Required,Rented,2
11132,Good,Available,71
11133,Fair,Available,55
11134,Excellent,Maintenance,26
11135,Good,Available,19
11136,Excellent,Available,22
11137,Excellent,Rented,66
11138,Excellent,Available,80
11139,Good,Available,41
11140,Good,Available,20
11141,Good,Available,64
11142,Fair,Available,40
11143,Excellent,Rented,35
11144,Good,Maintenance,8
11145,Excellent,Available,68
11146,Fair,Maintenance,70
11147,Good,Available,22
11148,Good,Available,25
11149,Fair,Rented,65
11150,Excellent,Maintenance,51
11151,Maintenance Required,Available,75
11152,Excellent,Maintenance,6
11153,Good,Available,52
11154,Good,Available,15
11155,Fair,Available,58
11156,Fair,Available,11
11157,Fair,Available,46
11158,Good,Available,58
11159,Excellent,Available,62
11160,Maintenance Required,Available,34
11161,Good,Available,33
11162,Maintenance Required,Available,44
11163,Good,Rented,5
11164,Fair,Available,33
11165,Good,Rented,68
11166,Good,Available,35
11167,Excellent,Rented,7
11168,Good,Available,1
11169,Maintenance Required,Available,59
11170,Maintenance Required,Rented,56
11171,Fair,Maintenance,47
11172,Maintenance Required,Rented,67
11173,Fair,Rented,12
11174,Good,Available,30
11175,Good,Maintenance,43
11176,Maintenance Required,Maintenance,28
11177,Good,Available,5
11178,Fair,Available,69
11179,Maintenance Required,Maintenance,42
11180,Maintenance Required,Rented,38
11181,Good,Rented,14
11182,Excellent,Available,68
11183,Maintenance Required,Maintenance,6
11184,Good,Available,52
11185,Excellent,Maintenance,70
11186,Fair,Available,79
11187,Fair,Available,21
11188,Fair,Rented,59
11189,Maintenance Required,Available,15
11190,Good,Available,58
11191,Maintenance Required,Available,11
11192,Excellent,Rented,9
11193,Fair,Available,42
11194,Maintenance Required,Rented,51
11195,Maintenance Required,Available,38
11196,Excellent,Available,48
11197,Maintenance Required,Available,54
11198,Fair,Maintenance,39
11199,Excellent,Rented,78
11200,Maintenance Required,Rented,16
11201,Excellent,Available,63
11202,Good,Available,3
11203,Good,Available,74
11204,Excellent,Maintenance,1
11205,Good,Available,28
11206,Maintenance Required,Available,16
11207,Fair,Available,41
11208,Good,Available,26
11209,Excellent,Available,30
11210,Fair,Available,48
11211,Good,Rented,14
11212,Excellent,Available,29
11213,Fair,Available,74
11214,Excellent,Maintenance,35
11215,Maintenance Required,Available,70
11216,Maintenance Required,Available,73
11217,Good,Maintenance,18
11218,Maintenance Required,Maintenance,18
11219,Good,Maintenance,5
11220,Maintenance Required,Available,31
11221,Excellent,Available,74
11222,Good,Available,54
11223,Maintenance Required,Rented,36
11224,Maintenance Required,Available,72
11225,Good,Maintenance,6
11226,Maintenance Required,Maintenance,9
11227,Fair,Maintenance,9
11228,Maintenance Required,Available,51
11229,Maintenance Required,Maintenance,60
11230,Maintenance Required,Available,69
11231,Fair,Maintenance,35
11232,Excellent,Maintenance,9
11233,Excellent,Available,45
11234,Fair,Available,14
11235,Maintenance Required,Available,22
11236,Fair,Rented,42
11237,Excellent,Available,30
11238,Excellent,Maintenance,65
11239,Good,Available,64
11240,Fair,Available,65
11241,Excellent,Available,29
11242,Maintenance Required,Available,21
11243,Fair,Available,63
11244,Fair,Available,15
11245,Good,Available,63
11246,Excellent,Available,9
11247,Fair,Available,29
11248,Maintenance Required,Available,50
11249,Good,Rented,70
11250,Maintenance Required,Available,60
11251,Maintenance Required,Available,75
11252,Maintenance Required,Rented,60
11253,Fair,Rented,15
11254,Fair,Available,4
11255,Maintenance Required,Available,39
11256,Fair,Available,57
11257,Maintenance Required,Maintenance,79
11258,Fair,Maintenance,30
11259,Maintenance Required,Available,56
11260,Fair,Rented,55
11261,Good,Maintenance,21
11262,Maintenance Required,Rented,12
11263,Maintenance Required,Available,25
11264,Good,Maintenance,42
11265,Excellent,Available,1
11266,Excellent,Available,2
11267,Maintenance Required,Maintenance,62
11268,Excellent,Maintenance,31
11269,Maintenance Required,Available,21
11270,Fair,Available,62
11271,Maintenance Required,Available,76
11272,Good,Available,27
11273,Excellent,Maintenance,41
11274,Good,Available,12
11275,Good,Available,80
11276,Fair,Available,61
11277,Fair,Available,48
11278,Fair,Rented,37
11279,Maintenance Required,Maintenance,21
11280,Good,Available,64
11281,Maintenance Required,Rented,37
11282,Maintenance Required,Available,10
11283,Maintenance Required,Rented,4
11284,Maintenance Required,Rented,72
11285,Fair,Available,73
11286,Maintenance Required,Available,1
11287,Maintenance Required,Rented,28
11288,Good,Available,78
11289,Maintenance Required,Available,58
11290,Good,Available,72
11291,Good,Available,78
11292,Maintenance Required,Maintenance,70
11293,Excellent,Maintenance,64
11294,Good,Maintenance,9
11295,Good,Available,10
11296,Maintenance Required,Available,21
11297,Excellent,Available,41
11298,Maintenance Required,Available,56
11299,Good,Rented,5
11300,Good,Available,22
11301,Good,Available,14
11302,Maintenance Required,Available,41
11303,Fair,Available,65
11304,Maintenance Required,Available,30
11305,Good,Maintenance,70
11306,Excellent,Available,33
11307,Fair,Available,22
11308,Excellent,Available,8
11309,Good,Available,32
11310,Excellent,Maintenance,73
11311,Excellent,Available,21
11312,Maintenance Required,Maintenance,38
11313,Maintenance Required,Rented,51
11314,Good,Available,60
11315,Excellent,Rented,25
11316,Fair,Available,22
11317,Good,Rented,79
11318,Excellent,Available,45
11319,Maintenance Required,Maintenance,63
11320,Excellent,Available,34
11321,Maintenance Required,Rented,14
11322,Excellent,Maintenance,73
11323,Fair,Available,38
11324,Good,Available,80
11325,Fair,Maintenance,66
11326,Fair,Available,55
11327,Fair,Available,66
11328,Fair,Available,73
11329,Maintenance Required,Maintenance,48
11330,Fair,Maintenance,38
11331,Fair,Available,28
11332,Excellent,Rented,13
11333,Good,Maintenance,47
11334,Maintenance Required,Available,58
11335,Fair,Rented,18
11336,Excellent,Available,42
11337,Fair,Maintenance,23
11338,Excellent,Available,32
11339,Maintenance Required,Available,24
11340,Fair,Available,48
11341,Fair,Available,73
11342,Good,Available,2
11343,Fair,Maintenance,58
11344,Fair,Available,17
11345,Maintenance Required,Rented,55
11346,Good,Maintenance,20
11347,Maintenance Required,Rented,49
11348,Good,Maintenance,67
11349,Maintenance Required,Available,2
11350,Maintenance Required,Available,11
11351,Excellent,Rented,70
11352,Good,Rented,55
11353,Fair,Available,62
11354,Excellent,Rented,78
11355,Maintenance Required,Available,27
11356,Excellent,Rented,22
11357,Fair,Maintenance,50
11358,Good,Rented,2
11359,Fair,Available,9
11360,Fair,Available,39
11361,Excellent,Maintenance,24
11362,Maintenance Required,Available,47
11363,Fair,Maintenance,3
11364,Fair,Available,36
11365,Good,Available,35
11366,Good,Available,69
11367,Excellent,Available,52
11368,Good,Available,18
11369,Excellent,Rented,9
11370,Maintenance Required,Available,39
11371,Good,Maintenance,54
11372,Fair,Maintenance,6
11373,Maintenance Required,Available,33
11374,Excellent,Available,61
11375,Fair,Available,30
11376,Fair,Maintenance,63
11377,Excellent,Rented,25
11378,Maintenance Required,Available,21
11379,Fair,Available,5
11380,Good,Available,51
11381,Maintenance Required,Maintenance,33
11382,Excellent,Available,51
11383,Fair,Available,54
11384,Maintenance Required,Available,68
11385,Fair,Available,43
11386,Maintenance Required,Maintenance,61
11387,Excellent,Rented,66
11388,Excellent,Maintenance,54
11389,Fair,Available,52
11390,Maintenance Required,Available,14
11391,Maintenance Required,Available,39
11392,Excellent,Rented,24
11393,Fair,Available,58
11394,Maintenance Required,Available,41
11395,Maintenance Required,Available,62
11396,Excellent,Maintenance,51
11397,Fair,Maintenance,44
11398,Good,Available,65
11399,Fair,Rented,70
11400,Good,Available,37
11401,Fair,Available,60
11402,Excellent,Available,11
11403,Fair,Available,55
11404,Maintenance Required,Available,61
11405,Fair,Rented,11
11406,Maintenance Required,Rented,21
11407,Excellent,Maintenance,80
11408,Fair,Available,8
11409,Good,Available,58
11410,Fair,Available,6
11411,Good,Available,51
11412,Fair,Rented,55
11413,Maintenance Required,Rented,6
11414,Good,Available,40
11415,Maintenance Required,Available,31
11416,Good,Maintenance,43
11417,Good,Available,67
11418,Excellent,Available,30
11419,Good,Available,75
11420,Fair,Maintenance,46
11421,Good,Maintenance,42
11422,Excellent,Rented,23
11423,Maintenance Required,Available,55
11424,Fair,Rented,27
11425,Maintenance Required,Available,79
11426,Excellent,Available,5
11427,Excellent,Available,20
11428,Excellent,Available,6
11429,Maintenance Required,Rented,22
11430,Excellent,Rented,53
11431,Excellent,Maintenance,72
11432,Maintenance Required,Available,66
11433,Excellent,Rented,40
11434,Maintenance Required,Rented,19
11435,Fair,Available,53
11436,Fair,Available,19
11437,Excellent,Available,46
11438,Good,Maintenance,20
11439,Fair,Available,15
11440,Good,Rented,48
11441,Good,Rented,42
11442,Maintenance Required,Rented,10
11443,Excellent,Rented,51
11444,Fair,Available,22
11445,Good,Available,78
11446,Excellent,Available,68
11447,Maintenance Required,Available,7
11448,Maintenance Required,Rented,15
11449,Fair,Rented,38
11450,Good,Available,3
11451,Maintenance Required,Available,72
11452,Excellent,Rented,74
11453,Excellent,Rented,42
11454,Good,Available,71
11455,Good,Available,17
11456,Fair,Available,15
11457,Maintenance Required,Rented,35
11458,Excellent,Rented,23
11459,Excellent,Available,37
11460,Maintenance Required,Available,29
11461,Fair,Available,14
11462,Fair,Maintenance,49
11463,Maintenance Required,Maintenance,53
11464,Good,Available,74
11465,Maintenance Required,Available,79
11466,Maintenance Required,Maintenance,17
11467,Excellent,Available,51
11468,Fair,Maintenance,68
11469,Good,Available,53
11470,Fair,Available,47
11471,Good,Available,9
11472,Excellent,Available,77
11473,Fair,Available,76
11474,Good,Available,42
11475,Fair,Available,74
11476,Excellent,Maintenance,1
11477,Fair,Available,50
11478,Maintenance Required,Available,73
11479,Fair,Available,44
11480,Excellent,Available,47
11481,Good,Available,41
11482,Good,Available,1
11483,Maintenance Required,Available,27
11484,Excellent,Available,58
11485,Excellent,Available,55
11486,Excellent,Available,17
11487,Excellent,Available,13
11488,Maintenance Required,Maintenance,37
11489,Maintenance Required,Available,63
11490,Excellent,Available,19
11491,Fair,Maintenance,8
11492,Fair,Available,56
11493,Fair,Available,23
11494,Maintenance Required,Available,56
11495,Good,Maintenance,24
11496,Fair,Available,8
11497,Excellent,Rented,37
11498,Excellent,Available,12
11499,Maintenance Required,Available,49
11500,Good,Maintenance,77
11501,Maintenance Required,Maintenance,28
11502,Maintenance Required,Available,5
11503,Fair,Maintenance,49
11504,Good,Available,64
11505,Good,Maintenance,43
11506,Fair,Available,74
11507,Fair,Available,60
11508,Fair,Rented,7
11509,Excellent,Available,62
11510,Good,Available,40
11511,Maintenance Required,Available,58
11512,Good,Available,60
11513,Fair,Available,47
11514,Good,Rented,70
11515,Good,Maintenance,40
11516,Good,Rented,30
11517,Good,Available,21
11518,Maintenance Required,Available,8
11519,Good,Rented,39
11520,Good,Available,31
11521,Excellent,Available,1
11522,Fair,Rented,53
11523,Fair,Available,62
11524,Excellent,Maintenance,32
11525,Fair,Available,42
11526,Fair,Available,70
11527,Good,Maintenance,8
11528,Excellent,Available,64
11529,Excellent,Available,16
11530,Good,Available,35
11531,Fair,Available,5
11532,Excellent,Maintenance,75
11533,Good,Available,76
11534,Maintenance Required,Available,6
11535,Maintenance Required,Rented,8
11536,Fair,Maintenance,65
11537,Fair,Available,51
11538,Fair,Available,67
11539,Fair,Available,21
11540,Maintenance Required,Rented,60
11541,Fair,Rented,67
11542,Fair,Rented,43
11543,Fair,Available,38
11544,Good,Rented,75
11545,Fair,Available,64
11546,Good,Available,12
11547,Good,Rented,47
11548,Fair,Maintenance,57
11549,Good,Available,36
11550,Excellent,Rented,23
11551,Excellent,Maintenance,50
11552,Good,Available,46
11553,Excellent,Available,66
11554,Maintenance Required,Available,78
11555,Good,Available,37
11556,Fair,Rented,29
11557,Maintenance Required,Maintenance,64
11558,Excellent,Available,29
11559,Excellent,Available,33
11560,Good,Maintenance,76
11561,Good,Rented,50
11562,Good,Available,19
11563,Fair,Available,63
11564,Good,Rented,27
11565,Fair,Rented,26
11566,Maintenance Required,Available,60
11567,Maintenance Required,Available,8
11568,Fair,Maintenance,69
11569,Maintenance Required,Rented,19
11570,Fair,Rented,46
11571,Excellent,Available,80
11572,Maintenance Required,Available,71
11573,Good,Rented,4
11574,Fair,Maintenance,66
11575,Fair,Available,14
11576,Good,Rented,17
11577,Maintenance Required,Rented,69
11578,Excellent,Rented,15
11579,Excellent,Available,41
11580,Excellent,Available,51
11581,Fair,Available,45
11582,Excellent,Rented,13
11583,Excellent,Maintenance,39
11584,Maintenance Required,Maintenance,67
11585,Excellent,Available,49
11586,Excellent,Available,48
11587,Excellent,Maintenance,63
11588,Good,Maintenance,57
11589,Excellent,Available,59
11590,Maintenance Required,Maintenance,24
11591,Excellent,Available,28
11592,Good,Available,52
11593,Excellent,Rented,24
11594,Fair,Available,7
11595,Maintenance Required,Maintenance,13
11596,Maintenance Required,Maintenance,62
11597,Fair,Available,2
11598,Fair,Available,32
11599,Good,Available,52
11600,Fair,Rented,78
11601,Excellent,Available,11
11602,Good,Rented,32
11603,Excellent,Rented,14
11604,Good,Available,32
11605,Fair,Maintenance,58
11606,Excellent,Available,18
11607,Excellent,Available,31
11608,Excellent,Available,39
11609,Fair,Available,53
11610,Maintenance Required,Available,11
11611,Excellent,Available,11
11612,Good,Available,51
11613,Maintenance Required,Rented,10
11614,Excellent,Maintenance,3
11615,Maintenance Required,Maintenance,69
11616,Fair,Available,27
11617,Fair,Available,41
11618,Good,Available,47
11619,Excellent,Available,71
11620,Good,Available,13
11621,Maintenance Required,Available,38
11622,Maintenance Required,Available,74
11623,Excellent,Available,33
11624,Excellent,Available,46
11625,Excellent,Rented,36
11626,Fair,Rented,53
11627,Maintenance Required,Available,15
11628,Fair,Available,76
11629,Excellent,Available,53
11630,Fair,Available,12
11631,Fair,Maintenance,30
11632,Maintenance Required,Available,2
11633,Maintenance Required,Maintenance,3
11634,Fair,Maintenance,33
11635,Fair,Maintenance,36
11636,Excellent,Available,39
11637,Good,Rented,17
11638,Maintenance Required,Available,62
11639,Excellent,Maintenance,17
11640,Maintenance Required,Rented,7
11641,Good,Available,63
11642,Maintenance Required,Maintenance,23
11643,Fair,Available,25
11644,Fair,Available,35
11645,Excellent,Rented,76
11646,Maintenance Required,Available,57
11647,Excellent,Available,19
11648,Good,Available,72
11649,Good,Available,54
11650,Good,Rented,38
11651,Excellent,Maintenance,14
11652,Good,Available,33
11653,Fair,Available,57
11654,Good,Rented,24
11655,Fair,Available,31
11656,Maintenance Required,Available,34
11657,Maintenance Required,Maintenance,40
11658,Good,Available,80
11659,Fair,Available,21
11660,Excellent,Available,44
11661,Maintenance Required,Rented,24
11662,Maintenance Required,Maintenance,34
11663,Good,Available,1
11664,Fair,Rented,67
11665,Good,Rented,15
11666,Fair,Maintenance,2
11667,Maintenance Required,Available,64
11668,Good,Available,18
11669,Good,Available,11
11670,Fair,Available,5
11671,Good,Available,20
11672,Excellent,Available,18
11673,Maintenance Required,Available,29
11674,Fair,Available,71
11675,Fair,Available,27
11676,Good,Available,7
11677,Maintenance Required,Available,41
11678,Good,Rented,70
11679,Maintenance Required,Maintenance,49
11680,Good,Rented,36
11681,Maintenance Required,Maintenance,44
11682,Excellent,Maintenance,39
11683,Maintenance Required,Maintenance,74
11684,Excellent,Available,42
11685,Fair,Available,40
11686,Good,Available,42
11687,Maintenance Required,Rented,77
11688,Good,Rented,64
11689,Fair,Available,41
11690,Good,Available,70
11691,Maintenance Required,Available,65
11692,Maintenance Required,Rented,51
11693,Good,Available,30
11694,Excellent,Maintenance,24
11695,Excellent,Available,11
11696,Excellent,Rented,34
11697,Good,Available,66
11698,Maintenance Required,Rented,78
11699,Fair,Available,1
11700,Excellent,Available,74
11701,Excellent,Rented,34
11702,Fair,Rented,48
11703,Fair,Available,51
11704,Maintenance Required,Rented,24
11705,Excellent,Rented,36
11706,Good,Available,46
11707,Good,Maintenance,13
11708,Fair,Available,32
11709,Good,Maintenance,53
11710,Good,Available,28
11711,Fair,Rented,77
11712,Excellent,Available,43
11713,Good,Available,69
11714,Excellent,Maintenance,28
11715,Maintenance Required,Rented,39
11716,Fair,Maintenance,5
11717,Maintenance Required,Rented,55
11718,Maintenance Required,Available,47
11719,Fair,Maintenance,22
11720,Good,Available,71
11721,Fair,Available,39
11722,Maintenance Required,Rented,40
11723,Maintenance Required,Maintenance,75
11724,Good,Available,27
11725,Excellent,Available,22
11726,Good,Rented,77
11727,Fair,Available,28
11728,Excellent,Maintenance,79
11729,Excellent,Available,29
11730,Maintenance Required,Rented,51
11731,Fair,Rented,34
11732,Maintenance Required,Maintenance,68
11733,Good,Available,58
11734,Maintenance Required,Available,1
11735,Excellent,Available,69
11736,Fair,Available,52
11737,Good,Rented,15
11738,Maintenance Required,Available,78
11739,Maintenance Required,Available,65
11740,Fair,Available,15
11741,Maintenance Required,Available,74
11742,Fair,Available,3
11743,Excellent,Maintenance,10
11744,Fair,Maintenance,75
11745,Fair,Available,69
11746,Maintenance Required,Available,16
11747,Maintenance Required,Available,22
11748,Good,Available,40
11749,Fair,Available,57
11750,Fair,Available,38
11751,Good,Maintenance,22
11752,Good,Rented,43
11753,Excellent,Available,4
11754,Fair,Rented,31
11755,Good,Available,36
11756,Excellent,Available,72
11757,Fair,Maintenance,4
11758,Fair,Rented,23
11759,Excellent,Available,5
11760,Fair,Available,70
11761,Maintenance Required,Available,73
11762,Good,Available,52
11763,Excellent,Maintenance,43
11764,Excellent,Maintenance,10
11765,Maintenance Required,Rented,56
11766,Fair,Available,7
11767,Fair,Rented,75
11768,Excellent,Available,77
11769,Fair,Available,42
11770,Fair,Available,50
11771,Good,Available,68
11772,Fair,Maintenance,47
11773,Maintenance Required,Rented,65
11774,Excellent,Maintenance,80
11775,Fair,Maintenance,54
11776,Excellent,Available,37
11777,Good,Available,11
11778,Maintenance Required,Available,37
11779,Good,Rented,45
11780,Maintenance Required,Available,6
11781,Good,Available,60
11782,Good,Rented,43
11783,Good,Rented,35
11784,Excellent,Available,12
11785,Maintenance Required,Available,67
11786,Maintenance Required,Available,42
11787,Good,Maintenance,56
11788,Fair,Rented,65
11789,Fair,Maintenance,48
11790,Excellent,Available,64
11791,Maintenance Required,Available,73
11792,Excellent,Available,53
11793,Fair,Maintenance,49
11794,Fair,Rented,32
11795,Excellent,Rented,6
11796,Fair,Maintenance,55
11797,Maintenance Required,Rented,53
11798,Fair,Available,68
11799,Fair,Maintenance,18
11800,Fair,Available,58
11801,Good,Available,79
11802,Maintenance Required,Available,30
11803,Good,Available,79
11804,Excellent,Available,49
11805,Maintenance Required,Available,70
11806,Maintenance Required,Available,48
11807,Good,Rented,17
11808,Good,Rented,69
11809,Excellent,Available,68
11810,Excellent,Rented,58
11811,Maintenance Required,Available,10
11812,Excellent,Rented,69
11813,Maintenance Required,Available,37
11814,Excellent,Available,19
11815,Fair,Available,53
11816,Maintenance Required,Available,42
11817,Maintenance Required,Available,56
11818,Good,Rented,50
11819,Excellent,Available,25
11820,Good,Available,80
11821,Good,Available,23
11822,Good,Available,37
11823,Good,Rented,8
11824,Good,Available,77
11825,Maintenance Required,Maintenance,39
11826,Maintenance Required,Available,28
11827,Good,Available,12
11828,Fair,Rented,26
11829,Good,Rented,73
11830,Fair,Maintenance,61
11831,Excellent,Available,1
11832,Good,Maintenance,77
11833,Good,Maintenance,80
11834,Excellent,Available,20
11835,Good,Rented,30
11836,Fair,Available,2
11837,Fair,Available,61
11838,Fair,Available,71
11839,Fair,Maintenance,61
11840,Excellent,Available,11
11841,Good,Maintenance,78
11842,Good,Rented,18
11843,Maintenance Required,Available,75
11844,Good,Maintenance,80
11845,Maintenance Required,Maintenance,19
11846,Excellent,Available,29
11847,Excellent,Available,71
11848,Good,Maintenance,28
11849,Good,Rented,26
11850,Good,Rented,59
11851,Fair,Available,9
11852,Maintenance Required,Rented,37
11853,Fair,Available,10
11854,Excellent,Available,54
11855,Excellent,Maintenance,69
11856,Excellent,Available,15
11857,Fair,Available,51
11858,Good,Available,75
11859,Excellent,Maintenance,31
11860,Fair,Maintenance,63
11861,Good,Available,75
11862,Excellent,Available,6
11863,Excellent,Available,72
11864,Good,Available,62
11865,Good,Rented,19
11866,Maintenance Required,Maintenance,39
11867,Excellent,Available,31
11868,Fair,Available,80
11869,Excellent,Maintenance,16
11870,Good,Available,69
11871,Fair,Available,35
11872,Good,Rented,44
11873,Good,Available,38
11874,Fair,Available,77
11875,Fair,Maintenance,64
11876,Maintenance Required,Rented,34
11877,Good,Available,6
11878,Good,Maintenance,75
11879,Excellent,Available,25
11880,Excellent,Available,78
11881,Excellent,Maintenance,57
11882,Excellent,Available,12
11883,Maintenance Required,Maintenance,31
11884,Good,Available,23
11885,Excellent,Available,12
11886,Good,Available,39
11887,Fair,Maintenance,6
11888,Good,Available,50
11889,Maintenance Required,Available,8
11890,Fair,Available,55
11891,Maintenance Required,Rented,9
11892,Maintenance Required,Available,56
11893,Maintenance Required,Maintenance,61
11894,Good,Maintenance,57
11895,Good,Available,54
11896,Good,Maintenance,39
11897,Fair,Maintenance,64
11898,Excellent,Available,12
11899,Excellent,Available,40
11900,Good,Available,4
11901,Good,Available,76
11902,Maintenance Required,Available,7
11903,Excellent,Rented,13
11904,Good,Available,53
11905,Fair,Available,16
11906,Excellent,Available,65
11907,Maintenance Required,Available,40
11908,Fair,Rented,47
11909,Excellent,Available,73
11910,Fair,Maintenance,6
11911,Excellent,Rented,43
11912,Fair,Available,2
11913,Fair,Rented,7
11914,Excellent,Maintenance,27
11915,Maintenance Required,Available,57
11916,Maintenance Required,Available,17
11917,Good,Maintenance,21
11918,Fair,Available,33
11919,Good,Available,30
11920,Excellent,Available,42
11921,Excellent,Available,10
11922,Maintenance Required,Available,62
11923,Good,Available,4
11924,Fair,Maintenance,28
11925,Good,Available,18
11926,Maintenance Required,Available,4
11927,Fair,Available,60
11928,Maintenance Required,Available,48
11929,Good,Available,66
11930,Maintenance Required,Available,65
11931,Excellent,Rented,34
11932,Fair,Available,13
11933,Fair,Available,44
11934,Excellent,Maintenance,39
11935,Good,Available,74
11936,Fair,Rented,45
11937,Maintenance Required,Available,37
11938,Good,Available,30
11939,Fair,Available,8
11940,Excellent,Available,28
11941,Excellent,Maintenance,71
11942,Fair,Maintenance,16
11943,Good,Available,45
11944,Maintenance Required,Available,1
11945,Good,Available,78
11946,Excellent,Maintenance,69
11947,Fair,Maintenance,77
11948,Fair,Available,9
11949,Good,Available,57
11950,Excellent,Available,28
11951,Good,Maintenance,79
11952,Fair,Available,49
11953,Fair,Available,52
11954,Good,Available,21
11955,Excellent,Available,69
11956,Fair,Rented,25
11957,Good,Rented,74
11958,Fair,Available,77
11959,Good,Available,28
11960,Fair,Available,51
11961,Good,Available,70
11962,Excellent,Available,77
11963,Excellent,Available,56
11964,Excellent,Available,6
11965,Maintenance Required,Maintenance,6
11966,Good,Available,65
11967,Excellent,Rented,3
11968,Excellent,Rented,57
11969,Excellent,Available,8
11970,Good,Available,72
11971,Good,Available,57
11972,Maintenance Required,Available,78
11973,Excellent,Available,23
11974,Good,Available,47
11975,Maintenance Required,Available,79
11976,Excellent,Rented,26
11977,Good,Maintenance,42
11978,Excellent,Available,49
11979,Fair,Available,21
11980,Excellent,Available,7
11981,Good,Rented,41
11982,Excellent,Maintenance,43
11983,Fair,Available,30
11984,Good,Available,6
11985,Maintenance Required,Available,72
11986,Maintenance Required,Available,2
11987,Fair,Available,63
11988,Fair,Available,30
11989,Excellent,Available,72
11990,Fair,Available,56
11991,Fair,Maintenance,15
11992,Fair,Available,18
11993,Good,Available,50
11994,Maintenance Required,Rented,37
11995,Good,Rented,76
11996,Maintenance Required,Maintenance,80
11997,Good,Available,26
11998,Fair,Available,45
11999,Maintenance Required,Available,47
12000,Fair,Available,33
12001,Excellent,Available,30
12002,Fair,Maintenance,29
12003,Excellent,Available,35
12004,Good,Rented,73
12005,Maintenance Required,Available,67
12006,Good,Available,38
12007,Good,Available,64
12008,Excellent,Available,34
12009,Excellent,Available,78
12010,Excellent,Maintenance,3
12011,Excellent,Available,14
12012,Excellent,Available,78
12013,Fair,Available,15
12014,Fair,Available,63
12015,Maintenance Required,Maintenance,74
12016,Good,Available,56
12017,Good,Available,54
12018,Fair,Available,65
12019,Excellent,Available,30
12020,Fair,Available,28
12021,Fair,Available,62
12022,Good,Available,3
12023,Good,Maintenance,71
12024,Excellent,Rented,69
12025,Good,Rented,11
12026,Fair,Maintenance,11
12027,Excellent,Rented,69
12028,Good,Rented,29
12029,Fair,Rented,16
12030,Fair,Available,29
12031,Good,Maintenance,38
12032,Maintenance Required,Maintenance,40
12033,Good,Maintenance,54
12034,Good,Available,57
12035,Good,Available,27
12036,Good,Available,68
12037,Maintenance Required,Available,17
12038,Fair,Available,40
12039,Maintenance Required,Available,18
12040,Good,Rented,4
12041,Fair,Maintenance,46
12042,Good,Available,42
12043,Excellent,Available,47
12044,Good,Available,31
12045,Excellent,Maintenance,4
12046,Fair,Maintenance,46
12047,Fair,Available,4
12048,Good,Maintenance,33
12049,Good,Rented,67
12050,Maintenance Required,Available,29
12051,Excellent,Maintenance,75
12052,Fair,Available,74
12053,Excellent,Maintenance,64
12054,Good,Available,9
12055,Excellent,Rented,38
12056,Excellent,Available,20
12057,Excellent,Available,53
12058,Fair,Available,28
12059,Good,Available,57
12060,Excellent,Available,61
12061,Fair,Available,42
12062,Good,Available,51
12063,Excellent,Available,71
12064,Fair,Rented,15
12065,Excellent,Maintenance,59
12066,Maintenance Required,Available,8
12067,Good,Available,73
12068,Maintenance Required,Rented,25
12069,Good,Maintenance,47
12070,Excellent,Available,47
12071,Excellent,Maintenance,14
12072,Maintenance Required,Available,24
12073,Maintenance Required,Available,41
12074,Maintenance Required,Available,48
12075,Good,Available,75
12076,Maintenance Required,Rented,3
12077,Good,Rented,25
12078,Maintenance Required,Available,30
12079,Fair,Available,26
12080,Excellent,Available,64
12081,Fair,Rented,13
12082,Excellent,Rented,32
12083,Excellent,Maintenance,8
12084,Good,Available,43
12085,Good,Maintenance,33
12086,Good,Available,51
12087,Excellent,Available,31
12088,Maintenance Required,Available,23
12089,Maintenance Required,Available,41
12090,Fair,Available,62
12091,Good,Rented,78
12092,Maintenance Required,Available,51
12093,Good,Available,42
12094,Excellent,Maintenance,52
12095,Fair,Available,32
12096,Maintenance Required,Available,22
12097,Good,Maintenance,1
12098,Fair,Maintenance,27
12099,Fair,Rented,51
12100,Good,Available,77
12101,Fair,Rented,29
12102,Excellent,Available,21
12103,Good,Rented,38
12104,Maintenance Required,Rented,18
12105,Good,Rented,11
12106,Excellent,Available,62
12107,Maintenance Required,Available,27
12108,Excellent,Rented,75
12109,Maintenance Required,Available,50
12110,Good,Available,24
12111,Maintenance Required,Available,59
12112,Fair,Available,76
12113,Fair,Rented,39
12114,Good,Available,62
12115,Fair,Available,36
12116,Maintenance Required,Rented,29
12117,Maintenance Required,Maintenance,76
12118,Maintenance Required,Available,13
12119,Maintenance Required,Available,59
12120,Good,Maintenance,35
12121,Excellent,Rented,53
12122,Excellent,Available,29
12123,Good,Available,60
12124,Excellent,Rented,28
12125,Maintenance Required,Available,65
12126,Maintenance Required,Available,47
12127,Good,Available,80
12128,Maintenance Required,Maintenance,14
12129,Maintenance Required,Available,14
12130,Maintenance Required,Rented,50
12131,Fair,Available,29
12132,Fair,Maintenance,7
12133,Good,Available,60
12134,Maintenance Required,Maintenance,39
12135,Excellent,Available,44
12136,Fair,Rented,80
12137,Fair,Rented,79
12138,Good,Maintenance,76
12139,Maintenance Required,Available,30
12140,Maintenance Required,Available,50
12141,Excellent,Maintenance,79
12142,Good,Maintenance,57
12143,Maintenance Required,Available,51
12144,Maintenance Required,Rented,55
12145,Good,Maintenance,55
12146,Maintenance Required,Available,49
12147,Good,Rented,48
12148,Maintenance Required,Available,31
12149,Maintenance Required,Available,3
12150,Excellent,Available,48
12151,Fair,Available,2
12152,Good,Maintenance,26
12153,Excellent,Available,74
12154,Maintenance Required,Available,9
12155,Good,Available,20
12156,Excellent,Rented,61
12157,Maintenance Required,Available,62
12158,Good,Available,67
12159,Excellent,Rented,54
12160,Fair,Available,55
12161,Excellent,Available,22
12162,Excellent,Available,72
12163,Good,Available,22
12164,Maintenance Required,Rented,38
12165,Maintenance Required,Available,11
12166,Maintenance Required,Available,12
12167,Maintenance Required,Rented,72
12168,Good,Rented,53
12169,Maintenance Required,Available,46
12170,Good,Maintenance,39
12171,Good,Available,68
12172,Good,Available,74
12173,Fair,Available,67
12174,Excellent,Available,80
12175,Excellent,Rented,51
12176,Fair,Maintenance,52
12177,Fair,Rented,72
12178,Fair,Available,57
12179,Good,Available,57
12180,Fair,Available,73
12181,Excellent,Available,59
12182,Maintenance Required,Available,39
12183,Good,Rented,7
12184,Maintenance Required,Available,35
12185,Maintenance Required,Rented,19
12186,Fair,Rented,77
12187,Excellent,Rented,15
12188,Excellent,Rented,53
12189,Excellent,Available,30
12190,Excellent,Rented,4
12191,Maintenance Required,Rented,73
12192,Maintenance Required,Available,52
12193,Good,Available,7
12194,Excellent,Available,2
12195,Fair,Available,56
12196,Good,Available,28
12197,Fair,Available,32
12198,Good,Available,24
12199,Fair,Available,78
12200,Fair,Available,22
12201,Good,Available,52
12202,Excellent,Available,19
12203,Fair,Available,47
12204,Fair,Available,74
12205,Good,Maintenance,11
12206,Fair,Available,52
12207,Good,Available,45
12208,Excellent,Rented,41
12209,Fair,Rented,50
12210,Good,Rented,79
12211,Fair,Available,39
12212,Good,Rented,77
12213,Maintenance Required,Available,19
12214,Good,Available,63
12215,Excellent,Available,25
12216,Excellent,Rented,26
12217,Fair,Available,13
12218,Fair,Maintenance,23
12219,Fair,Rented,74
12220,Excellent,Rented,6
12221,Excellent,Maintenance,77
12222,Good,Available,73
12223,Excellent,Available,61
12224,Fair,Maintenance,34
12225,Maintenance Required,Available,8
12226,Good,Rented,14
12227,Maintenance Required,Maintenance,33
12228,Excellent,Rented,79
12229,Maintenance Required,Maintenance,69
12230,Excellent,Available,41
12231,Excellent,Available,77
12232,Maintenance Required,Maintenance,59
12233,Fair,Available,5
12234,Maintenance Required,Available,70
12235,Fair,Available,10
12236,Good,Maintenance,33
12237,Excellent,Available,58
12238,Maintenance Required,Rented,73
12239,Good,Maintenance,26
12240,Excellent,Available,1
12241,Fair,Available,12
12242,Maintenance Required,Maintenance,22
12243,Fair,Available,40
12244,Fair,Available,2
12245,Good,Available,27
12246,Maintenance Required,Available,5
12247,Maintenance Required,Available,70
12248,Good,Available,25
12249,Maintenance Required,Maintenance,72
12250,Good,Available,9
12251,Excellent,Available,22
12252,Maintenance Required,Available,37
12253,Maintenance Required,Available,51
12254,Good,Available,63
12255,Excellent,Available,41
12256,Fair,Rented,14
12257,Maintenance Required,Available,9
12258,Good,Available,12
12259,Good,Available,29
12260,Maintenance Required,Maintenance,75
12261,Fair,Rented,20
12262,Excellent,Rented,52
12263,Excellent,Available,36
12264,Good,Available,42
12265,Fair,Rented,6
12266,Fair,Available,67
12267,Good,Rented,58
12268,Fair,Available,27
12269,Maintenance Required,Available,51
12270,Excellent,Available,34
12271,Maintenance Required,Available,24
12272,Excellent,Available,1
12273,Good,Available,8
12274,Good,Available,79
12275,Good,Available,76
12276,Good,Available,10
12277,Excellent,Available,60
12278,Excellent,Available,42
12279,Maintenance Required,Available,66
12280,Good,Maintenance,64
12281,Good,Available,39
12282,Good,Maintenance,53
12283,Good,Available,59
12284,Excellent,Available,43
12285,Fair,Available,74
12286,Maintenance Required,Available,79
12287,Fair,Available,69
12288,Maintenance Required,Rented,70
12289,Good,Available,80
12290,Excellent,Available,49
12291,Maintenance Required,Available,61
12292,Maintenance Required,Rented,38
12293,Maintenance Required,Available,47
12294,Excellent,Rented,18
12295,Fair,Available,78
12296,Excellent,Available,21
12297,Fair,Available,5
12298,Maintenance Required,Available,11
12299,Maintenance Required,Rented,43
12300,Fair,Maintenance,61
12301,Excellent,Available,57
12302,Excellent,Available,35
12303,Good,Maintenance,17
12304,Excellent,Available,67
12305,Good,Available,35
12306,Fair,Available,71
12307,Maintenance Required,Maintenance,33
12308,Fair,Available,52
12309,Fair,Available,38
12310,Fair,Available,65
12311,Fair,Maintenance,34
12312,Excellent,Rented,66
12313,Excellent,Available,74
12314,Maintenance Required,Maintenance,31
12315,Fair,Maintenance,68
12316,Fair,Available,70
12317,Maintenance Required,Available,1
12318,Maintenance Required,Maintenance,19
12319,Fair,Maintenance,5
12320,Excellent,Available,40
12321,Excellent,Maintenance,17
12322,Excellent,Available,68
12323,Maintenance Required,Rented,1
12324,Good,Available,64
12325,Excellent,Available,69
12326,Excellent,Available,30
12327,Good,Available,75
12328,Maintenance Required,Rented,26
12329,Excellent,Available,58
12330,Maintenance Required,Maintenance,19
12331,Fair,Available,18
12332,Fair,Available,70
12333,Maintenance Required,Maintenance,19
12334,Good,Available,14
12335,Good,Available,48
12336,Fair,Maintenance,18
12337,Fair,Available,72
12338,Excellent,Rented,39
12339,Maintenance Required,Available,23
12340,Good,Available,23
12341,Excellent,Available,17
12342,Fair,Available,42
12343,Fair,Available,40
12344,Fair,Rented,19
12345,Excellent,Available,10
12346,Excellent,Available,50
12347,Excellent,Available,64
12348,Maintenance Required,Maintenance,62
12349,Good,Available,63
12350,Fair,Available,80
12351,Maintenance Required,Available,39
12352,Good,Rented,58
12353,Excellent,Available,23
12354,Good,Available,6
12355,Excellent,Available,39
12356,Excellent,Available,39
12357,Excellent,Rented,21
12358,Fair,Rented,72
12359,Fair,Available,27
12360,Excellent,Available,52
12361,Fair,Available,44
12362,Good,Maintenance,11
12363,Fair,Available,3
12364,Good,Maintenance,11
12365,Maintenance Required,Rented,56
12366,Maintenance Required,Available,59
12367,Fair,Rented,50
12368,Good,Rented,79
12369,Good,Available,31
12370,Fair,Maintenance,5
12371,Maintenance Required,Maintenance,13
12372,Good,Available,46
12373,Excellent,Maintenance,75
12374,Excellent,Available,61
12375,Maintenance Required,Available,39
12376,Maintenance Required,Available,66
12377,Maintenance Required,Available,21
12378,Good,Available,80
12379,Maintenance Required,Maintenance,50
12380,Excellent,Available,30
12381,Fair,Available,50
12382,Excellent,Maintenance,43
12383,Good,Available,67
12384,Fair,Available,19
12385,Maintenance Required,Maintenance,80
12386,Fair,Rented,56
12387,Good,Available,63
12388,Maintenance Required,Available,32
12389,Good,Maintenance,33
12390,Excellent,Available,22
12391,Good,Available,30
12392,Maintenance Required,Available,1
12393,Maintenance Required,Maintenance,67
12394,Maintenance Required,Available,37
12395,Maintenance Required,Maintenance,46
12396,Maintenance Required,Available,20
12397,Excellent,Available,48
12398,Fair,Maintenance,53
12399,Maintenance Required,Available,22
12400,Excellent,Available,55
12401,Good,Maintenance,36
12402,Good,Available,10
12403,Excellent,Available,72
12404,Maintenance Required,Available,41
12405,Maintenance Required,Available,11
12406,Maintenance Required,Available,61
12407,Fair,Available,39
12408,Good,Available,39
12409,Fair,Available,14
12410,Fair,Rented,54
12411,Maintenance Required,Available,20
12412,Excellent,Available,51
12413,Fair,Available,52
12414,Excellent,Rented,4
12415,Fair,Rented,21
12416,Maintenance Required,Available,51
12417,Good,Available,46
12418,Maintenance Required,Maintenance,28
12419,Maintenance Required,Available,27
12420,Maintenance Required,Rented,62
12421,Good,Rented,78
12422,Maintenance Required,Available,61
12423,Good,Available,40
12424,Maintenance Required,Maintenance,22
12425,Excellent,Available,40
12426,Maintenance Required,Rented,69
12427,Good,Maintenance,14
12428,Maintenance Required,Available,19
12429,Fair,Maintenance,21
12430,Maintenance Required,Rented,79
12431,Fair,Maintenance,78
12432,Fair,Available,10
12433,Excellent,Available,53
12434,Fair,Rented,59
12435,Excellent,Available,12
12436,Maintenance Required,Rented,5
12437,Good,Available,25
12438,Maintenance Required,Maintenance,67
12439,Excellent,Available,35
12440,Good,Available,49
12441,Excellent,Rented,59
12442,Maintenance Required,Maintenance,45
12443,Maintenance Required,Available,25
12444,Good,Available,9
12445,Fair,Available,44
12446,Good,Maintenance,46
12447,Maintenance Required,Maintenance,4
12448,Fair,Rented,54
12449,Excellent,Available,62
12450,Maintenance Required,Available,54
12451,Good,Available,3
12452,Maintenance Required,Available,25
12453,Excellent,Rented,63
12454,Good,Maintenance,48
12455,Good,Rented,10
12456,Fair,Rented,70
12457,Good,Available,18
12458,Good,Available,38
12459,Good,Maintenance,9
12460,Fair,Available,3
12461,Maintenance Required,Available,70
12462,Fair,Maintenance,71
12463,Good,Available,47
12464,Fair,Available,7
12465,Fair,Available,8
12466,Excellent,Rented,12
12467,Maintenance Required,Available,49
12468,Excellent,Maintenance,48
12469,Good,Available,41
12470,Excellent,Available,28
12471,Good,Available,68
12472,Fair,Rented,20
12473,Good,Available,8
12474,Maintenance Required,Maintenance,14
12475,Maintenance Required,Available,50
12476,Good,Maintenance,21
12477,Fair,Maintenance,12
12478,Maintenance Required,Available,65
12479,Excellent,Rented,56
12480,Excellent,Available,71
12481,Good,Rented,34
12482,Excellent,Available,12
12483,Good,Available,31
12484,Maintenance Required,Available,49
12485,Good,Available,37
12486,Fair,Available,60
12487,Good,Available,7
12488,Maintenance Required,Rented,19
12489,Fair,Available,71
12490,Maintenance Required,Available,51
12491,Fair,Available,14
12492,Excellent,Rented,52
12493,Maintenance Required,Available,1
12494,Fair,Rented,8
12495,Maintenance Required,Rented,66
12496,Excellent,Available,54
12497,Good,Maintenance,61
12498,Excellent,Available,49
12499,Good,Available,61
12500,Fair,Maintenance,58
12501,Good,Rented,4
12502,Maintenance Required,Available,77
12503,Good,Available,64
12504,Maintenance Required,Maintenance,15
12505,Fair,Rented,75
12506,Good,Available,48
12507,Fair,Available,61
12508,Fair,Maintenance,51
12509,Fair,Available,75
12510,Maintenance Required,Maintenance,71
12511,Fair,Available,38
12512,Excellent,Rented,72
12513,Fair,Available,67
12514,Fair,Rented,39
12515,Fair,Available,74
12516,Good,Maintenance,59
12517,Fair,Rented,9
12518,Maintenance Required,Available,58
12519,Excellent,Available,68
12520,Excellent,Available,55
12521,Good,Available,3
12522,Maintenance Required,Rented,21
12523,Excellent,Rented,28
12524,Fair,Maintenance,80
12525,Good,Maintenance,64
12526,Maintenance Required,Maintenance,58
12527,Maintenance Required,Available,60
12528,Maintenance Required,Available,75
12529,Excellent,Maintenance,64
12530,Maintenance Required,Available,11
12531,Fair,Available,30
12532,Maintenance Required,Available,75
12533,Maintenance Required,Available,74
12534,Excellent,Rented,15
12535,Maintenance Required,Available,41
12536,Fair,Available,37
12537,Excellent,Available,53
12538,Excellent,Maintenance,16
12539,Maintenance Required,Available,13
12540,Maintenance Required,Maintenance,56
12541,Maintenance Required,Available,54
12542,Good,Available,59
12543,Good,Rented,23
12544,Maintenance Required,Available,27
12545,Maintenance Required,Maintenance,9
12546,Fair,Available,23
12547,Excellent,Available,54
12548,Excellent,Rented,6
12549,Maintenance Required,Available,61
12550,Maintenance Required,Available,55
12551,Maintenance Required,Maintenance,48
12552,Fair,Rented,12
12553,Excellent,Available,2
12554,Good,Maintenance,80
12555,Fair,Available,33
12556,Maintenance Required,Available,11
12557,Excellent,Rented,50
12558,Fair,Available,14
12559,Maintenance Required,Rented,1
12560,Good,Maintenance,45
12561,Good,Available,43
12562,Fair,Available,5
12563,Maintenance Required,Maintenance,48
12564,Fair,Maintenance,52
12565,Good,Available,24
12566,Excellent,Available,17
12567,Fair,Maintenance,50
12568,Maintenance Required,Available,62
12569,Fair,Available,15
12570,Excellent,Available,18
12571,Excellent,Available,65
12572,Good,Available,37
12573,Maintenance Required,Available,49
12574,Maintenance Required,Available,9
12575,Maintenance Required,Rented,36
12576,Maintenance Required,Available,68
12577,Excellent,Rented,72
12578,Maintenance Required,Available,79
12579,Excellent,Rented,16
12580,Excellent,Available,62
12581,Excellent,Available,31
12582,Fair,Maintenance,50
12583,Maintenance Required,Available,29
12584,Excellent,Available,78
12585,Maintenance Required,Available,53
12586,Excellent,Available,70
12587,Maintenance Required,Available,55
12588,Good,Available,22
12589,Maintenance Required,Available,70
12590,Good,Available,4
12591,Excellent,Available,31
12592,Maintenance Required,Available,4
12593,Fair,Rented,78
12594,Good,Available,71
12595,Excellent,Available,68
12596,Excellent,Maintenance,51
12597,Fair,Rented,19
12598,Excellent,Rented,39
12599,Fair,Available,73
12600,Fair,Available,40
12601,Maintenance Required,Available,15
12602,Maintenance Required,Rented,49
12603,Maintenance Required,Available,12
12604,Good,Available,12
12605,Good,Maintenance,31
12606,Excellent,Available,48
12607,Maintenance Required,Rented,76
12608,Excellent,Available,11
12609,Excellent,Rented,18
12610,Excellent,Maintenance,44
12611,Good,Rented,59
12612,Excellent,Available,61
12613,Excellent,Maintenance,10
12614,Good,Available,29
12615,Excellent,Available,78
12616,Excellent,Rented,44
12617,Good,Maintenance,61
12618,Good,Available,11
12619,Good,Available,35
12620,Fair,Maintenance,12
12621,Fair,Available,8
12622,Good,Available,62
12623,Maintenance Required,Rented,11
12624,Maintenance Required,Rented,45
12625,Good,Available,24
12626,Good,Maintenance,14
12627,Fair,Available,50
12628,Fair,Available,32
12629,Excellent,Maintenance,7
12630,Good,Available,46
12631,Fair,Maintenance,24
12632,Fair,Available,23
12633,Excellent,Rented,34
12634,Excellent,Available,56
12635,Good,Available,74
12636,Excellent,Maintenance,18
12637,Maintenance Required,Available,63
12638,Maintenance Required,Available,70
12639,Good,Maintenance,71
12640,Fair,Available,22
12641,Excellent,Available,76
12642,Good,Available,29
12643,Maintenance Required,Available,15
12644,Fair,Rented,36
12645,Fair,Available,8
12646,Good,Available,66
12647,Excellent,Maintenance,68
12648,Excellent,Rented,53
12649,Excellent,Maintenance,66
12650,Excellent,Available,64
12651,Good,Maintenance,44
12652,Maintenance Required,Available,40
12653,Fair,Available,20
12654,Fair,Rented,8
12655,Good,Rented,8
12656,Fair,Maintenance,47
12657,Fair,Rented,24
12658,Maintenance Required,Available,4
12659,Good,Maintenance,62
12660,Fair,Rented,1
12661,Excellent,Available,74
12662,Good,Available,57
12663,Maintenance Required,Available,30
12664,Maintenance Required,Available,24
12665,Maintenance Required,Available,50
12666,Maintenance Required,Available,50
12667,Excellent,Available,64
12668,Fair,Available,19
12669,Good,Rented,5
12670,Excellent,Available,21
12671,Good,Available,69
12672,Good,Available,71
12673,Excellent,Available,3
12674,Excellent,Maintenance,29
12675,Fair,Available,31
12676,Good,Available,43
12677,Good,Available,9
12678,Maintenance Required,Available,7
12679,Good,Maintenance,11
12680,Good,Maintenance,60
12681,Maintenance Required,Available,70
12682,Maintenance Required,Rented,68
12683,Good,Available,10
12684,Good,Available,39
12685,Maintenance Required,Rented,65
12686,Excellent,Maintenance,65
12687,Excellent,Rented,1
12688,Maintenance Required,Available,59
12689,Maintenance Required,Rented,21
12690,Maintenance Required,Maintenance,5
12691,Good,Available,48
12692,Excellent,Available,32
12693,Fair,Available,68
12694,Good,Available,9
12695,Fair,Available,59
12696,Fair,Available,69
12697,Fair,Available,75
12698,Good,Available,36
12699,Fair,Available,27
12700,Good,Available,6
12701,Fair,Available,72
12702,Excellent,Maintenance,9
12703,Good,Available,68
12704,Excellent,Available,57
12705,Maintenance Required,Available,67
12706,Fair,Available,69
12707,Fair,Maintenance,11
12708,Maintenance Required,Available,77
12709,Excellent,Maintenance,51
12710,Good,Available,58
12711,Maintenance Required,Rented,33
12712,Fair,Available,64
12713,Excellent,Rented,66
12714,Good,Available,56
12715,Good,Available,25
12716,Excellent,Available,61
12717,Excellent,Rented,2
12718,Excellent,Maintenance,20
12719,Maintenance Required,Available,67
12720,Maintenance Required,Maintenance,37
12721,Excellent,Rented,26
12722,Excellent,Available,72
12723,Maintenance Required,Available,10
12724,Excellent,Maintenance,79
12725,Maintenance Required,Available,3
12726,Fair,Available,35
12727,Maintenance Required,Available,15
12728,Good,Available,74
12729,Maintenance Required,Rented,4
12730,Excellent,Available,9
12731,Fair,Maintenance,62
12732,Good,Available,38
12733,Fair,Rented,21
12734,Excellent,Maintenance,60
12735,Excellent,Rented,28
12736,Maintenance Required,Available,38
12737,Excellent,Maintenance,75
12738,Fair,Available,62
12739,Good,Available,44
12740,Good,Available,35
12741,Fair,Available,78
12742,Good,Available,31
12743,Maintenance Required,Maintenance,9
12744,Fair,Available,48
12745,Good,Available,18
12746,Maintenance Required,Maintenance,36
12747,Fair,Available,29
12748,Maintenance Required,Maintenance,16
12749,Good,Rented,64
12750,Maintenance Required,Available,61
12751,Fair,Available,7
12752,Maintenance Required,Available,73
12753,Fair,Available,65
12754,Excellent,Rented,60
12755,Maintenance Required,Available,80
12756,Fair,Available,54
12757,Good,Maintenance,47
12758,Fair,Available,21
12759,Fair,Rented,27
12760,Maintenance Required,Available,56
12761,Fair,Available,48
12762,Maintenance Required,Rented,1
12763,Fair,Available,67
12764,Good,Available,44
12765,Good,Rented,66
12766,Good,Available,75
12767,Excellent,Available,71
12768,Maintenance Required,Available,13
12769,Good,Maintenance,15
12770,Good,Available,70
12771,Excellent,Available,22
12772,Maintenance Required,Available,46
12773,Good,Available,58
12774,Maintenance Required,Available,69
12775,Excellent,Available,53
12776,Maintenance Required,Available,70
12777,Excellent,Available,75
12778,Fair,Available,56
12779,Fair,Maintenance,53
12780,Fair,Available,5
12781,Fair,Available,66
12782,Maintenance Required,Rented,38
12783,Fair,Available,31
12784,Excellent,Maintenance,31
12785,Fair,Maintenance,68
12786,Fair,Available,59
12787,Good,Available,50
12788,Fair,Available,22
12789,Good,Available,53
12790,Maintenance Required,Available,55
12791,Good,Available,24
12792,Excellent,Rented,19
12793,Good,Available,74
12794,Good,Maintenance,16
12795,Excellent,Available,74
12796,Fair,Available,4
12797,Good,Rented,3
12798,Excellent,Available,11
12799,Excellent,Available,67
12800,Maintenance Required,Available,59
12801,Maintenance Required,Available,43
12802,Good,Available,32
12803,Fair,Rented,76
12804,Maintenance Required,Rented,74
12805,Fair,Available,66
12806,Fair,Rented,26
12807,Fair,Maintenance,36
12808,Fair,Available,20
12809,Good,Rented,52
12810,Good,Available,27
12811,Excellent,Available,2
12812,Fair,Rented,1
12813,Maintenance Required,Rented,13
12814,Good,Available,20
12815,Fair,Available,23
12816,Excellent,Available,6
12817,Excellent,Maintenance,68
12818,Excellent,Available,37
12819,Excellent,Available,14
12820,Fair,Available,76
12821,Maintenance Required,Maintenance,7
12822,Maintenance Required,Available,14
12823,Fair,Rented,13
12824,Maintenance Required,Rented,45
12825,Maintenance Required,Available,31
12826,Excellent,Available,64
12827,Maintenance Required,Available,31
12828,Fair,Available,59
12829,Good,Available,33
12830,Fair,Available,31
12831,Maintenance Required,Available,34
12832,Good,Maintenance,17
12833,Maintenance Required,Rented,39
12834,Excellent,Available,50
12835,Maintenance Required,Available,79
12836,Excellent,Maintenance,74
12837,Good,Rented,12
12838,Good,Available,14
12839,Excellent,Available,72
12840,Fair,Available,13
12841,Fair,Maintenance,70
12842,Excellent,Available,39
12843,Maintenance Required,Available,40
12844,Excellent,Maintenance,56
12845,Maintenance Required,Maintenance,33
12846,Fair,Available,48
12847,Fair,Rented,77
12848,Maintenance Required,Rented,73
12849,Fair,Rented,47
12850,Good,Available,9
12851,Excellent,Available,38
12852,Fair,Available,11
12853,Excellent,Available,23
12854,Excellent,Available,4
12855,Maintenance Required,Rented,4
12856,Fair,Available,22
12857,Excellent,Available,3
12858,Maintenance Required,Available,14
12859,Excellent,Maintenance,24
12860,Good,Available,39
12861,Good,Available,23
12862,Good,Available,67
12863,Fair,Rented,11
12864,Maintenance Required,Available,59
12865,Excellent,Available,37
12866,Good,Available,58
12867,Maintenance Required,Available,6
12868,Maintenance Required,Available,41
12869,Maintenance Required,Available,28
12870,Maintenance Required,Rented,65
12871,Maintenance Required,Maintenance,33
12872,Fair,Available,76
12873,Good,Available,47
12874,Fair,Available,69
12875,Fair,Maintenance,41
12876,Fair,Available,74
12877,Fair,Available,41
12878,Good,Rented,38
12879,Fair,Available,7
12880,Maintenance Required,Available,71
12881,Good,Available,37
12882,Fair,Maintenance,70
12883,Excellent,Rented,52
12884,Excellent,Available,34
12885,Good,Available,39
12886,Maintenance Required,Maintenance,7
12887,Good,Rented,25
12888,Maintenance Required,Maintenance,43
12889,Excellent,Available,7
12890,Excellent,Maintenance,46
12891,Excellent,Rented,70
12892,Fair,Maintenance,26
12893,Fair,Available,37
12894,Excellent,Available,45
12895,Maintenance Required,Available,24
12896,Maintenance Required,Available,31
12897,Maintenance Required,Rented,33
12898,Excellent,Maintenance,65
12899,Fair,Rented,71
12900,Good,Available,71
12901,Fair,Available,7
12902,Good,Available,68
12903,Excellent,Available,40
12904,Fair,Available,59
12905,Maintenance Required,Available,34
12906,Fair,Available,16
12907,Fair,Available,76
12908,Good,Rented,31
12909,Good,Rented,74
12910,Good,Available,70
12911,Good,Available,5
12912,Excellent,Available,16
12913,Fair,Maintenance,45
12914,Excellent,Available,67
12915,Excellent,Rented,50
12916,Good,Available,47
12917,Good,Available,75
12918,Maintenance Required,Rented,80
12919,Good,Available,56
12920,Excellent,Rented,78
12921,Excellent,Available,49
12922,Maintenance Required,Rented,42
12923,Excellent,Available,25
12924,Fair,Available,46
12925,Maintenance Required,Available,25
12926,Good,Available,29
12927,Good,Available,77
12928,Excellent,Available,20
12929,Excellent,Available,72
12930,Good,Maintenance,6
12931,Maintenance Required,Available,63
12932,Excellent,Available,71
12933,Maintenance Required,Maintenance,58
12934,Excellent,Maintenance,77
12935,Maintenance Required,Available,52
12936,Maintenance Required,Rented,54
12937,Fair,Available,66
12938,Excellent,Rented,26
12939,Excellent,Maintenance,42
12940,Good,Available,70
12941,Excellent,Available,69
12942,Good,Available,63
12943,Excellent,Available,78
12944,Excellent,Available,35
12945,Good,Maintenance,40
12946,Fair,Rented,30
12947,Fair,Rented,80
12948,Fair,Available,32
12949,Fair,Available,76
12950,Good,Available,63
12951,Excellent,Available,67
12952,Good,Available,44
12953,Fair,Maintenance,67
12954,Good,Available,53
12955,Good,Available,5
12956,Excellent,Available,29
12957,Excellent,Maintenance,2
12958,Maintenance Required,Maintenance,18
12959,Excellent,Available,52
12960,Good,Maintenance,63
12961,Fair,Available,46
12962,Fair,Available,47
12963,Excellent,Maintenance,45
12964,Maintenance Required,Rented,12
12965,Fair,Available,12
12966,Maintenance Required,Available,50
12967,Fair,Available,38
12968,Maintenance Required,Rented,53
12969,Fair,Available,1
12970,Excellent,Maintenance,12
12971,Excellent,Available,6
12972,Fair,Maintenance,51
12973,Good,Available,14
12974,Maintenance Required,Available,76
12975,Fair,Rented,68
12976,Good,Available,35
12977,Maintenance Required,Available,20
12978,Excellent,Rented,28
12979,Excellent,Available,63
12980,Good,Rented,47
12981,Fair,Rented,23
12982,Maintenance Required,Available,45
12983,Maintenance Required,Available,27
12984,Good,Available,33
12985,Excellent,Maintenance,70
12986,Excellent,Available,8
12987,Good,Available,4
12988,Excellent,Available,23
12989,Maintenance Required,Rented,17
12990,Excellent,Rented,49
12991,Good,Available,51
12992,Fair,Rented,75
12993,Maintenance Required,Available,70
12994,Excellent,Available,39
12995,Fair,Maintenance,17
12996,Good,Available,37
12997,Good,Rented,62
12998,Good,Available,33
12999,Fair,Available,80
13000,Maintenance Required,Maintenance,37
13001,Excellent,Available,73
13002,Maintenance Required,Available,56
13003,Excellent,Rented,56
13004,Fair,Maintenance,68
13005,Excellent,Available,65
13006,Good,Maintenance,50
13007,Maintenance Required,Maintenance,17
13008,Excellent,Available,40
13009,Fair,Available,45
13010,Maintenance Required,Available,76
13011,Good,Available,28
13012,Maintenance Required,Available,78
13013,Good,Available,29
13014,Fair,Available,22
13015,Excellent,Available,64
13016,Maintenance Required,Available,79
13017,Fair,Available,36
13018,Good,Available,50
13019,Fair,Rented,50
13020,Maintenance Required,Available,33
13021,Excellent,Available,73
13022,Excellent,Available,13
13023,Fair,Available,10
13024,Excellent,Maintenance,22
13025,Fair,Maintenance,12
13026,Excellent,Available,46
13027,Maintenance Required,Maintenance,26
13028,Maintenance Required,Rented,68
13029,Good,Available,5
13030,Good,Available,19
13031,Excellent,Available,13
13032,Fair,Available,75
13033,Fair,Available,23
13034,Fair,Available,74
13035,Excellent,Available,58
13036,Maintenance Required,Rented,11
13037,Excellent,Available,70
13038,Good,Available,12
13039,Maintenance Required,Available,36
13040,Good,Available,62
13041,Excellent,Available,66
13042,Fair,Available,11
13043,Maintenance Required,Available,29
13044,Fair,Available,57
13045,Fair,Available,36
13046,Good,Available,57
13047,Excellent,Rented,1
13048,Fair,Maintenance,44
13049,Maintenance Required,Available,59
13050,Excellent,Available,58
13051,Excellent,Rented,73
13052,Fair,Available,51
13053,Maintenance Required,Available,12
13054,Maintenance Required,Available,72
13055,Excellent,Available,20
13056,Excellent,Available,56
13057,Excellent,Available,62
13058,Good,Available,62
13059,Fair,Available,17
13060,Excellent,Maintenance,26
13061,Fair,Available,52
13062,Fair,Available,50
13063,Excellent,Available,13
13064,Excellent,Available,35
13065,Fair,Available,67
13066,Excellent,Maintenance,67
13067,Good,Available,35
13068,Maintenance Required,Available,60
13069,Excellent,Maintenance,79
13070,Maintenance Required,Available,60
13071,Excellent,Available,74
13072,Excellent,Maintenance,13
13073,Excellent,Maintenance,64
13074,Excellent,Available,59
13075,Fair,Maintenance,58
13076,Maintenance Required,Rented,16
13077,Maintenance Required,Available,9
13078,Maintenance Required,Available,56
13079,Maintenance Required,Rented,74
13080,Fair,Available,64
13081,Good,Available,55
13082,Fair,Available,26
13083,Fair,Rented,67
13084,Fair,Available,79
13085,Fair,Available,9
13086,Fair,Available,11
13087,Fair,Available,52
13088,Excellent,Available,14
13089,Maintenance Required,Maintenance,49
13090,Good,Available,63
13091,Excellent,Maintenance,66
13092,Excellent,Available,42
13093,Maintenance Required,Rented,79
13094,Fair,Rented,58
13095,Maintenance Required,Maintenance,13
13096,Fair,Available,41
13097,Good,Available,18
13098,Fair,Available,26
13099,Good,Maintenance,50
13100,Fair,Rented,49
13101,Good,Maintenance,13
13102,Maintenance Required,Available,46
13103,Excellent,Rented,6
13104,Fair,Available,71
13105,Good,Available,9
13106,Excellent,Available,35
13107,Maintenance Required,Maintenance,29
13108,Good,Available,79
13109,Excellent,Available,26
13110,Maintenance Required,Available,60
13111,Excellent,Maintenance,36
13112,Good,Rented,51
13113,Good,Available,19
13114,Fair,Available,45
13115,Maintenance Required,Available,57
13116,Excellent,Maintenance,16
13117,Fair,Available,71
13118,Maintenance Required,Available,24
13119,Good,Available,57
13120,Maintenance Required,Rented,56
13121,Fair,Maintenance,48
13122,Fair,Maintenance,2
13123,Good,Available,64
13124,Maintenance Required,Available,31
13125,Maintenance Required,Available,31
13126,Excellent,Maintenance,48
13127,Good,Available,67
13128,Good,Maintenance,52
13129,Excellent,Rented,34
13130,Fair,Maintenance,7
13131,Maintenance Required,Available,54
13132,Fair,Available,75
13133,Excellent,Maintenance,58
13134,Maintenance Required,Available,9
13135,Excellent,Available,58
13136,Maintenance Required,Available,35
13137,Good,Maintenance,1
13138,Good,Available,69
13139,Maintenance Required,Maintenance,75
13140,Excellent,Maintenance,63
13141,Maintenance Required,Available,57
13142,Fair,Available,9
13143,Good,Available,39
13144,Good,Available,37
13145,Good,Maintenance,6
13146,Good,Available,74
13147,Excellent,Available,13
13148,Maintenance Required,Available,52
13149,Excellent,Maintenance,5
13150,Fair,Available,24
13151,Maintenance Required,Available,19
13152,Good,Available,76
13153,Excellent,Maintenance,66
13154,Good,Available,8
13155,Excellent,Rented,25
13156,Fair,Maintenance,14
13157,Good,Available,71
13158,Fair,Available,43
13159,Good,Rented,4
13160,Maintenance Required,Maintenance,46
13161,Excellent,Maintenance,48
13162,Fair,Maintenance,64
13163,Fair,Rented,71
13164,Fair,Maintenance,57
13165,Good,Available,20
13166,Maintenance Required,Available,22
13167,Fair,Available,22
13168,Maintenance Required,Available,39
13169,Excellent,Rented,60
13170,Good,Rented,38
13171,Fair,Available,47
13172,Maintenance Required,Available,53
13173,Fair,Available,20
13174,Excellent,Available,4
13175,Excellent,Available,56
13176,Fair,Available,21
13177,Excellent,Available,71
13178,Excellent,Rented,53
13179,Good,Available,51
13180,Maintenance Required,Maintenance,3
13181,Maintenance Required,Available,21
13182,Maintenance Required,Maintenance,12
13183,Maintenance Required,Available,35
13184,Good,Available,3
13185,Good,Available,49
13186,Excellent,Available,40
13187,Good,Available,76
13188,Good,Available,33
13189,Fair,Available,75
13190,Fair,Rented,1
13191,Maintenance Required,Available,68
13192,Maintenance Required,Available,19
13193,Good,Available,63
13194,Good,Rented,59
13195,Excellent,Maintenance,27
13196,Maintenance Required,Available,72
13197,Excellent,Available,56
13198,Maintenance Required,Available,35
13199,Good,Rented,3
13200,Fair,Available,37
13201,Excellent,Maintenance,61
13202,Excellent,Rented,80
13203,Good,Available,62
13204,Excellent,Available,19
13205,Excellent,Available,19
13206,Excellent,Rented,36
13207,Excellent,Available,72
13208,Maintenance Required,Available,56
13209,Good,Maintenance,77
13210,Maintenance Required,Available,2
13211,Good,Maintenance,25
13212,Good,Rented,38
13213,Good,Available,15
13214,Fair,Rented,19
13215,Maintenance Required,Available,8
13216,Good,Available,73
13217,Fair,Rented,17
13218,Maintenance Required,Available,13
13219,Excellent,Available,7
13220,Fair,Available,65
13221,Excellent,Available,34
13222,Fair,Available,29
13223,Fair,Rented,55
13224,Good,Maintenance,51
13225,Excellent,Maintenance,62
13226,Excellent,Available,6
13227,Maintenance Required,Available,6
13228,Fair,Rented,31
13229,Maintenance Required,Maintenance,46
13230,Maintenance Required,Available,35
13231,Maintenance Required,Available,52
13232,Fair,Rented,54
13233,Maintenance Required,Rented,55
13234,Maintenance Required,Available,51
13235,Excellent,Available,74
13236,Excellent,Rented,39
13237,Fair,Available,75
13238,Good,Available,28
13239,Good,Available,19
13240,Fair,Available,55
13241,Good,Available,26
13242,Good,Available,37
13243,Maintenance Required,Available,40
13244,Excellent,Available,2
13245,Good,Available,74
13246,Excellent,Available,80
13247,Excellent,Maintenance,43
13248,Good,Rented,72
13249,Excellent,Available,47
13250,Excellent,Available,52
13251,Excellent,Maintenance,77
13252,Maintenance Required,Rented,30
13253,Good,Maintenance,46
13254,Excellent,Available,59
13255,Maintenance Required,Maintenance,42
13256,Fair,Available,28
13257,Excellent,Rented,3
13258,Excellent,Maintenance,46
13259,Excellent,Available,43
13260,Fair,Available,42
13261,Good,Rented,15
13262,Excellent,Available,36
13263,Fair,Available,78
13264,Excellent,Maintenance,20
13265,Fair,Available,43
13266,Excellent,Available,25
13267,Fair,Available,13
13268,Fair,Maintenance,74
13269,Fair,Maintenance,79
13270,Fair,Available,23
13271,Maintenance Required,Available,78
13272,Maintenance Required,Available,56
13273,Good,Rented,42
13274,Excellent,Maintenance,6
13275,Excellent,Rented,12
13276,Good,Available,1
13277,Excellent,Available,71
13278,Fair,Available,20
13279,Good,Rented,69
13280,Fair,Available,10
13281,Excellent,Rented,80
13282,Good,Available,75
13283,Fair,Available,54
13284,Excellent,Available,40
13285,Fair,Rented,13
13286,Maintenance Required,Available,71
13287,Excellent,Available,49
13288,Good,Rented,64
13289,Good,Available,2
13290,Good,Maintenance,48
13291,Fair,Available,33
13292,Fair,Available,27
13293,Maintenance Required,Rented,75
13294,Excellent,Available,29
13295,Good,Available,14
13296,Excellent,Available,26
13297,Good,Available,40
13298,Maintenance Required,Rented,49
13299,Excellent,Available,17
13300,Good,Available,49
13301,Good,Maintenance,43
13302,Fair,Available,36
13303,Excellent,Available,50
13304,Maintenance Required,Available,38
13305,Excellent,Available,17
13306,Fair,Maintenance,71
13307,Fair,Available,72
13308,Fair,Available,58
13309,Good,Rented,80
13310,Excellent,Rented,8
13311,Excellent,Available,38
13312,Fair,Available,25
13313,Good,Rented,28
13314,Fair,Available,80
13315,Fair,Available,57
13316,Excellent,Available,65
13317,Fair,Rented,58
13318,Good,Available,48
13319,Fair,Maintenance,42
13320,Maintenance Required,Maintenance,31
13321,Excellent,Available,49
13322,Fair,Maintenance,26
13323,Excellent,Available,63
13324,Maintenance Required,Available,1
13325,Excellent,Rented,6
13326,Fair,Maintenance,17
13327,Maintenance Required,Available,41
13328,Maintenance Required,Rented,50
13329,Good,Available,57
13330,Maintenance Required,Available,28
13331,Maintenance Required,Available,67
13332,Maintenance Required,Available,27
13333,Maintenance Required,Available,40
13334,Excellent,Available,16
13335,Fair,Available,11
13336,Good,Maintenance,46
13337,Fair,Available,30
13338,Good,Maintenance,57
13339,Excellent,Available,20
13340,Fair,Maintenance,54
13341,Excellent,Available,49
13342,Good,Maintenance,7
13343,Fair,Available,60
13344,Maintenance Required,Available,59
13345,Fair,Maintenance,50
13346,Good,Available,11
13347,Maintenance Required,Maintenance,44
13348,Good,Available,21
13349,Good,Available,37
13350,Excellent,Rented,42
13351,Fair,Available,70
13352,Good,Maintenance,76
13353,Maintenance Required,Available,29
13354,Good,Rented,51
13355,Good,Available,26
13356,Excellent,Maintenance,80
13357,Fair,Rented,18
13358,Maintenance Required,Available,65
13359,Fair,Available,46
13360,Excellent,Available,54
13361,Maintenance Required,Maintenance,16
13362,Fair,Maintenance,50
13363,Maintenance Required,Maintenance,24
13364,Fair,Maintenance,77
13365,Good,Maintenance,15
13366,Fair,Available,53
13367,Good,Rented,37
13368,Excellent,Maintenance,64
13369,Excellent,Available,45
13370,Fair,Available,80
13371,Maintenance Required,Available,30
13372,Maintenance Required,Rented,40
13373,Excellent,Available,21
13374,Fair,Available,70
13375,Excellent,Available,6
13376,Excellent,Maintenance,58
13377,Good,Available,23
13378,Maintenance Required,Available,76
13379,Good,Available,61
13380,Good,Maintenance,66
13381,Fair,Available,34
13382,Excellent,Maintenance,57
13383,Fair,Available,4
13384,Excellent,Available,42
13385,Fair,Available,70
13386,Excellent,Rented,21
13387,Fair,Rented,40
13388,Maintenance Required,Available,48
13389,Fair,Available,51
13390,Good,Rented,65
13391,Fair,Rented,4
13392,Good,Available,6
13393,Excellent,Available,59
13394,Excellent,Rented,47
13395,Good,Available,66
13396,Excellent,Available,18
13397,Excellent,Available,48
13398,Maintenance Required,Maintenance,79
13399,Excellent,Maintenance,43
13400,Good,Available,56
13401,Good,Available,48
13402,Fair,Available,5
13403,Maintenance Required,Available,65
13404,Fair,Maintenance,30
13405,Fair,Available,9
13406,Good,Maintenance,21
13407,Maintenance Required,Rented,20
13408,Good,Available,5
13409,Fair,Available,75
13410,Fair,Available,72
13411,Good,Available,37
13412,Fair,Available,5
13413,Maintenance Required,Available,65
13414,Excellent,Available,74
13415,Maintenance Required,Rented,77
13416,Good,Available,31
13417,Maintenance Required,Available,31
13418,Good,Available,55
13419,Excellent,Available,27
13420,Maintenance Required,Available,10
13421,Fair,Available,78
13422,Maintenance Required,Available,62
13423,Fair,Available,17
13424,Maintenance Required,Available,51
13425,Fair,Rented,10
13426,Fair,Maintenance,61
13427,Good,Rented,49
13428,Maintenance Required,Available,37
13429,Excellent,Available,31
13430,Maintenance Required,Available,53
13431,Maintenance Required,Available,67
13432,Maintenance Required,Maintenance,17
13433,Excellent,Rented,59
13434,Fair,Available,43
13435,Good,Available,43
13436,Maintenance Required,Available,69
13437,Fair,Available,70
13438,Maintenance Required,Rented,24
13439,Maintenance Required,Available,16
13440,Fair,Rented,60
13441,Excellent,Available,8
13442,Excellent,Available,38
13443,Good,Maintenance,48
13444,Excellent,Available,58
13445,Excellent,Rented,48
13446,Fair,Maintenance,12
13447,Fair,Available,57
13448,Excellent,Maintenance,2
13449,Excellent,Rented,62
13450,Fair,Available,35
13451,Excellent,Available,61
13452,Good,Available,42
13453,Excellent,Available,54
13454,Fair,Available,42
13455,Fair,Available,24
13456,Maintenance Required,Maintenance,18
13457,Excellent,Available,24
13458,Excellent,Available,47
13459,Excellent,Maintenance,30
13460,Fair,Available,30
13461,Excellent,Rented,15
13462,Fair,Available,80
13463,Good,Available,46
13464,Fair,Available,27
13465,Maintenance Required,Available,8
13466,Excellent,Available,62
13467,Maintenance Required,Rented,63
13468,Excellent,Maintenance,60
13469,Maintenance Required,Available,8
13470,Excellent,Available,55
13471,Maintenance Required,Available,8
13472,Fair,Available,4
13473,Good,Available,12
13474,Fair,Available,71
13475,Fair,Available,13
13476,Maintenance Required,Maintenance,6
13477,Fair,Available,3
13478,Good,Available,67
13479,Excellent,Rented,29
13480,Good,Available,25
13481,Excellent,Available,56
13482,Good,Available,46
13483,Excellent,Available,38
13484,Fair,Available,32
13485,Excellent,Available,38
13486,Good,Rented,54
13487,Good,Available,48
13488,Maintenance Required,Available,23
13489,Good,Maintenance,69
13490,Fair,Rented,53
13491,Maintenance Required,Maintenance,4
13492,Fair,Rented,35
13493,Fair,Rented,66
13494,Good,Available,7
13495,Fair,Rented,80
13496,Maintenance Required,Available,73
13497,Excellent,Available,73
13498,Fair,Available,32
13499,Fair,Maintenance,78
13500,Excellent,Rented,28
13501,Fair,Available,71
13502,Fair,Available,59
13503,Excellent,Available,77
13504,Excellent,Rented,30
13505,Excellent,Available,61
13506,Fair,Available,50
13507,Maintenance Required,Available,20
13508,Excellent,Maintenance,10
13509,Maintenance Required,Rented,32
13510,Excellent,Available,79
13511,Excellent,Maintenance,66
13512,Excellent,Available,77
13513,Excellent,Available,61
13514,Excellent,Available,15
13515,Excellent,Maintenance,59
13516,Fair,Available,35
13517,Fair,Available,33
13518,Fair,Rented,18
13519,Good,Available,61
13520,Fair,Available,9
13521,Excellent,Maintenance,12
13522,Fair,Available,35
13523,Fair,Maintenance,52
13524,Excellent,Rented,17
13525,Fair,Available,44
13526,Maintenance Required,Available,39
13527,Excellent,Available,2
13528,Maintenance Required,Rented,69
13529,Excellent,Available,39
13530,Maintenance Required,Rented,31
13531,Good,Available,22
13532,Fair,Available,65
13533,Good,Available,55
13534,Good,Available,36
13535,Excellent,Available,37
13536,Good,Available,64
13537,Maintenance Required,Available,60
13538,Excellent,Available,76
13539,Maintenance Required,Rented,58
13540,Excellent,Available,32
13541,Good,Available,2
13542,Maintenance Required,Available,25
13543,Good,Available,75
13544,Fair,Available,43
13545,Excellent,Available,45
13546,Fair,Available,74
13547,Maintenance Required,Available,3
13548,Maintenance Required,Available,56
13549,Maintenance Required,Maintenance,30
13550,Excellent,Available,67
13551,Good,Available,68
13552,Maintenance Required,Rented,7
13553,Fair,Maintenance,5
13554,Fair,Maintenance,47
13555,Excellent,Available,60
13556,Fair,Available,19
13557,Maintenance Required,Rented,57
13558,Maintenance Required,Rented,76
13559,Good,Available,32
13560,Maintenance Required,Rented,35
13561,Maintenance Required,Available,4
13562,Maintenance Required,Available,23
13563,Good,Available,64
13564,Excellent,Available,71
13565,Excellent,Available,59
13566,Maintenance Required,Rented,15
13567,Maintenance Required,Rented,24
13568,Good,Rented,67
13569,Fair,Available,30
13570,Excellent,Available,68
13571,Maintenance Required,Maintenance,22
13572,Fair,Available,42
13573,Excellent,Rented,51
13574,Fair,Maintenance,65
13575,Good,Available,78
13576,Excellent,Available,10
13577,Excellent,Available,25
13578,Good,Available,39
13579,Fair,Available,62
13580,Fair,Rented,39
13581,Fair,Available,33
13582,Fair,Rented,37
13583,Fair,Available,22
13584,Fair,Available,40
13585,Good,Available,52
13586,Maintenance Required,Available,55
13587,Maintenance Required,Available,13
13588,Excellent,Available,7
13589,Maintenance Required,Maintenance,29
13590,Fair,Rented,3
13591,Good,Available,35
13592,Excellent,Rented,17
13593,Excellent,Available,51
13594,Excellent,Maintenance,65
13595,Maintenance Required,Maintenance,42
13596,Good,Maintenance,1
13597,Excellent,Rented,75
13598,Excellent,Rented,7
13599,Fair,Available,19
13600,Maintenance Required,Available,8
13601,Excellent,Maintenance,31
13602,Maintenance Required,Available,57
13603,Maintenance Required,Maintenance,20
13604,Maintenance Required,Rented,55
13605,Fair,Maintenance,29
13606,Maintenance Required,Available,41
13607,Fair,Available,12
13608,Fair,Maintenance,6
13609,Fair,Maintenance,42
13610,Fair,Rented,9
13611,Excellent,Rented,45
13612,Good,Available,64
13613,Maintenance Required,Available,19
13614,Fair,Available,78
13615,Excellent,Rented,52
13616,Maintenance Required,Rented,16
13617,Maintenance Required,Maintenance,8
13618,Maintenance Required,Available,31
13619,Excellent,Rented,4
13620,Fair,Available,33
13621,Excellent,Available,60
13622,Good,Available,29
13623,Excellent,Maintenance,71
13624,Good,Available,53
13625,Excellent,Available,71
13626,Excellent,Available,3
13627,Maintenance Required,Available,31
13628,Maintenance Required,Maintenance,48
13629,Fair,Available,15
13630,Good,Available,78
13631,Excellent,Maintenance,44
13632,Maintenance Required,Available,64
13633,Excellent,Available,37
13634,Maintenance Required,Available,55
13635,Excellent,Available,4
13636,Excellent,Maintenance,56
13637,Excellent,Rented,45
13638,Good,Available,12
13639,Maintenance Required,Available,74
13640,Maintenance Required,Rented,25
13641,Fair,Available,15
13642,Excellent,Maintenance,3
13643,Maintenance Required,Maintenance,10
13644,Excellent,Available,47
13645,Fair,Available,60
13646,Excellent,Available,50
13647,Excellent,Available,44
13648,Maintenance Required,Available,22
13649,Excellent,Available,68
13650,Excellent,Available,40
13651,Excellent,Available,21
13652,Good,Available,11
13653,Maintenance Required,Available,70
13654,Excellent,Rented,3
13655,Good,Available,5
13656,Maintenance Required,Maintenance,65
13657,Maintenance Required,Available,46
13658,Maintenance Required,Available,60
13659,Fair,Available,56
13660,Fair,Available,3
13661,Excellent,Rented,18
13662,Fair,Maintenance,17
13663,Excellent,Available,35
13664,Maintenance Required,Available,64
13665,Fair,Available,75
13666,Good,Available,25
13667,Fair,Available,76
13668,Good,Available,47
13669,Fair,Available,48
13670,Fair,Available,80
13671,Fair,Available,22
13672,Excellent,Available,34
13673,Good,Available,51
13674,Fair,Maintenance,45
13675,Excellent,Available,56
13676,Good,Available,28
13677,Fair,Rented,2
13678,Good,Available,13
13679,Excellent,Available,10
13680,Good,Available,64
13681,Maintenance Required,Maintenance,54
13682,Good,Available,7
13683,Fair,Available,28
13684,Excellent,Available,20
13685,Excellent,Maintenance,10
13686,Excellent,Maintenance,75
13687,Good,Available,71
13688,Maintenance Required,Maintenance,65
13689,Good,Available,73
13690,Excellent,Maintenance,27
13691,Good,Maintenance,9
13692,Excellent,Maintenance,78
13693,Maintenance Required,Available,72
13694,Excellent,Maintenance,21
13695,Maintenance Required,Maintenance,20
13696,Excellent,Available,16
13697,Good,Available,31
13698,Maintenance Required,Available,67
13699,Good,Available,70
13700,Excellent,Available,65
13701,Maintenance Required,Rented,70
13702,Maintenance Required,Maintenance,76
13703,Maintenance Required,Rented,5
13704,Maintenance Required,Maintenance,72
13705,Good,Available,7
13706,Maintenance Required,Available,37
13707,Good,Available,35
13708,Maintenance Required,Available,45
13709,Fair,Available,66
13710,Good,Rented,75
13711,Good,Maintenance,4
13712,Maintenance Required,Available,6
13713,Good,Available,33
13714,Excellent,Available,34
13715,Maintenance Required,Rented,39
13716,Good,Rented,70
13717,Excellent,Available,25
13718,Maintenance Required,Available,80
13719,Maintenance Required,Rented,66
13720,Excellent,Available,68
13721,Good,Available,7
13722,Fair,Available,69
13723,Fair,Available,36
13724,Maintenance Required,Maintenance,54
13725,Good,Rented,25
13726,Good,Available,25
13727,Maintenance Required,Available,45
13728,Excellent,Available,65
13729,Fair,Maintenance,61
13730,Maintenance Required,Available,49
13731,Fair,Rented,38
13732,Fair,Maintenance,50
13733,Excellent,Maintenance,35
13734,Fair,Rented,78
13735,Excellent,Rented,16
13736,Maintenance Required,Available,6
13737,Fair,Available,13
13738,Good,Available,23
13739,Maintenance Required,Available,44
13740,Fair,Maintenance,49
13741,Fair,Available,43
13742,Fair,Available,23
13743,Fair,Available,77
13744,Maintenance Required,Available,28
13745,Fair,Maintenance,35
13746,Excellent,Maintenance,51
13747,Maintenance Required,Available,14
13748,Maintenance Required,Available,42
13749,Maintenance Required,Maintenance,57
13750,Maintenance Required,Available,17
13751,Excellent,Available,56
13752,Maintenance Required,Available,65
13753,Good,Rented,7
13754,Excellent,Rented,46
13755,Fair,Rented,60
13756,Fair,Available,57
13757,Fair,Available,25
13758,Maintenance Required,Available,73
13759,Fair,Available,42
13760,Excellent,Available,4
13761,Good,Available,27
13762,Excellent,Rented,30
13763,Maintenance Required,Available,18
13764,Maintenance Required,Available,80
13765,Fair,Available,13
13766,Excellent,Available,33
13767,Excellent,Available,51
13768,Fair,Maintenance,16
13769,Good,Rented,41
13770,Good,Available,27
13771,Excellent,Rented,11
13772,Fair,Rented,67
13773,Fair,Rented,61
13774,Excellent,Available,19
13775,Good,Available,38
13776,Excellent,Maintenance,12
13777,Maintenance Required,Maintenance,54
13778,Maintenance Required,Available,23
13779,Good,Available,52
13780,Excellent,Maintenance,6
13781,Excellent,Available,70
13782,Maintenance Required,Rented,73
13783,Excellent,Maintenance,33
13784,Good,Rented,10
13785,Fair,Available,11
13786,Excellent,Maintenance,25
13787,Good,Maintenance,35
13788,Good,Rented,72
13789,Good,Available,54
13790,Fair,Rented,27
13791,Fair,Rented,30
13792,Maintenance Required,Maintenance,14
13793,Fair,Available,26
13794,Good,Rented,61
13795,Fair,Rented,37
13796,Fair,Rented,15
13797,Maintenance Required,Available,24
13798,Good,Available,59
13799,Excellent,Rented,77
13800,Good,Available,10
13801,Maintenance Required,Rented,25
13802,Excellent,Available,66
13803,Fair,Available,14
13804,Good,Available,35
13805,Good,Maintenance,57
13806,Maintenance Required,Rented,76
13807,Fair,Available,3
13808,Fair,Maintenance,33
13809,Maintenance Required,Available,69
13810,Maintenance Required,Available,28
13811,Good,Available,25
13812,Excellent,Rented,48
13813,Good,Maintenance,32
13814,Maintenance Required,Available,59
13815,Fair,Maintenance,44
13816,Excellent,Available,37
13817,Good,Available,37
13818,Maintenance Required,Maintenance,1
13819,Fair,Rented,67
13820,Excellent,Available,53
13821,Maintenance Required,Rented,74
13822,Maintenance Required,Maintenance,50
13823,Good,Rented,27
13824,Good,Rented,69
13825,Maintenance Required,Maintenance,5
13826,Excellent,Maintenance,67
13827,Good,Available,63
13828,Good,Available,64
13829,Excellent,Available,67
13830,Good,Rented,14
13831,Fair,Available,17
13832,Good,Available,65
13833,Fair,Available,79
13834,Fair,Rented,49
13835,Fair,Available,62
13836,Maintenance Required,Available,42
13837,Good,Available,23
13838,Fair,Available,3
13839,Maintenance Required,Maintenance,49
13840,Fair,Maintenance,67
13841,Excellent,Available,72
13842,Fair,Available,74
13843,Fair,Available,62
13844,Excellent,Available,1
13845,Good,Available,69
13846,Good,Rented,39
13847,Fair,Available,13
13848,Good,Maintenance,37
13849,Excellent,Available,66
13850,Maintenance Required,Available,32
13851,Good,Maintenance,35
13852,Fair,Available,71
13853,Maintenance Required,Maintenance,74
13854,Fair,Rented,54
13855,Fair,Available,29
13856,Fair,Available,60
13857,Good,Available,23
13858,Good,Available,63
13859,Excellent,Available,41
13860,Excellent,Available,50
13861,Good,Available,24
13862,Excellent,Available,64
13863,Excellent,Available,22
13864,Maintenance Required,Maintenance,25
13865,Excellent,Rented,3
13866,Fair,Available,69
13867,Maintenance Required,Available,79
13868,Good,Maintenance,19
13869,Fair,Available,47
13870,Maintenance Required,Maintenance,6
13871,Good,Available,25
13872,Good,Available,5
13873,Fair,Maintenance,39
13874,Good,Available,16
13875,Excellent,Available,50
13876,Fair,Available,66
13877,Excellent,Available,63
13878,Good,Rented,16
13879,Excellent,Rented,33
13880,Excellent,Available,36
13881,Excellent,Maintenance,14
13882,Good,Available,18
13883,Excellent,Available,37
13884,Fair,Available,22
13885,Excellent,Available,10
13886,Good,Available,32
13887,Excellent,Available,21
13888,Good,Maintenance,73
13889,Excellent,Available,41
13890,Maintenance Required,Available,24
13891,Excellent,Available,41
13892,Excellent,Available,18
13893,Excellent,Rented,80
13894,Excellent,Available,12
13895,Fair,Available,77
13896,Excellent,Available,19
13897,Maintenance Required,Maintenance,43
13898,Good,Maintenance,39
13899,Fair,Available,12
13900,Excellent,Maintenance,42
13901,Excellent,Maintenance,39
13902,Maintenance Required,Maintenance,74
13903,Excellent,Rented,69
13904,Good,Available,53
13905,Excellent,Available,14
13906,Fair,Available,45
13907,Maintenance Required,Rented,15
13908,Excellent,Available,7
13909,Excellent,Available,15
13910,Good,Available,72
13911,Fair,Available,53
13912,Good,Available,49
13913,Good,Available,4
13914,Good,Rented,64
13915,Good,Maintenance,48
13916,Maintenance Required,Available,27
13917,Good,Available,48
13918,Maintenance Required,Available,41
13919,Maintenance Required,Maintenance,53
13920,Maintenance Required,Rented,13
13921,Good,Rented,10
13922,Fair,Available,79
13923,Excellent,Available,3
13924,Fair,Maintenance,3
13925,Good,Available,58
13926,Good,Available,26
13927,Maintenance Required,Available,40
13928,Good,Available,59
13929,Maintenance Required,Maintenance,51
13930,Maintenance Required,Maintenance,66
13931,Excellent,Maintenance,56
13932,Excellent,Available,24
13933,Fair,Available,19
13934,Fair,Available,6
13935,Maintenance Required,Available,19
13936,Maintenance Required,Maintenance,55
13937,Fair,Available,33
13938,Fair,Rented,13
13939,Good,Available,17
13940,Fair,Maintenance,70
13941,Excellent,Rented,15
13942,Fair,Available,2
13943,Good,Rented,79
13944,Excellent,Available,71
13945,Excellent,Available,61
13946,Fair,Maintenance,56
13947,Excellent,Rented,60
13948,Excellent,Available,19
13949,Excellent,Available,52
13950,Good,Available,32
13951,Good,Available,46
13952,Fair,Available,70
13953,Good,Rented,3
13954,Maintenance Required,Maintenance,77
13955,Good,Available,66
13956,Excellent,Available,16
13957,Fair,Available,7
13958,Fair,Rented,6
13959,Fair,Maintenance,34
13960,Excellent,Available,68
13961,Fair,Available,34
13962,Fair,Rented,44
13963,Fair,Available,46
13964,Maintenance Required,Available,75
13965,Fair,Available,32
13966,Fair,Available,33
13967,Good,Available,73
13968,Fair,Available,76
13969,Fair,Available,41
13970,Excellent,Available,78
13971,Good,Available,68
13972,Maintenance Required,Maintenance,13
13973,Fair,Available,37
13974,Good,Maintenance,17
13975,Good,Maintenance,31
13976,Fair,Maintenance,74
13977,Fair,Available,59
13978,Maintenance Required,Available,57
13979,Fair,Maintenance,1
13980,Fair,Available,42
13981,Fair,Rented,73
13982,Maintenance Required,Available,69
13983,Maintenance Required,Available,9
13984,Good,Maintenance,70
13985,Excellent,Available,9
13986,Good,Available,73
13987,Good,Available,14
13988,Fair,Rented,16
13989,Good,Available,21
13990,Maintenance Required,Rented,11
13991,Fair,Rented,48
13992,Maintenance Required,Available,29
13993,Excellent,Available,1
13994,Good,Available,25
13995,Excellent,Available,75
13996,Maintenance Required,Available,45
13997,Maintenance Required,Available,2
13998,Maintenance Required,Maintenance,43
13999,Excellent,Available,37
14000,Maintenance Required,Available,50
14001,Good,Maintenance,44
14002,Maintenance Required,Available,25
14003,Maintenance Required,Rented,48
14004,Excellent,Rented,34
14005,Maintenance Required,Available,16
14006,Maintenance Required,Available,54
14007,Maintenance Required,Available,60
14008,Maintenance Required,Available,2
14009,Maintenance Required,Available,32
14010,Maintenance Required,Available,44
14011,Excellent,Available,58
14012,Maintenance Required,Maintenance,8
14013,Maintenance Required,Maintenance,53
14014,Good,Maintenance,50
14015,Fair,Maintenance,24
14016,Good,Available,53
14017,Fair,Available,40
14018,Good,Maintenance,55
14019,Excellent,Available,41
14020,Good,Maintenance,54
14021,Maintenance Required,Maintenance,27
14022,Maintenance Required,Rented,37
14023,Excellent,Rented,38
14024,Good,Available,28
14025,Excellent,Available,54
14026,Maintenance Required,Maintenance,7
14027,Maintenance Required,Rented,55
14028,Fair,Available,6
14029,Fair,Available,37
14030,Fair,Maintenance,27
14031,Maintenance Required,Available,13
14032,Excellent,Rented,40
14033,Fair,Rented,14
14034,Maintenance Required,Rented,39
14035,Fair,Rented,1
14036,Fair,Rented,51
14037,Good,Rented,4
14038,Good,Available,26
14039,Maintenance Required,Rented,17
14040,Good,Rented,23
14041,Good,Available,13
14042,Good,Rented,59
14043,Fair,Rented,50
14044,Maintenance Required,Available,54
14045,Excellent,Rented,78
14046,Maintenance Required,Available,6
14047,Maintenance Required,Available,64
14048,Maintenance Required,Available,25
14049,Maintenance Required,Available,58
14050,Maintenance Required,Rented,34
14051,Fair,Rented,53
14052,Maintenance Required,Available,16
14053,Good,Available,4
14054,Excellent,Available,51
14055,Fair,Maintenance,26
14056,Fair,Rented,33
14057,Fair,Available,23
14058,Excellent,Rented,77
14059,Fair,Maintenance,56
14060,Maintenance Required,Available,24
14061,Excellent,Available,39
14062,Fair,Rented,75
14063,Excellent,Maintenance,66
14064,Good,Maintenance,32
14065,Maintenance Required,Available,3
14066,Good,Available,29
14067,Maintenance Required,Rented,45
14068,Excellent,Available,62
14069,Good,Available,25
14070,Fair,Available,69
14071,Good,Maintenance,77
14072,Excellent,Rented,50
14073,Maintenance Required,Available,73
14074,Fair,Rented,40
14075,Excellent,Available,74
14076,Good,Available,6
14077,Maintenance Required,Available,70
14078,Maintenance Required,Available,68
14079,Excellent,Available,72
14080,Fair,Available,8
14081,Maintenance Required,Available,13
14082,Maintenance Required,Available,51
14083,Excellent,Rented,26
14084,Fair,Available,26
14085,Fair,Available,68
14086,Maintenance Required,Available,74
14087,Fair,Maintenance,2
14088,Excellent,Available,3
14089,Fair,Maintenance,62
14090,Maintenance Required,Available,67
14091,Fair,Available,68
14092,Fair,Maintenance,22
14093,Maintenance Required,Available,32
14094,Good,Rented,28
14095,Good,Available,73
14096,Fair,Available,37
14097,Excellent,Available,44
14098,Good,Available,57
14099,Fair,Available,16
14100,Excellent,Available,51
14101,Maintenance Required,Maintenance,46
14102,Fair,Available,22
14103,Maintenance Required,Available,52
14104,Good,Available,56
14105,Excellent,Available,46
14106,Excellent,Rented,67
14107,Maintenance Required,Maintenance,26
14108,Maintenance Required,Available,75
14109,Maintenance Required,Available,12
14110,Good,Maintenance,26
14111,Maintenance Required,Maintenance,46
14112,Maintenance Required,Maintenance,32
14113,Maintenance Required,Available,43
14114,Excellent,Available,8
14115,Good,Available,5
14116,Excellent,Rented,27
14117,Good,Available,20
14118,Maintenance Required,Available,42
14119,Good,Available,16
14120,Good,Available,25
14121,Excellent,Available,58
14122,Fair,Rented,3
14123,Good,Available,40
14124,Maintenance Required,Available,29
14125,Good,Maintenance,49
14126,Maintenance Required,Available,79
14127,Maintenance Required,Available,66
14128,Fair,Available,19
14129,Fair,Available,52
14130,Excellent,Available,30
14131,Maintenance Required,Maintenance,61
14132,Maintenance Required,Available,8
14133,Maintenance Required,Available,2
14134,Maintenance Required,Rented,71
14135,Fair,Available,40
14136,Good,Available,42
14137,Maintenance Required,Available,47
14138,Excellent,Available,53
14139,Good,Available,55
14140,Excellent,Rented,50
14141,Excellent,Available,11
14142,Good,Available,32
14143,Good,Available,9
14144,Good,Rented,3
14145,Good,Rented,64
14146,Fair,Rented,65
14147,Excellent,Maintenance,30
14148,Maintenance Required,Maintenance,12
14149,Good,Available,6
14150,Good,Available,4
14151,Excellent,Rented,17
14152,Fair,Maintenance,19
14153,Fair,Available,2
14154,Fair,Available,38
14155,Maintenance Required,Maintenance,10
14156,Good,Maintenance,72
14157,Excellent,Available,21
14158,Good,Rented,40
14159,Fair,Maintenance,64
14160,Good,Available,58
14161,Maintenance Required,Rented,34
14162,Maintenance Required,Rented,62
14163,Good,Maintenance,68
14164,Excellent,Available,27
14165,Good,Rented,63
14166,Good,Maintenance,2
14167,Maintenance Required,Available,58
14168,Fair,Available,56
14169,Fair,Available,65
14170,Good,Available,68
14171,Excellent,Available,58
14172,Fair,Available,35
14173,Good,Maintenance,33
14174,Fair,Maintenance,32
14175,Maintenance Required,Available,70
14176,Excellent,Available,23
14177,Fair,Available,75
14178,Excellent,Available,70
14179,Maintenance Required,Maintenance,37
14180,Good,Available,34
14181,Maintenance Required,Available,16
14182,Excellent,Rented,69
14183,Good,Maintenance,48
14184,Fair,Rented,30
14185,Maintenance Required,Available,58
14186,Fair,Available,4
14187,Excellent,Maintenance,62
14188,Good,Maintenance,66
14189,Fair,Available,53
14190,Fair,Available,68
14191,Excellent,Available,28
14192,Maintenance Required,Available,28
14193,Maintenance Required,Available,33
14194,Maintenance Required,Maintenance,50
14195,Fair,Rented,6
14196,Excellent,Available,71
14197,Fair,Available,40
14198,Good,Available,17
14199,Good,Available,66
14200,Excellent,Available,75
14201,Excellent,Maintenance,70
14202,Fair,Available,58
14203,Good,Available,74
14204,Good,Available,65
14205,Fair,Maintenance,6
14206,Maintenance Required,Maintenance,62
14207,Fair,Rented,52
14208,Fair,Available,9
14209,Fair,Rented,50
14210,Fair,Available,9
14211,Maintenance Required,Available,64
14212,Excellent,Available,16
14213,Maintenance Required,Available,52
14214,Maintenance Required,Available,17
14215,Maintenance Required,Available,36
14216,Good,Available,5
14217,Maintenance Required,Available,64
14218,Fair,Rented,30
14219,Maintenance Required,Rented,71
14220,Maintenance Required,Available,51
14221,Excellent,Available,55
14222,Excellent,Available,19
14223,Fair,Available,22
14224,Maintenance Required,Available,72
14225,Fair,Rented,46
14226,Fair,Available,79
14227,Fair,Available,13
14228,Maintenance Required,Maintenance,77
14229,Good,Rented,27
14230,Good,Maintenance,54
14231,Excellent,Maintenance,76
14232,Good,Rented,19
14233,Excellent,Available,15
14234,Maintenance Required,Available,76
14235,Good,Available,22
14236,Excellent,Available,78
14237,Good,Available,58
14238,Good,Available,63
14239,Good,Rented,35
14240,Excellent,Available,41
14241,Good,Available,55
14242,Maintenance Required,Maintenance,74
14243,Excellent,Maintenance,58
14244,Excellent,Available,48
14245,Maintenance Required,Rented,35
14246,Excellent,Rented,60
14247,Excellent,Available,26
14248,Good,Maintenance,79
14249,Maintenance Required,Available,7
14250,Maintenance Required,Available,60
14251,Excellent,Maintenance,12
14252,Good,Available,22
14253,Excellent,Available,35
14254,Excellent,Maintenance,56
14255,Fair,Maintenance,29
14256,Maintenance Required,Available,70
14257,Fair,Available,28
14258,Fair,Maintenance,8
14259,Good,Available,38
14260,Fair,Available,39
14261,Good,Maintenance,79
14262,Maintenance Required,Rented,64
14263,Maintenance Required,Rented,44
14264,Good,Maintenance,41
14265,Maintenance Required,Maintenance,53
14266,Excellent,Available,67
14267,Good,Maintenance,44
14268,Fair,Available,17
14269,Good,Rented,26
14270,Good,Available,27
14271,Fair,Available,51
14272,Excellent,Maintenance,67
14273,Fair,Available,39
14274,Excellent,Available,72
14275,Fair,Available,4
14276,Good,Available,60
14277,Excellent,Maintenance,79
14278,Excellent,Available,17
14279,Maintenance Required,Available,61
14280,Good,Maintenance,36
14281,Excellent,Available,56
14282,Fair,Available,2
14283,Maintenance Required,Available,66
14284,Excellent,Maintenance,5
14285,Maintenance Required,Available,7
14286,Maintenance Required,Available,37
14287,Excellent,Available,20
14288,Fair,Rented,20
14289,Fair,Available,20
14290,Maintenance Required,Rented,29
14291,Good,Available,20
14292,Maintenance Required,Available,55
14293,Fair,Rented,34
14294,Maintenance Required,Available,54
14295,Maintenance Required,Available,25
14296,Excellent,Available,57
14297,Fair,Available,7
14298,Fair,Available,62
14299,Good,Available,65
14300,Fair,Available,58
14301,Excellent,Available,59
14302,Excellent,Maintenance,61
14303,Maintenance Required,Maintenance,45
14304,Excellent,Rented,14
14305,Excellent,Maintenance,70
14306,Maintenance Required,Available,72
14307,Excellent,Available,65
14308,Excellent,Maintenance,71
14309,Good,Available,55
14310,Good,Rented,78
14311,Fair,Available,67
14312,Maintenance Required,Available,65
14313,Fair,Rented,74
14314,Fair,Rented,11
14315,Excellent,Available,23
14316,Excellent,Available,7
14317,Excellent,Maintenance,63
14318,Excellent,Rented,38
14319,Maintenance Required,Maintenance,43
14320,Excellent,Available,44
14321,Maintenance Required,Available,25
14322,Maintenance Required,Available,70
14323,Maintenance Required,Available,39
14324,Excellent,Available,76
14325,Maintenance Required,Available,19
14326,Good,Rented,23
14327,Good,Rented,65
14328,Good,Available,55
14329,Fair,Rented,15
14330,Excellent,Available,1
14331,Excellent,Available,51
14332,Good,Maintenance,53
14333,Maintenance Required,Rented,17
14334,Good,Available,76
14335,Good,Available,50
14336,Good,Available,13
14337,Excellent,Available,19
14338,Maintenance Required,Rented,66
14339,Excellent,Available,30
14340,Maintenance Required,Available,76
14341,Excellent,Available,65
14342,Excellent,Available,71
14343,Maintenance Required,Maintenance,16
14344,Fair,Available,70
14345,Excellent,Available,47
14346,Good,Rented,45
14347,Maintenance Required,Available,32
14348,Good,Available,58
14349,Excellent,Maintenance,43
14350,Maintenance Required,Maintenance,67
14351,Good,Available,15
14352,Excellent,Rented,73
14353,Good,Available,20
14354,Good,Available,71
14355,Good,Rented,80
14356,Fair,Available,41
14357,Maintenance Required,Available,27
14358,Fair,Available,48
14359,Excellent,Available,37
14360,Maintenance Required,Available,39
14361,Good,Available,46
14362,Excellent,Available,38
14363,Excellent,Rented,54
14364,Good,Available,5
14365,Excellent,Available,75
14366,Excellent,Rented,14
14367,Maintenance Required,Maintenance,13
14368,Maintenance Required,Rented,59
14369,Good,Rented,46
14370,Excellent,Available,2
14371,Fair,Available,41
14372,Fair,Available,64
14373,Fair,Available,64
14374,Good,Rented,60
14375,Good,Rented,27
14376,Fair,Available,74
14377,Good,Available,58
14378,Fair,Maintenance,40
14379,Excellent,Available,61
14380,Maintenance Required,Maintenance,21
14381,Excellent,Available,41
14382,Maintenance Required,Maintenance,31
14383,Excellent,Available,21
14384,Excellent,Available,75
14385,Fair,Available,45
14386,Excellent,Available,40
14387,Maintenance Required,Available,77
14388,Fair,Available,66
14389,Maintenance Required,Available,65
14390,Fair,Available,56
14391,Good,Rented,10
14392,Maintenance Required,Rented,35
14393,Good,Rented,72
14394,Maintenance Required,Rented,29
14395,Good,Available,78
14396,Excellent,Available,51
14397,Good,Available,43
14398,Excellent,Available,70
14399,Maintenance Required,Maintenance,39
14400,Excellent,Available,37
14401,Fair,Available,5
14402,Fair,Maintenance,43
14403,Maintenance Required,Available,2
14404,Fair,Rented,32
14405,Maintenance Required,Available,21
14406,Excellent,Available,50
14407,Excellent,Available,47
14408,Excellent,Rented,77
14409,Fair,Available,14
14410,Good,Maintenance,57
14411,Maintenance Required,Rented,13
14412,Excellent,Maintenance,34
14413,Fair,Rented,79
14414,Maintenance Required,Available,74
14415,Excellent,Available,28
14416,Fair,Available,47
14417,Maintenance Required,Available,9
14418,Good,Maintenance,28
14419,Good,Maintenance,68
14420,Good,Rented,69
14421,Excellent,Available,60
14422,Maintenance Required,Available,76
14423,Maintenance Required,Maintenance,14
14424,Maintenance Required,Available,18
14425,Excellent,Maintenance,63
14426,Maintenance Required,Available,70
14427,Excellent,Rented,25
14428,Fair,Rented,44
14429,Maintenance Required,Available,71
14430,Fair,Maintenance,49
14431,Excellent,Available,33
14432,Excellent,Maintenance,1
14433,Good,Available,27
14434,Maintenance Required,Available,3
14435,Good,Available,52
14436,Maintenance Required,Rented,54
14437,Good,Rented,23
14438,Fair,Available,11
14439,Good,Maintenance,4
14440,Maintenance Required,Available,23
14441,Excellent,Available,66
14442,Fair,Maintenance,56
14443,Excellent,Available,20
14444,Fair,Available,10
14445,Good,Rented,21
14446,Excellent,Rented,41
14447,Good,Maintenance,60
14448,Fair,Rented,24
14449,Good,Rented,68
14450,Maintenance Required,Maintenance,30
14451,Good,Available,14
14452,Fair,Available,3
14453,Fair,Available,20
14454,Excellent,Available,55
14455,Excellent,Maintenance,9
14456,Good,Available,14
14457,Maintenance Required,Available,3
14458,Excellent,Available,68
14459,Good,Available,19
14460,Fair,Available,18
14461,Fair,Available,54
14462,Excellent,Available,13
14463,Maintenance Required,Available,5
14464,Good,Available,43
14465,Excellent,Available,45
14466,Excellent,Available,76
14467,Maintenance Required,Available,78
14468,Excellent,Maintenance,42
14469,Excellent,Available,48
14470,Fair,Available,9
14471,Excellent,Available,39
14472,Fair,Available,21
14473,Excellent,Available,10
14474,Maintenance Required,Available,65
14475,Good,Rented,8
14476,Excellent,Available,60
14477,Excellent,Maintenance,73
14478,Good,Maintenance,63
14479,Maintenance Required,Maintenance,2
14480,Excellent,Available,76
14481,Good,Rented,78
14482,Excellent,Available,14
14483,Fair,Available,36
14484,Excellent,Available,39
14485,Excellent,Rented,49
14486,Maintenance Required,Available,41
14487,Fair,Maintenance,6
14488,Fair,Maintenance,30
14489,Fair,Maintenance,31
14490,Good,Rented,9
14491,Good,Rented,43
14492,Fair,Rented,24
14493,Excellent,Available,79
14494,Good,Available,24
14495,Maintenance Required,Available,40
14496,Excellent,Rented,2
14497,Good,Available,71
14498,Good,Rented,54
14499,Excellent,Available,35
14500,Fair,Maintenance,68
14501,Excellent,Available,71
14502,Fair,Available,70
14503,Maintenance Required,Available,58
14504,Excellent,Rented,61
14505,Fair,Rented,58
14506,Maintenance Required,Available,55
14507,Excellent,Available,60
14508,Excellent,Available,50
14509,Good,Available,37
14510,Excellent,Rented,32
14511,Fair,Available,27
14512,Maintenance Required,Maintenance,72
14513,Excellent,Available,19
14514,Maintenance Required,Maintenance,80
14515,Excellent,Rented,3
14516,Maintenance Required,Available,72
14517,Excellent,Available,55
14518,Fair,Available,67
14519,Maintenance Required,Available,34
14520,Excellent,Rented,41
14521,Excellent,Available,39
14522,Fair,Available,39
14523,Fair,Available,76
14524,Good,Rented,53
14525,Good,Rented,52
14526,Fair,Available,28
14527,Excellent,Available,75
14528,Good,Available,69
14529,Fair,Available,36
14530,Fair,Available,41
14531,Good,Rented,74
14532,Maintenance Required,Rented,60
14533,Good,Available,12
14534,Maintenance Required,Available,69
14535,Excellent,Available,51
14536,Good,Available,11
14537,Good,Rented,15
14538,Maintenance Required,Available,65
14539,Maintenance Required,Maintenance,70
14540,Good,Maintenance,60
14541,Excellent,Maintenance,31
14542,Maintenance Required,Rented,8
14543,Fair,Maintenance,19
14544,Excellent,Available,39
14545,Excellent,Rented,78
14546,Fair,Available,24
14547,Fair,Rented,75
14548,Maintenance Required,Available,50
14549,Excellent,Rented,43
14550,Excellent,Available,67
14551,Fair,Available,47
14552,Maintenance Required,Available,65
14553,Fair,Available,59
14554,Excellent,Available,57
14555,Excellent,Available,15
14556,Excellent,Rented,35
14557,Maintenance Required,Rented,14
14558,Good,Rented,18
14559,Maintenance Required,Available,73
14560,Excellent,Available,5
14561,Good,Available,29
14562,Good,Available,15
14563,Maintenance Required,Available,16
14564,Excellent,Available,58
14565,Fair,Available,68
14566,Good,Available,6
14567,Good,Rented,11
14568,Fair,Rented,38
14569,Fair,Rented,16
14570,Excellent,Available,46
14571,Excellent,Available,61
14572,Excellent,Rented,4
14573,Good,Maintenance,33
14574,Maintenance Required,Maintenance,20
14575,Excellent,Available,19
14576,Excellent,Available,19
14577,Fair,Available,14
14578,Good,Available,52
14579,Maintenance Required,Rented,62
14580,Fair,Rented,74
14581,Maintenance Required,Available,41
14582,Maintenance Required,Maintenance,65
14583,Good,Available,58
14584,Excellent,Rented,3
14585,Maintenance Required,Available,77
14586,Fair,Maintenance,55
14587,Fair,Maintenance,58
14588,Good,Available,19
14589,Excellent,Available,45
14590,Excellent,Rented,2
14591,Good,Available,66
14592,Fair,Rented,30
14593,Excellent,Maintenance,10
14594,Maintenance Required,Rented,26
14595,Maintenance Required,Rented,15
14596,Excellent,Maintenance,47
14597,Good,Rented,66
14598,Excellent,Rented,49
14599,Maintenance Required,Available,9
14600,Fair,Available,17
14601,Maintenance Required,Available,8
14602,Fair,Maintenance,70
14603,Excellent,Rented,26
14604,Good,Rented,69
14605,Excellent,Maintenance,35
14606,Fair,Available,26
14607,Good,Available,40
14608,Good,Maintenance,8
14609,Fair,Available,67
14610,Excellent,Available,76
14611,Maintenance Required,Rented,66
14612,Maintenance Required,Available,14
14613,Maintenance Required,Available,56
14614,Maintenance Required,Maintenance,41
14615,Good,Maintenance,1
14616,Maintenance Required,Maintenance,9
14617,Good,Available,26
14618,Maintenance Required,Available,2
14619,Maintenance Required,Available,71
14620,Good,Rented,38
14621,Excellent,Available,1
14622,Maintenance Required,Maintenance,17
14623,Good,Maintenance,75
14624,Maintenance Required,Available,78
14625,Fair,Maintenance,18
14626,Maintenance Required,Available,57
14627,Good,Available,79
14628,Maintenance Required,Rented,69
14629,Excellent,Available,49
14630,Excellent,Available,29
14631,Maintenance Required,Available,80
14632,Fair,Available,34
14633,Excellent,Available,11
14634,Excellent,Maintenance,64
14635,Maintenance Required,Available,18
14636,Good,Rented,18
14637,Excellent,Rented,15
14638,Fair,Rented,68
14639,Maintenance Required,Available,55
14640,Fair,Maintenance,54
14641,Excellent,Available,33
14642,Excellent,Available,24
14643,Maintenance Required,Available,28
14644,Maintenance Required,Available,75
14645,Fair,Available,55
14646,Maintenance Required,Available,54
14647,Excellent,Available,21
14648,Maintenance Required,Rented,39
14649,Excellent,Available,39
14650,Maintenance Required,Available,46
14651,Good,Available,16
14652,Excellent,Available,80
14653,Maintenance Required,Maintenance,75
14654,Excellent,Available,31
14655,Good,Maintenance,65
14656,Maintenance Required,Rented,58
14657,Good,Available,23
14658,Excellent,Available,64
14659,Fair,Available,28
14660,Good,Rented,30
14661,Fair,Maintenance,53
14662,Good,Rented,37
14663,Good,Rented,72
14664,Maintenance Required,Available,61
14665,Maintenance Required,Available,38
14666,Fair,Available,22
14667,Excellent,Maintenance,58
14668,Fair,Available,43
14669,Maintenance Required,Maintenance,73
14670,Maintenance Required,Available,33
14671,Maintenance Required,Available,59
14672,Excellent,Available,34
14673,Excellent,Rented,70
14674,Excellent,Rented,64
14675,Maintenance Required,Maintenance,12
14676,Fair,Available,76
14677,Good,Maintenance,40
14678,Maintenance Required,Available,25
14679,Fair,Rented,23
14680,Excellent,Available,6
14681,Fair,Available,22
14682,Maintenance Required,Available,35
14683,Excellent,Available,22
14684,Good,Available,57
14685,Excellent,Maintenance,50
14686,Maintenance Required,Maintenance,6
14687,Fair,Available,24
14688,Maintenance Required,Rented,32
14689,Maintenance Required,Available,51
14690,Good,Maintenance,26
14691,Good,Maintenance,73
14692,Maintenance Required,Available,13
14693,Excellent,Available,78
14694,Fair,Available,65
14695,Fair,Maintenance,75
14696,Fair,Rented,24
14697,Excellent,Available,38
14698,Excellent,Available,68
14699,Maintenance Required,Rented,35
14700,Excellent,Rented,6
14701,Maintenance Required,Maintenance,14
14702,Fair,Rented,28
14703,Excellent,Available,31
14704,Good,Rented,51
14705,Maintenance Required,Available,1
14706,Fair,Available,10
14707,Good,Available,72
14708,Excellent,Rented,51
14709,Fair,Available,32
14710,Fair,Rented,44
14711,Fair,Maintenance,37
14712,Excellent,Rented,3
14713,Good,Available,45
14714,Excellent,Available,8
14715,Fair,Available,59
14716,Fair,Maintenance,4
14717,Fair,Rented,31
14718,Excellent,Available,71
14719,Good,Rented,12
14720,Excellent,Available,63
14721,Good,Available,47
14722,Maintenance Required,Maintenance,67
14723,Good,Maintenance,18
14724,Excellent,Available,22
14725,Excellent,Available,31
14726,Maintenance Required,Available,71
14727,Excellent,Rented,6
14728,Good,Available,33
14729,Good,Maintenance,50
14730,Good,Available,33
14731,Maintenance Required,Rented,29
14732,Good,Available,6
14733,Maintenance Required,Available,49
14734,Fair,Available,76
14735,Fair,Rented,19
14736,Good,Available,23
14737,Fair,Rented,55
14738,Good,Available,20
14739,Fair,Available,29
14740,Maintenance Required,Available,21
14741,Good,Available,28
14742,Maintenance Required,Available,20
14743,Excellent,Rented,49
14744,Good,Available,46
14745,Excellent,Rented,35
14746,Excellent,Maintenance,29
14747,Excellent,Maintenance,65
14748,Good,Available,11
14749,Fair,Available,19
14750,Maintenance Required,Available,22
14751,Maintenance Required,Available,46
14752,Good,Maintenance,21
14753,Good,Available,66
14754,Good,Maintenance,4
14755,Fair,Maintenance,63
14756,Excellent,Available,71
14757,Good,Maintenance,78
14758,Maintenance Required,Rented,30
14759,Fair,Available,57
14760,Fair,Available,36
14761,Fair,Available,35
14762,Fair,Available,35
14763,Maintenance Required,Available,77
14764,Good,Rented,63
14765,Good,Available,72
14766,Good,Available,30
14767,Good,Available,69
14768,Fair,Available,63
14769,Good,Rented,58
14770,Fair,Available,70
14771,Good,Available,30
14772,Maintenance Required,Available,14
14773,Excellent,Available,28
14774,Fair,Available,54
14775,Maintenance Required,Rented,49
14776,Maintenance Required,Available,46
14777,Maintenance Required,Available,46
14778,Excellent,Available,62
14779,Excellent,Maintenance,80
14780,Good,Available,29
14781,Fair,Rented,30
14782,Fair,Available,22
14783,Excellent,Available,3
14784,Fair,Available,43
14785,Good,Available,8
14786,Excellent,Available,11
14787,Good,Available,57
14788,Good,Available,4
14789,Excellent,Rented,5
14790,Good,Available,30
14791,Excellent,Rented,56
14792,Maintenance Required,Maintenance,69
14793,Maintenance Required,Available,53
14794,Maintenance Required,Available,1
14795,Maintenance Required,Available,80
14796,Maintenance Required,Available,70
14797,Maintenance Required,Available,77
14798,Excellent,Maintenance,55
14799,Fair,Maintenance,22
14800,Excellent,Available,11
14801,Fair,Maintenance,17
14802,Good,Available,27
14803,Good,Available,2
14804,Fair,Available,57
14805,Maintenance Required,Maintenance,17
14806,Maintenance Required,Available,38
14807,Excellent,Available,17
14808,Excellent,Rented,32
14809,Good,Available,42
14810,Good,Maintenance,22
14811,Excellent,Available,51
14812,Maintenance Required,Rented,72
14813,Excellent,Available,40
14814,Excellent,Rented,44
14815,Fair,Rented,38
14816,Good,Available,43
14817,Maintenance Required,Available,80
14818,Maintenance Required,Maintenance,77
14819,Maintenance Required,Maintenance,20
14820,Excellent,Maintenance,3
14821,Excellent,Available,2
14822,Excellent,Available,59
14823,Good,Rented,24
14824,Excellent,Maintenance,6
14825,Fair,Available,65
14826,Excellent,Available,73
14827,Maintenance Required,Available,35
14828,Excellent,Available,16
14829,Good,Available,28
14830,Excellent,Available,21
14831,Good,Maintenance,35
14832,Good,Rented,19
14833,Maintenance Required,Available,16
14834,Excellent,Maintenance,11
14835,Good,Maintenance,63
14836,Good,Maintenance,80
14837,Excellent,Available,22
14838,Excellent,Available,13
14839,Excellent,Available,47
14840,Excellent,Maintenance,54
14841,Fair,Maintenance,63
14842,Excellent,Available,62
14843,Excellent,Maintenance,20
14844,Maintenance Required,Rented,57
14845,Good,Available,55
14846,Excellent,Maintenance,5
14847,Fair,Available,40
14848,Fair,Available,10
14849,Good,Rented,18
14850,Good,Available,42
14851,Excellent,Available,61
14852,Good,Available,62
14853,Maintenance Required,Rented,2
14854,Good,Available,20
14855,Maintenance Required,Available,17
14856,Fair,Available,6
14857,Good,Available,34
14858,Fair,Maintenance,64
14859,Maintenance Required,Available,28
14860,Maintenance Required,Available,10
14861,Maintenance Required,Rented,56
14862,Excellent,Rented,29
14863,Maintenance Required,Available,26
14864,Fair,Rented,20
14865,Fair,Maintenance,48
14866,Maintenance Required,Available,31
14867,Excellent,Rented,77
14868,Excellent,Available,5
14869,Excellent,Available,66
14870,Fair,Rented,19
14871,Good,Available,72
14872,Good,Available,27
14873,Maintenance Required,Available,68
14874,Fair,Available,28
14875,Good,Available,17
14876,Good,Rented,17
14877,Excellent,Available,39
14878,Fair,Available,16
14879,Good,Available,19
14880,Maintenance Required,Rented,47
14881,Maintenance Required,Rented,44
14882,Excellent,Rented,54
14883,Good,Available,14
14884,Maintenance Required,Available,16
14885,Fair,Available,31
14886,Excellent,Maintenance,16
14887,Good,Maintenance,40
14888,Good,Maintenance,69
14889,Good,Available,4
14890,Maintenance Required,Available,56
14891,Maintenance Required,Maintenance,50
14892,Good,Rented,2
14893,Maintenance Required,Available,72
14894,Fair,Available,72
14895,Maintenance Required,Rented,14
14896,Excellent,Available,55
14897,Maintenance Required,Rented,36
14898,Fair,Maintenance,71
14899,Maintenance Required,Rented,59
14900,Maintenance Required,Maintenance,39
14901,Maintenance Required,Available,21
14902,Excellent,Available,77
14903,Good,Rented,71
14904,Fair,Rented,59
14905,Fair,Maintenance,79
14906,Fair,Available,24
14907,Maintenance Required,Rented,41
14908,Fair,Available,32
14909,Good,Available,58
14910,Excellent,Available,7
14911,Maintenance Required,Maintenance,63
14912,Fair,Available,32
14913,Excellent,Available,67
14914,Good,Available,63
14915,Excellent,Available,23
14916,Fair,Available,54
14917,Good,Available,41
14918,Excellent,Available,64
14919,Good,Rented,61
14920,Maintenance Required,Maintenance,64
14921,Good,Available,71
14922,Good,Available,7
14923,Excellent,Available,25
14924,Good,Available,25
14925,Maintenance Required,Maintenance,63
14926,Excellent,Available,3
14927,Excellent,Available,17
14928,Good,Available,25
14929,Fair,Available,65
14930,Fair,Available,73
14931,Excellent,Rented,44
14932,Maintenance Required,Available,21
14933,Excellent,Available,72
14934,Good,Available,50
14935,Fair,Available,77
14936,Excellent,Rented,36
14937,Maintenance Required,Rented,50
14938,Maintenance Required,Available,35
14939,Excellent,Rented,79
14940,Excellent,Rented,42
14941,Excellent,Available,45
14942,Fair,Available,52
14943,Good,Rented,61
14944,Fair,Available,5
14945,Fair,Available,9
14946,Good,Available,47
14947,Maintenance Required,Rented,72
14948,Maintenance Required,Available,68
14949,Excellent,Maintenance,4
14950,Fair,Available,68
14951,Excellent,Rented,45
14952,Good,Available,77
14953,Maintenance Required,Available,61
14954,Excellent,Available,27
14955,Fair,Available,25
14956,Good,Rented,25
14957,Maintenance Required,Available,6
14958,Good,Rented,1
14959,Excellent,Available,53
14960,Maintenance Required,Available,5
14961,Good,Rented,58
14962,Maintenance Required,Rented,31
14963,Excellent,Available,69
14964,Maintenance Required,Maintenance,12
14965,Maintenance Required,Available,57
14966,Excellent,Available,58
14967,Maintenance Required,Available,50
14968,Fair,Available,6
14969,Good,Available,76
14970,Fair,Maintenance,75
14971,Fair,Available,25
14972,Excellent,Rented,79
14973,Fair,Maintenance,11
14974,Good,Maintenance,6
14975,Good,Rented,57
14976,Good,Available,23
14977,Fair,Rented,44
14978,Excellent,Maintenance,39
14979,Fair,Available,34
14980,Excellent,Rented,67
14981,Excellent,Available,50
14982,Good,Available,54
14983,Excellent,Rented,2
14984,Maintenance Required,Maintenance,11
14985,Excellent,Available,28
14986,Good,Rented,26
14987,Fair,Available,26
14988,Excellent,Available,23
14989,Good,Available,29
14990,Fair,Available,50
14991,Fair,Maintenance,35
14992,Maintenance Required,Available,13
14993,Fair,Rented,75
14994,Fair,Available,13
14995,Maintenance Required,Maintenance,65
14996,Fair,Maintenance,15
14997,Fair,Rented,14
14998,Fair,Available,60
14999,Fair,Maintenance,63
15000,Maintenance Required,Maintenance,13
